Fascia,Cognome e Nome,Cognome e Nome normalized,Uppercase Surname,Cognome,Nome,Genere,Ateneo,Facoltà,GSD 2024,SSD 2024,SSD 2015,SC 2015,Struttura di afferenza,Servizio prestato in altro ateneo,molteplicità,OpenAlex ID,OpenAlex Name,ORCID,H-Index,I10-Index,Works Count,Cited By Count,Institution (OpenAlex)
Ordinario,ABATE Andrea Francesco,ABATE Andrea Francesco,ABATE,Abate,Andrea Francesco,M,SALERNO,,01/INFO-01,INFO-01/A,INF/01,01/B1,Informatica,,,https://openalex.org/A5038161482,Andrea F. Abate,0000-0002-0472-0318,18.0,37.0,131.0,1883.0,University of Salerno
Associato confermato,ABBATTISTA Fabio,ABBATTISTA Fabio,ABBATTISTA,Abbattista,Fabio,M,BARI,,01/INFO-01,INFO-01/A,INF/01,01/B1,Informatica,,,https://openalex.org/A5055377934,Fabio Abbattista,0000-0003-0460-8753,11.0,12.0,56.0,324.0,University of Bari Aldo Moro
Ordinario,ACAMPORA Giovanni,ACAMPORA Giovanni,ACAMPORA,Acampora,Giovanni,M,Napoli Federico II,,01/INFO-01,INFO-01/A,INF/01,01/B1,"Fisica ""Ettore Pancini""",,,https://openalex.org/A5023375107,Giovanni Acampora,0000-0003-4082-5616,30.0,81.0,240.0,3621.0,University of Naples Federico II
Associato confermato,ACCIARO Vincenzo,ACCIARO Vincenzo,ACCIARO,Acciaro,Vincenzo,M,CHIETI-PESCARA,,01/INFO-01,INFO-01/A,INF/01,01/B1,Economia,,,https://openalex.org/A5076111709,Vincenzo Acciaro,0000-0001-5824-3935,5.0,2.0,28.0,53.0,University of Chieti-Pescara
Ordinario,ACETO Luca,ACETO Luca,ACETO,Aceto,Luca,M,Gran Sasso Science Institute,,01/INFO-01,INFO-01/A,INF/01,01/B1,Area di Informatica,,,https://openalex.org/A5041913577,Luca Aceto,0000-0002-2197-3018,30.0,115.0,402.0,4174.0,Reykjavík University
Ricercatore a t.d. - t.pieno (art. 24 c.3-a L. 240/10),ADORNETTO Carlo,ADORNETTO Carlo,ADORNETTO,Adornetto,Carlo,M,della CALABRIA,,01/INFO-01,INFO-01/A,,,MATEMATICA E INFORMATICA - DEMACS,,,https://openalex.org/A5045483261,Carlo Adornetto,0000-0002-9734-1017,3.0,1.0,16.0,46.0,University of Calabria
Associato confermato,AGOSTINI Alessandra,AGOSTINI Alessandra,AGOSTINI,Agostini,Alessandra,F,MILANO-BICOCCA,,01/INFO-01,INFO-01/A,INF/01,01/B1,"INFORMATICA, SISTEMISTICA E COMUNICAZIONE",,,https://openalex.org/A5110004806,Alessandra Agostini,,19.0,28.0,70.0,1119.0,Agenzia Regionale Prevenzione e Ambiente della Regione Emilia-Romagna
Associato,AGUZZOLI Stefano,AGUZZOLI Stefano,AGUZZOLI,Aguzzoli,Stefano,M,MILANO,,01/INFO-01,INFO-01/A,INF/01,01/B1,Informatica 'Giovanni Degli Antoni',,,https://openalex.org/A5101825075,Stefano Aguzzoli,0000-0002-7588-5048,16.0,23.0,86.0,657.0,University of Milan
Associato,AHMETOVIC Dragan,AHMETOVIC Dragan,AHMETOVIC,Ahmetovic,Dragan,M,MILANO,,01/INFO-01,INFO-01/A,INF/01,01/B1,Informatica 'Giovanni Degli Antoni',,,https://openalex.org/A5048989427,Dragan Ahmetovic,0000-0001-5745-1230,26.0,47.0,100.0,1936.0,University of Milan
Associato,AIOLLI Fabio,AIOLLI Fabio,AIOLLI,Aiolli,Fabio,M,PADOVA,,01/INFO-01,INFO-01/A,INF/01,01/B1,"MATEMATICA ""TULLIO LEVI-CIVITA"" - DM",,,https://openalex.org/A5036243123,Fabio Aiolli,0000-0002-5823-7540,20.0,47.0,125.0,1859.0,University of Padua
Associato,ALAIMO Salvatore,ALAIMO Salvatore,ALAIMO,Alaimo,Salvatore,M,CATANIA,,01/INFO-01,INFO-01/A,INF/01,01/B1,MEDICINA CLINICA E SPERIMENTALE,,,https://openalex.org/A5023263135,Salvatore Alaimo,0000-0003-4825-7617,17.0,33.0,126.0,1379.0,University of Catania
Associato,ALBERTI Marco,ALBERTI Marco,ALBERTI,Alberti,Marco,M,FERRARA,,01/INFO-01,INFO-01/A,INF/01,01/B1,Matematica e informatica,,,https://openalex.org/A5079194919,Marco Alberti,0000-0003-4712-3721,21.0,33.0,105.0,1179.0,University of Siena
Associato,ALDINI Alessandro,ALDINI Alessandro,ALDINI,Aldini,Alessandro,M,Urbino Carlo Bo,,01/INFO-01,INFO-01/A,INF/01,01/B1,Scienze Pure e Applicate (DiSPeA),,,https://openalex.org/A5044960820,Alessandro Aldini,0000-0002-7250-5011,17.0,36.0,147.0,1283.0,University of Urbino
Ordinario,ALDINUCCI Marco,ALDINUCCI Marco,ALDINUCCI,Aldinucci,Marco,M,TORINO,,01/INFO-01,INFO-01/A,INF/01,01/B1,Informatica,,,https://openalex.org/A5089092418,Marco Aldinucci,0000-0001-8788-0829,28.0,69.0,287.0,3120.0,University of Turin
Ricercatore a t.d. - t.pieno (art. 24 c.3-a L. 240/10),ALESSANDRI' Luca,ALESSANDRÌ Luca,ALESSANDRÌ,Alessandrì,Luca,M,TORINO,,01/INFO-01,INFO-01/A,INF/01,01/B1,BIOTECNOLOGIE MOLECOLARI E SCIENZE PER LA SALUTE,,,https://openalex.org/A5058272351,Luca Alessandrí,0000-0003-4678-3349,9.0,8.0,35.0,276.0,Harvard University
Associato confermato,ALESSI Fabio,ALESSI Fabio,ALESSI,Alessi,Fabio,M,UDINE,,01/INFO-01,INFO-01/A,INF/01,01/B1,"Scienze Matematiche, Informatiche e Fisiche",,,https://openalex.org/A5010809367,Fabio Alessi,,8.0,8.0,33.0,196.0,University of Udine
Associato,ALLEGRA Dario,ALLEGRA Dario,ALLEGRA,Allegra,Dario,M,CATANIA,,01/INFO-01,INFO-01/A,INF/01,01/B1,Matematica e Informatica,,,https://openalex.org/A5019181839,Dario Allegra,0000-0002-4819-5340,11.0,13.0,58.0,540.0,University of Catania
Ordinario,ALVIANO Mario,ALVIANO Mario,ALVIANO,Alviano,Mario,M,della CALABRIA,,01/INFO-01,INFO-01/A,INF/01,01/B1,Matematica e Informatica - DeMaCS,,,https://openalex.org/A5039882261,Mario Alviano,0000-0002-2052-2063,22.0,37.0,161.0,1582.0,University of Calabria
Associato,AMADINI Roberto,AMADINI Roberto,AMADINI,Amadini,Roberto,M,BOLOGNA,,01/INFO-01,INFO-01/A,INF/01,01/B1,Informatica - Scienza e Ingegneria,,,https://openalex.org/A5053873979,Roberto Amadini,0000-0003-1668-7305,13.0,18.0,61.0,469.0,University of Bologna
Ricercatore a t.d. - t.pieno (art. 24 c.3-a L. 240/10),AMATO Domenico,AMATO Domenico,AMATO,Amato,Domenico,M,PALERMO,,01/INFO-01,INFO-01/A,INF/01,01/B1,MATEMATICA E INFORMATICA,,,https://openalex.org/A5086482357,Domenico Amato,,3.0,2.0,9.0,68.0,Fondazione G.B. Bietti
Associato,AMENDOLA Giovanni,AMENDOLA Giovanni,AMENDOLA,Amendola,Giovanni,M,della CALABRIA,,01/INFO-01,INFO-01/A,INF/01,01/B1,Matematica e Informatica - DeMaCS,,,https://openalex.org/A5008408305,Giovanni Amendola,,22.0,38.0,64.0,1886.0,Policlinico Umberto I
Ricercatore a t.d. - t.pieno (art. 24 c.3-a L. 240/10),AMICO Beatrice,AMICO Beatrice,AMICO,Amico,Beatrice,F,VERONA,,01/INFO-01,INFO-01/A,INF/01,01/B1,INFORMATICA,,,https://openalex.org/A5081209808,Beatrice Amico,0009-0006-6657-3823,4.0,2.0,14.0,135.0,University of Verona
Associato confermato,AMOROSO Alessandro,AMOROSO Alessandro,AMOROSO,Amoroso,Alessandro,M,BOLOGNA,,01/INFO-01,INFO-01/A,INF/01,01/B1,Informatica - Scienza e Ingegneria,,,https://openalex.org/A5028984333,Alessandro Amoroso,,14.0,16.0,72.0,550.0,Cor Jesu College
Ricercatore a t.d. - t.pieno (art. 24 c.3-b L. 240/10),AMPARORE Elvio Gilberto,AMPARORE Elvio Gilberto,AMPARORE,Amparore,Elvio Gilberto,M,TORINO,,01/INFO-01,INFO-01/A,INF/01,01/B1,INFORMATICA,,,https://openalex.org/A5077535441,Elvio Gilberto Amparore,0000-0003-1147-8985,12.0,17.0,67.0,538.0,University of Turin
Associato,ANCONA Davide,ANCONA Davide,ANCONA,Ancona,Davide,M,GENOVA,,01/INFO-01,INFO-01/A,INF/01,01/B1,"Informatica, bioingegneria,robotica e ingegneria dei sistemi (DIBRIS)",,,https://openalex.org/A5036812254,Davide Ancona,0000-0002-6297-2011,24.0,68.0,202.0,2157.0,University of Genoa
Ricercatore,ANDREOLINI Mauro,ANDREOLINI Mauro,ANDREOLINI,Andreolini,Mauro,M,MODENA e REGGIO EMILIA,,01/INFO-01,INFO-01/A,INF/01,01/B1,"Scienze fisiche, informatiche e matematiche",,,https://openalex.org/A5039756167,Mauro Andreolini,0000-0003-3671-6927,18.0,29.0,67.0,1075.0,University of Modena and Reggio Emilia
Ricercatore a t.d. - t.pieno (art. 24 c.3-a L. 240/10),ANGILICA Denise,ANGILICA Denise,ANGILICA,Angilica,Denise,F,della CALABRIA,,01/INFO-01,INFO-01/A,INF/01,01/B1,MATEMATICA E INFORMATICA - DEMACS,,,https://openalex.org/A5075813305,Denise Angilica,0000-0002-4069-978X,2.0,0.0,5.0,9.0,University of Calabria
Ordinario,ANGLANO Cosimo Filomeno,ANGLANO Cosimo Filomeno,ANGLANO,Anglano,Cosimo Filomeno,M,PIEMONTE ORIENTALE,,01/INFO-01,INFO-01/A,INF/01,01/B1,Scienze e Innovazione Tecnologica (DISIT),,,https://openalex.org/A5060427763,Cosimo Anglano,0000-0002-0075-609X,23.0,38.0,90.0,1660.0,Università degli Studi del Piemonte Orientale “Amedeo Avogadro”
Ordinario,ANISETTI Marco,ANISETTI Marco,ANISETTI,Anisetti,Marco,M,MILANO,,01/INFO-01,INFO-01/A,INF/01,01/B1,Informatica 'Giovanni Degli Antoni',,,https://openalex.org/A5090344140,Marco Anisetti,0000-0002-5438-9467,25.0,65.0,185.0,3399.0,University of Milan
Associato,ANSELMA Luca,ANSELMA Luca,ANSELMA,Anselma,Luca,M,TORINO,,01/INFO-01,INFO-01/A,INF/01,01/B1,Informatica,,,https://openalex.org/A5043355817,Luca Anselma,0000-0003-2292-6480,13.0,19.0,80.0,712.0,University of Turin
Associato,ANSELMI Fabio,ANSELMI Fabio,ANSELMI,Anselmi,Fabio,M,TRIESTE,,01/INFO-01,INFO-01/A,INF/01,01/B1,"Matematica, Informatica e Geoscienze",,,https://openalex.org/A5079466450,Fabio Anselmi,0000-0002-0264-4761,22.0,32.0,76.0,1693.0,University of Trieste
Associato confermato,ANSELMO Marcella,ANSELMO Marcella,ANSELMO,Anselmo,Marcella,F,SALERNO,,01/INFO-01,INFO-01/A,INF/01,01/B1,Informatica,,,https://openalex.org/A5085297555,Marcella Anselmo,0000-0002-6487-8619,13.0,21.0,75.0,532.0,University of Salerno
Ricercatore a t.d. - t.pieno (art. 24 c.3-a L. 240/10),ANTELMI Alessia,ANTELMI Alessia,ANTELMI,Antelmi,Alessia,F,TORINO,,01/INFO-01,INFO-01/A,INF/01,01/B1,INFORMATICA,,,https://openalex.org/A5025069859,Alessia Antelmi,0000-0002-6366-0546,9.0,6.0,36.0,320.0,University of Turin
Ordinario,ANTONIOTTI Marco,ANTONIOTTI Marco,ANTONIOTTI,Antoniotti,Marco,M,MILANO-BICOCCA,,01/INFO-01,INFO-01/A,INF/01,01/B1,"INFORMATICA, SISTEMISTICA E COMUNICAZIONE",,,https://openalex.org/A5037919963,Marco Antoniotti,0000-0002-2823-6838,23.0,52.0,175.0,2096.0,University of Milano-Bicocca
Ricercatore a t.d. - t.pieno (art. 24 c.3-a L. 240/10),ARCERI Vincenzo,ARCERI Vincenzo,ARCERI,Arceri,Vincenzo,M,PARMA,,01/INFO-01,INFO-01/A,INF/01,01/B1,"SCIENZE MATEMATICHE, FISICHE E INFORMATICHE",,,https://openalex.org/A5011667986,Vincenzo Arceri,0000-0002-5150-0393,9.0,9.0,41.0,182.0,University of Parma
Ordinario,ARDAGNA Claudio Agostino,ARDAGNA Claudio Agostino,ARDAGNA,Ardagna,Claudio Agostino,M,MILANO,,01/INFO-01,INFO-01/A,INF/01,01/B1,Informatica 'Giovanni Degli Antoni',,,https://openalex.org/A5058453558,Claudio A. Ardagna,0000-0001-7426-4795,27.0,76.0,280.0,3253.0,University of Milan
Ordinario,ARDISSONO Liliana,ARDISSONO Liliana,ARDISSONO,Ardissono,Liliana,F,TORINO,,01/INFO-01,INFO-01/A,INF/01,01/B1,Informatica,,,https://openalex.org/A5067765334,Liliana Ardissono,0000-0002-1339-4243,28.0,60.0,198.0,3011.0,University of Turin
Associato confermato,ARMANO Giuliano,ARMANO Giuliano,ARMANO,Armano,Giuliano,M,CAGLIARI,,01/INFO-01,INFO-01/A,INF/01,01/B1,Matematica e Informatica,,,https://openalex.org/A5010844048,Giuliano Armano,0000-0002-8597-1433,20.0,38.0,187.0,1580.0,University of Cagliari
Ricercatore a t.d. - t.pieno (art. 24 c.3-a L. 240/10),ARRIGONI Viviana,ARRIGONI Viviana,ARRIGONI,Arrigoni,Viviana,F,"ROMA ""La Sapienza""",,01/INFO-01,INFO-01/A,INF/01,01/B1,INFORMATICA,,,https://openalex.org/A5014863005,Viviana Arrigoni,0000-0002-1411-9091,5.0,3.0,23.0,78.0,Sapienza University of Rome
Associato,ARTALE Alessandro,ARTALE Alessandro,ARTALE,Artale,Alessandro,M,Libera Università di BOLZANO,Ingegneria,01/INFO-01,INFO-01/A,INF/01,01/B1,FACOLTA' DI INGEGNERIA,,,https://openalex.org/A5035993641,Alessandro Artale,0000-0002-3852-9351,24.0,51.0,136.0,2718.0,Free University of Bozen-Bolzano
Associato,ASLAN Sinem,ASLAN Sinem,ASLAN,Aslan,Sinem,F,MILANO,,01/INFO-01,INFO-01/A,INF/01,01/B1,Studi Storici “Federico Chabod”,,,https://openalex.org/A5086347537,Sinem Aslan,0000-0003-0068-6551,19.0,28.0,101.0,1603.0,Intel (United States)
Ordinario,ASPERTI Andrea,ASPERTI Andrea,ASPERTI,Asperti,Andrea,M,BOLOGNA,,01/INFO-01,INFO-01/A,INF/01,01/B1,Informatica - Scienza e Ingegneria,,,https://openalex.org/A5032765727,Andrea Asperti,0000-0002-9677-6350,27.0,54.0,167.0,2776.0,University of Bologna
Ricercatore a t.d. - t.pieno (art. 24 c.3-a L. 240/10),ATIF Muhammad,ATIF Muhammad,ATIF,Atif,Muhammad,M,FIRENZE,,01/INFO-01,INFO-01/A,INF/01,01/B1,MATEMATICA E INFORMATICA “ULISSE DINI”(DIMAI),,,https://openalex.org/A5100439310,Muhammad Bilal,0000-0001-5388-3183,108.0,796.0,1590.0,50792.0,Islamia University of Bahawalpur
Associato,ATZORI Maurizio,ATZORI Maurizio,ATZORI,Atzori,Maurizio,M,CAGLIARI,,01/INFO-01,INFO-01/A,INF/01,01/B1,Matematica e Informatica,,,https://openalex.org/A5088120071,Maurizio Atzori,0000-0001-6112-7310,17.0,28.0,130.0,1534.0,Hôpital Edouard Herriot
Ricercatore a t.d. - t.pieno (art. 24 c.3-b L. 240/10),AUDRITO Giorgio,AUDRITO Giorgio,AUDRITO,Audrito,Giorgio,M,TORINO,,01/INFO-01,INFO-01/A,INF/01,01/B1,INFORMATICA,,,https://openalex.org/A5085966380,Giorgio Audrito,0000-0002-2319-0375,15.0,25.0,96.0,889.0,University of Turin
Ordinario,AULETTA Vincenzo,AULETTA Vincenzo,AULETTA,Auletta,Vincenzo,M,SALERNO,,01/INFO-01,INFO-01/A,INF/01,01/B1,Ingegneria dell'Informazione ed Elettrica e Matematica applicata,,,https://openalex.org/A5075507126,Vincenzo Auletta,0000-0002-7875-3366,19.0,38.0,102.0,1222.0,University of Salerno
Ricercatore a t.d. - t.pieno (art. 24 c.3-a L. 240/10),AURIEMMA CITARELLA Alessia,AURIEMMA CITARELLA Alessia,AURIEMMA CITARELLA,Auriemma Citarella,Alessia,F,SALERNO,,01/INFO-01,INFO-01/A,INF/01,01/B1,INFORMATICA,,,https://openalex.org/A5040887693,Alessia Auriemma Citarella,0000-0002-6525-0217,6.0,5.0,33.0,154.0,University of Salerno
Associato,AUTILI Marco,AUTILI Marco,AUTILI,Autili,Marco,M,L'AQUILA,,01/INFO-01,INFO-01/A,INF/01,01/B1,Ingegneria e scienze dell'informazione e matematica,,,https://openalex.org/A5008647250,Marco Autili,0000-0001-5951-1567,20.0,47.0,138.0,1538.0,University of L'Aquila
Ordinario,AVANZINI Federico,AVANZINI Federico,AVANZINI,Avanzini,Federico,M,MILANO,,01/INFO-01,INFO-01/A,INF/01,01/B1,Informatica 'Giovanni Degli Antoni',,,https://openalex.org/A5016525014,Federico Avanzini,0000-0002-1257-5878,26.0,57.0,250.0,2322.0,University of Milan
Associato confermato,AVELLONE Alessandro,AVELLONE Alessandro,AVELLONE,Avellone,Alessandro,M,MILANO-BICOCCA,,01/INFO-01,INFO-01/A,INF/01,01/B1,STATISTICA E METODI QUANTITATIVI,,,https://openalex.org/A5048799091,Alessandro Avellone,0000-0003-1677-1005,6.0,3.0,39.0,161.0,University of Milano-Bicocca
Associato,AVOLA Danilo,AVOLA Danilo,AVOLA,Avola,Danilo,M,"ROMA ""La Sapienza""",,01/INFO-01,INFO-01/A,INF/01,01/B1,Informatica,,,https://openalex.org/A5064758488,Danilo Avola,0000-0001-9437-6217,23.0,45.0,122.0,1766.0,Sapienza University of Rome
Ricercatore a t.d. - t.defin. (art. 24 c.3-a L. 240/10),AZZOLINI Damiano,AZZOLINI Damiano,AZZOLINI,Azzolini,Damiano,M,FERRARA,,01/INFO-01,INFO-01/A,INF/01,01/B1,SCIENZE DELL’AMBIENTE E DELLA PREVENZIONE,,,https://openalex.org/A5025413673,Damiano Azzolini,0000-0002-7133-2673,6.0,5.0,43.0,145.0,University of Ferrara
Ordinario,BABAOGLU Ozalp,BABAOGLU Ozalp,BABAOGLU,Babaoglu,Ozalp,M,BOLOGNA,,01/INFO-01,INFO-01/A,INF/01,01/B1,Informatica - Scienza e Ingegneria,,,https://openalex.org/A5018846170,Özalp Babaoğlu,0000-0001-5848-1319,32.0,82.0,156.0,5094.0,University of Bologna
Ordinario,BACCIU Davide,BACCIU Davide,BACCIU,Bacciu,Davide,M,PISA,,01/INFO-01,INFO-01/A,INF/01,01/B1,INFORMATICA,,,https://openalex.org/A5053890378,Davide Bacciu,0000-0001-5213-2468,23.0,67.0,390.0,2650.0,University of Pisa
Ordinario,BAGNARA Roberto,BAGNARA Roberto,BAGNARA,Bagnara,Roberto,M,PARMA,,01/INFO-01,INFO-01/A,INF/01,01/B1,"Scienze Matematiche, Fisiche e Informatiche",,,https://openalex.org/A5057370941,Roberto Bagnara,0000-0002-6163-6278,24.0,40.0,114.0,1883.0,University of Parma
Ordinario,BAIARDI Fabrizio Enrico Erminio,BAIARDI Fabrizio Enrico Erminio,BAIARDI,Baiardi,Fabrizio Enrico Erminio,M,PISA,,01/INFO-01,INFO-01/A,INF/01,01/B1,INFORMATICA,,,,,,,,,,
Associato,BAIOLETTI Marco,BAIOLETTI Marco,BAIOLETTI,Baioletti,Marco,M,PERUGIA,,01/INFO-01,INFO-01/A,INF/01,01/B1,MATEMATICA E INFORMATICA,,,https://openalex.org/A5058277216,Marco Baioletti,0000-0001-5630-7173,18.0,26.0,109.0,847.0,University of Perugia
Ordinario,BALDAN Paolo,BALDAN Paolo,BALDAN,Baldan,Paolo,M,PADOVA,,01/INFO-01,INFO-01/A,INF/01,01/B1,"MATEMATICA ""TULLIO LEVI-CIVITA"" - DM",,,https://openalex.org/A5031056947,Paolo Baldan,0000-0001-9357-5599,21.0,53.0,146.0,1635.0,University of Padua
Ordinario,BALDONI Matteo,BALDONI Matteo,BALDONI,Baldoni,Matteo,M,TORINO,,01/INFO-01,INFO-01/A,INF/01,01/B1,Informatica,,,https://openalex.org/A5050621300,Matteo Baldoni,0000-0002-9294-0408,25.0,71.0,264.0,2585.0,University of Turin
Ricercatore a t.d. - t.pieno (L. 79/2022),BALESTRUCCI Alessandro,BALESTRUCCI Alessandro,BALESTRUCCI,Balestrucci,Alessandro,M,"Univ. Telematica ""Universitas MERCATORUM""",Scienze tecnologiche e dell'innovazione,01/INFO-01,INFO-01/A,INF/01,01/B1,INGEGNERIA E SCIENZE,,,https://openalex.org/A5047779677,Alessandro Balestrucci,0000-0002-4674-983X,7.0,6.0,23.0,116.0,Consorzio Interuniversitario Nazionale per l'Informatica
Associato,BALLAN Lamberto,BALLAN Lamberto,BALLAN,Ballan,Lamberto,M,PADOVA,,01/INFO-01,INFO-01/A,INF/01,01/B1,"MATEMATICA ""TULLIO LEVI-CIVITA"" - DM",,,https://openalex.org/A5069395041,Lamberto Ballan,0000-0003-0819-851X,28.0,54.0,122.0,3639.0,University of Padua
Associato,BALLIS Demis,BALLIS Demis,BALLIS,Ballis,Demis,M,UDINE,,01/INFO-01,INFO-01/A,INF/01,01/B1,"Scienze Matematiche, Informatiche e Fisiche",,,https://openalex.org/A5020998049,Demis Ballis,0000-0002-1048-1739,14.0,22.0,72.0,492.0,University of Udine
Associato,BALLIU Alkida,BALLIU Alkida,BALLIU,Balliu,Alkida,F,Gran Sasso Science Institute,,01/INFO-01,INFO-01/A,INF/01,01/B1,Area di Informatica,,,https://openalex.org/A5035798037,Alkida Balliu,0000-0001-5293-8365,13.0,19.0,96.0,504.0,Gran Sasso Science Institute
Ricercatore,BALZANO Walter,BALZANO Walter,BALZANO,Balzano,Walter,M,Napoli Federico II,,01/INFO-01,INFO-01/A,INF/01,01/B1,Ingegneria Elettrica e delle Tecnologie dell'Informazione,,,https://openalex.org/A5087726862,Walter Balzano,0000-0002-8720-6655,14.0,19.0,83.0,554.0,University of Naples Federico II
Ordinario,BANDINI Stefania,BANDINI Stefania,BANDINI,Bandini,Stefania,F,MILANO-BICOCCA,,01/INFO-01,INFO-01/A,INF/01,01/B1,"INFORMATICA, SISTEMISTICA E COMUNICAZIONE",,,https://openalex.org/A5043767376,Stefania Bandini,0000-0002-7056-0543,29.0,99.0,375.0,3415.0,University of Milano-Bicocca
Ricercatore a t.d. - t.pieno (art. 24 c.3-a L. 240/10),BARALLA Gavina,BARALLA Gavina,BARALLA,Baralla,Gavina,F,CAGLIARI,,01/INFO-01,INFO-01/A,INF/01,01/B1,MATEMATICA E INFORMATICA,,,https://openalex.org/A5067605073,Gavina Baralla,0000-0002-3119-9388,10.0,11.0,26.0,664.0,University of Cagliari
Associato confermato,BARBANERA Franco,BARBANERA Franco,BARBANERA,Barbanera,Franco,M,CATANIA,,01/INFO-01,INFO-01/A,INF/01,01/B1,Matematica e Informatica,,,https://openalex.org/A5040202788,Franco Barbanera,0000-0002-8039-1085,17.0,34.0,103.0,1140.0,University of Catania
Ricercatore a t.d. - t.pieno (art. 24 c.3-a L. 240/10),BARBATO Michele,BARBATO Michele,BARBATO,Barbato,Michele,M,MILANO,,01/INFO-01,INFO-01/A,INF/01,01/B1,INFORMATICA 'GIOVANNI DEGLI ANTONI',,,https://openalex.org/A5050816364,Michele Barbato,0000-0003-0484-8191,32.0,74.0,195.0,2948.0,"University of California, Davis"
Ricercatore a t.d. - t.pieno (art. 24 c.3-a L. 240/10),BARBERO Stefano,BARBERO Stefano,BARBERO,Barbero,Stefano,M,TRENTO,,01/INFO-01,INFO-01/A,INF/01,01/B1,MATEMATICA,,,https://openalex.org/A5072417166,Stefano Barbero,0000-0003-2423-6061,7.0,4.0,74.0,184.0,Polytechnic University of Turin
Ricercatore a t.d. - t.pieno (art. 24 c.3-a L. 240/10),BARDOZZO Francesco,BARDOZZO Francesco,BARDOZZO,Bardozzo,Francesco,M,SALERNO,,01/INFO-01,INFO-01/A,INF/01,01/B1,SCIENZE AZIENDALI - MANAGEMENT & INNOVATION SYSTEMS,,,https://openalex.org/A5057927455,Francesco Bardozzo,0000-0003-0199-6623,10.0,10.0,38.0,291.0,University of Salerno
Associato,BARLA Annalisa,BARLA Annalisa,BARLA,Barla,Annalisa,F,GENOVA,,01/INFO-01,INFO-01/A,INF/01,01/B1,"Informatica, bioingegneria,robotica e ingegneria dei sistemi (DIBRIS)",,,https://openalex.org/A5003964675,Annalisa Barla,0000-0002-3436-035X,22.0,35.0,126.0,1638.0,University of Genoa
Associato confermato,BAROGLIO Cristina,BAROGLIO Cristina,BAROGLIO,Baroglio,Cristina,F,TORINO,,01/INFO-01,INFO-01/A,INF/01,01/B1,Informatica,,,https://openalex.org/A5037918126,Cristina Baroglio,0000-0002-2070-0616,23.0,52.0,215.0,1829.0,University of Turin
Ricercatore a t.d. - t.pieno (art. 24 c.3-b L. 240/10),BARRA Paola,BARRA Paola,BARRA,Barra,Paola,F,"""Parthenope"" di NAPOLI",,01/INFO-01,INFO-01/A,INF/01,01/B1,SCIENZE E TECNOLOGIE,,,https://openalex.org/A5057985784,Paola Barra,0000-0002-7692-0626,13.0,20.0,60.0,500.0,Parthenope University of Naples
Ricercatore a t.d. - t.pieno (art. 24 c.3-b L. 240/10),BARRA Silvio,BARRA Silvio,BARRA,Barra,Silvio,M,Napoli Federico II,,01/INFO-01,INFO-01/A,INF/01,01/B1,INGEGNERIA ELETTRICA E DELLE TECNOLOGIE DELL'INFORMAZIONE,,,https://openalex.org/A5041900092,Silvio Barra,0000-0003-4042-3000,18.0,32.0,82.0,1177.0,University of Naples Federico II
Associato,BARRON CEDENO Luis Alberto,BARRON CEDENO Luis Alberto,BARRON CEDENO,Barron Cedeno,Luis Alberto,M,BOLOGNA,,01/INFO-01,INFO-01/A,INF/01,01/B1,Interpretazione e Traduzione,,,https://openalex.org/A5113683886,Luis Alberto Barrón Cedeño,,2.0,1.0,3.0,26.0,St. Luke's University Health Network
Associato,BARTOLETTI Massimo,BARTOLETTI Massimo,BARTOLETTI,Bartoletti,Massimo,M,CAGLIARI,,01/INFO-01,INFO-01/A,INF/01,01/B1,Matematica e Informatica,,,https://openalex.org/A5050606239,Massimo Bartoletti,0000-0003-3796-9774,30.0,68.0,190.0,4583.0,University of Cagliari
Ordinario,BARTOLINI Novella,BARTOLINI Novella,BARTOLINI,Bartolini,Novella,F,"ROMA ""La Sapienza""",,01/INFO-01,INFO-01/A,INF/01,01/B1,Informatica,,,https://openalex.org/A5081384199,Novella Bartolini,0000-0002-1278-4549,19.0,40.0,108.0,1134.0,Sapienza University of Rome
Ricercatore a t.d. - t.pieno (art. 24 c.3-a L. 240/10),BARUZZO Giacomo,BARUZZO Giacomo,BARUZZO,Baruzzo,Giacomo,M,PADOVA,,01/INFO-01,INFO-01/A,INF/01,01/B1,INGEGNERIA DELL'INFORMAZIONE - DEI,,,https://openalex.org/A5010617664,Giacomo Baruzzo,0000-0001-6129-5007,10.0,11.0,47.0,782.0,University of Padua
Ricercatore a t.d. - t.pieno (art. 24 c.3-a L. 240/10),BASCIANI Francesco,BASCIANI Francesco,BASCIANI,Basciani,Francesco,M,Gran Sasso Science Institute,,01/INFO-01,INFO-01/A,INF/01,01/B1,Non disponibile,,,https://openalex.org/A5039406054,Francesco Basciani,0000-0002-9800-3431,8.0,8.0,39.0,250.0,Gran Sasso Science Institute
Associato,BASILE Valerio,BASILE Valerio,BASILE,Basile,Valerio,M,TORINO,,01/INFO-01,INFO-01/A,INF/01,01/B1,Informatica,,,https://openalex.org/A5071473719,Valerio Basile,0000-0001-8110-6832,34.0,71.0,157.0,4763.0,University of Messina
Ordinario,BASILI Roberto,BASILI Roberto,BASILI,Basili,Roberto,M,"ROMA ""Tor Vergata""",,01/INFO-01,INFO-01/A,INF/01,01/B1,"Ingegneria dell'Impresa ""Mario Lucertini""","ROMA ""La Sapienza"" 25%",,https://openalex.org/A5030193599,Roberto Basili,0000-0002-1213-0828,34.0,66.0,225.0,4661.0,Istituto Nazionale di Geofisica e Vulcanologia
Associato,BASILICO Nicola,BASILICO Nicola,BASILICO,Basilico,Nicola,M,MILANO,,01/INFO-01,INFO-01/A,INF/01,01/B1,Informatica 'Giovanni Degli Antoni',,,https://openalex.org/A5090235510,Nicola Basilico,0000-0002-4512-3480,23.0,58.0,120.0,2152.0,University of Milan
Ordinario,BATTIATO Sebastiano,BATTIATO Sebastiano,BATTIATO,Battiato,Sebastiano,M,CATANIA,,01/INFO-01,INFO-01/A,INF/01,01/B1,Matematica e Informatica,,,https://openalex.org/A5042746008,Sebastiano Battiato,0000-0001-6127-2470,40.0,180.0,557.0,7028.0,University of Catania
Ricercatore a t.d. - t.pieno (art. 24 c.3-a L. 240/10),BATTISTONI Pietro,BATTISTONI Pietro,BATTISTONI,Battistoni,Pietro,M,SALERNO,,01/INFO-01,INFO-01/A,INF/01,01/B1,INFORMATICA,,,https://openalex.org/A5058857584,Pietro Battistoni,0000-0002-7477-2439,8.0,8.0,31.0,199.0,University of Salerno
Ordinario,BATTITI Roberto,BATTITI Roberto,BATTITI,Battiti,Roberto,M,TRENTO,,01/INFO-01,INFO-01/A,INF/01,01/B1,Ingegneria e Scienza dell'Informazione,,,https://openalex.org/A5061026406,Roberto Battiti,0000-0002-0259-8603,37.0,74.0,189.0,9597.0,University of Trento
Associato,BECCUTI Marco,BECCUTI Marco,BECCUTI,Beccuti,Marco,M,TORINO,,01/INFO-01,INFO-01/A,INF/01,01/B1,Informatica,,,https://openalex.org/A5002392135,Marco Beccuti,0000-0001-6125-9460,26.0,67.0,209.0,4072.0,University of Turin
Ricercatore a t.d. - t.pieno (art. 24 c.3-a L. 240/10),BECKER Ruben Simon,BECKER Ruben Simon,BECKER,Becker,Ruben Simon,M,"""Ca' Foscari"" VENEZIA",,01/INFO-01,INFO-01/A,INF/01,01/B1,"SCIENZE AMBIENTALI, INFORMATICA E STATISTICA",,,,,,,,,,
Ordinario,BELLA Giampaolo,BELLA Giampaolo,BELLA,Bella,Giampaolo,M,CATANIA,,01/INFO-01,INFO-01/A,INF/01,01/B1,Scienze Politiche e Sociali,,,https://openalex.org/A5051511023,Giampaolo Bella,0000-0002-7615-8643,22.0,48.0,271.0,1841.0,University of Catania
Associato,BELLANDI Valerio,BELLANDI Valerio,BELLANDI,Bellandi,Valerio,M,MILANO,,01/INFO-01,INFO-01/A,INF/01,01/B1,Informatica 'Giovanni Degli Antoni',,,https://openalex.org/A5052021169,Valerio Bellandi,0000-0003-4473-6258,17.0,30.0,121.0,1122.0,University of Milan
Ricercatore a t.d. - t.pieno (L. 79/2022),BELLAVIA Fabio,BELLAVIA Fabio,BELLAVIA,Bellavia,Fabio,M,PALERMO,,01/INFO-01,INFO-01/A,INF/01,01/B1,MATEMATICA E INFORMATICA,,,https://openalex.org/A5011886038,Fabio Bellavia,0000-0002-1688-8476,16.0,20.0,56.0,697.0,University of Palermo
Associato confermato,BELLETTINI Carlo Nicola Maria,BELLETTINI Carlo Nicola Maria,BELLETTINI,Bellettini,Carlo Nicola Maria,M,MILANO,,01/INFO-01,INFO-01/A,INF/01,01/B1,Informatica 'Giovanni Degli Antoni',,,,,,,,,,
Ricercatore a t.d. - t.pieno (L. 79/2022),BENA Nicola,BENA Nicola,BENA,Bena,Nicola,M,MILANO,,01/INFO-01,INFO-01/A,,,INFORMATICA 'GIOVANNI DEGLI ANTONI',,,https://openalex.org/A5046305434,Nicola Bena,0000-0003-4909-9892,7.0,4.0,34.0,116.0,University of Milan
Associato confermato,BENERECETTI Massimo,BENERECETTI Massimo,BENERECETTI,Benerecetti,Massimo,M,Napoli Federico II,,01/INFO-01,INFO-01/A,INF/01,01/B1,Ingegneria Elettrica e delle Tecnologie dell'Informazione,,,https://openalex.org/A5048258273,Massimo Benerecetti,0000-0003-4664-6061,15.0,29.0,91.0,947.0,University of Naples Federico II
Ordinario,BERARDI Stefano,BERARDI Stefano,BERARDI,Berardi,Stefano,M,TORINO,,01/INFO-01,INFO-01/A,INF/01,01/B1,Informatica,,,https://openalex.org/A5017026543,Stefano Berardi,,13.0,25.0,110.0,904.0,University of Turin
Ordinario,BERGADANO Francesco,BERGADANO Francesco,BERGADANO,Bergadano,Francesco,M,TORINO,,01/INFO-01,INFO-01/A,INF/01,01/B1,Informatica,,,https://openalex.org/A5086645267,Francesco Bergadano,0000-0003-2567-336X,24.0,45.0,126.0,2467.0,University of Turin
Associato,BERGENTI Federico,BERGENTI Federico,BERGENTI,Bergenti,Federico,M,PARMA,,01/INFO-01,INFO-01/A,INF/01,01/B1,Ingegneria dei Sistemi e delle Tecnologie Industriali,,,https://openalex.org/A5012267862,Federico Bergenti,0000-0002-4756-4765,25.0,52.0,200.0,2446.0,University of Parma
Associato,BERNARDI Raffaella,BERNARDI Raffaella,BERNARDI,Bernardi,Raffaella,F,Libera Università di BOLZANO,Ingegneria,01/INFO-01,INFO-01/A,INF/01,01/B1,FACOLTA' DI INGEGNERIA,,,https://openalex.org/A5020020314,Raffaella Bernardi,0000-0002-3423-1208,22.0,42.0,148.0,3604.0,University of Trento
Ricercatore,BERNARDINELLO Luca,BERNARDINELLO Luca,BERNARDINELLO,Bernardinello,Luca,M,MILANO-BICOCCA,,01/INFO-01,INFO-01/A,INF/01,01/B1,"INFORMATICA, SISTEMISTICA E COMUNICAZIONE",,,https://openalex.org/A5071166273,Luca Bernardinello,0000-0002-0639-7593,13.0,15.0,85.0,866.0,University of Milano-Bicocca
Ricercatore a t.d. - t.pieno (L. 79/2022),BERNARDINI Giulia,BERNARDINI Giulia,BERNARDINI,Bernardini,Giulia,F,MILANO,,01/INFO-01,INFO-01/A,,,INFORMATICA 'GIOVANNI DEGLI ANTONI',,,https://openalex.org/A5091423910,Giulia Bernardini,0000-0003-0016-0728,32.0,78.0,123.0,3015.0,University of Siena
Ordinario,BERNARDO Marco,BERNARDO Marco,BERNARDO,Bernardo,Marco,M,Urbino Carlo Bo,,01/INFO-01,INFO-01/A,INF/01,01/B1,Scienze Pure e Applicate (DiSPeA),,,https://openalex.org/A5090241572,Marco Bernardo,0000-0003-0267-6170,26.0,62.0,195.0,2520.0,University of Urbino
Associato,BERNASCONI Anna,BERNASCONI Anna,BERNASCONI,Bernasconi,Anna,F,PISA,,01/INFO-01,INFO-01/A,INF/01,01/B1,INFORMATICA,,,https://openalex.org/A5078800193,Anna Bernasconi,0000-0001-8016-5750,16.0,30.0,128.0,1678.0,Fondazione IRCCS Istituto Nazionale dei Tumori
Ricercatore a t.d. - t.pieno (art. 24 c.3-a L. 240/10),BERNASCONI Eleonora,BERNASCONI Eleonora,BERNASCONI,Bernasconi,Eleonora,F,BARI,,01/INFO-01,INFO-01/A,INF/01,01/B1,INFORMATICA,,,https://openalex.org/A5041731635,Eleonora Bernasconi,0000-0003-3142-3084,4.0,0.0,27.0,53.0,University of Bari Aldo Moro
Ricercatore,BERNINI Antonio,BERNINI Antonio,BERNINI,Bernini,Antonio,M,FIRENZE,,01/INFO-01,INFO-01/A,INF/01,01/B1,Matematica e Informatica “Ulisse Dini”(DIMAI),,,https://openalex.org/A5102981770,Antonio Bernini,0000-0002-5363-7756,11.0,13.0,57.0,299.0,University of Florence
Ricercatore a t.d. - t.defin. (art. 24 c.3-a L. 240/10),BERTAGNON Alessandro,BERTAGNON Alessandro,BERTAGNON,Bertagnon,Alessandro,M,FERRARA,,01/INFO-01,INFO-01/A,INF/01,01/B1,SCIENZE DELL’AMBIENTE E DELLA PREVENZIONE,,,https://openalex.org/A5041710428,Alessandro Bertagnon,0000-0003-2390-0629,3.0,0.0,11.0,24.0,University of Ferrara
Ricercatore a t.d. - t.pieno (art. 24 c.3-a L. 240/10),BERTINI Flavio,BERTINI Flavio,BERTINI,Bertini,Flavio,M,PARMA,,01/INFO-01,INFO-01/A,INF/01,01/B1,"SCIENZE MATEMATICHE, FISICHE E INFORMATICHE",,,https://openalex.org/A5020277007,Flavio Bertini,0000-0001-6925-5712,11.0,14.0,59.0,569.0,University of Parma
Ordinario,BERTOGNA Marko,BERTOGNA Marko,BERTOGNA,Bertogna,Marko,M,MODENA e REGGIO EMILIA,,01/INFO-01,INFO-01/A,INF/01,01/B1,"Scienze fisiche, informatiche e matematiche",,,https://openalex.org/A5106522626,Marko Bertogna,0000-0003-2115-4853,36.0,74.0,173.0,3741.0,University of Modena and Reggio Emilia
Associato,BESOZZI Daniela,BESOZZI Daniela,BESOZZI,Besozzi,Daniela,F,MILANO-BICOCCA,,01/INFO-01,INFO-01/A,INF/01,01/B1,"INFORMATICA, SISTEMISTICA E COMUNICAZIONE",,,https://openalex.org/A5072712347,Daniela Besozzi,0000-0001-5532-3059,25.0,53.0,171.0,2582.0,University of Milano-Bicocca
Ricercatore a t.d. - t.pieno (art. 24 c.3-a L. 240/10),BETTI Alessandro,BETTI Alessandro,BETTI,Betti,Alessandro,M,Scuola IMT Alti Studi LUCCA,Altre Strutture,01/INFO-01,INFO-01/A,INF/01,01/B1,Non disponibile,,,https://openalex.org/A5103218835,Alessandro Betti,0000-0003-2946-7985,7.0,7.0,16.0,497.0,Ospedale di Livorno
Ricercatore a t.d. - t.pieno (art. 24 c.3-b L. 240/10),BETTI SORBELLI Francesco,BETTI SORBELLI Francesco,BETTI SORBELLI,Betti Sorbelli,Francesco,M,PERUGIA,,01/INFO-01,INFO-01/A,INF/01,01/B1,MATEMATICA E INFORMATICA,,,https://openalex.org/A5080004660,Francesco Betti Sorbelli,0000-0003-0450-2721,15.0,27.0,72.0,684.0,University of Perugia
Ordinario,BETTINI Claudio,BETTINI Claudio,BETTINI,Bettini,Claudio,M,MILANO,,01/INFO-01,INFO-01/A,INF/01,01/B1,Informatica 'Giovanni Degli Antoni',,,https://openalex.org/A5010533347,Cláudio Bettini,0000-0002-1727-7650,40.0,98.0,270.0,6898.0,University of Milan
Associato,BETTINI Lorenzo,BETTINI Lorenzo,BETTINI,Bettini,Lorenzo,M,FIRENZE,,01/INFO-01,INFO-01/A,INF/01,01/B1,"Statistica, Informatica e Applicazioni 'G.Parenti' (DISIA)",,,https://openalex.org/A5083629281,Lorenzo Bettini,0000-0002-4481-8096,20.0,45.0,132.0,2323.0,University of Florence
Associato,BEYAN Cigdem,BEYAN Cigdem,BEYAN,Beyan,Cigdem,F,VERONA,,01/INFO-01,INFO-01/A,INF/01,01/B1,Informatica,,,https://openalex.org/A5057859690,Cigdem Beyan,0000-0002-9583-0087,20.0,35.0,84.0,1299.0,University of Verona
Associato,BIANCHESSI Nicola,BIANCHESSI Nicola,BIANCHESSI,Bianchessi,Nicola,M,MILANO,,01/INFO-01,INFO-01/A,INF/01,01/B1,Informatica 'Giovanni Degli Antoni',,,https://openalex.org/A5008345973,Nicola Bianchessi,0000-0002-5722-5476,19.0,29.0,47.0,1501.0,University of Milan
Associato,BIANCHI Luigi,BIANCHI Luigi,BIANCHI,Bianchi,Luigi,M,"ROMA ""Tor Vergata""",,01/INFO-01,INFO-01/A,INF/01,01/B1,Ingegneria Civile e Ingegneria Informatica,,,https://openalex.org/A5055955632,Luigi Bianchi,0000-0001-8724-9092,34.0,65.0,141.0,5481.0,University of Rome Tor Vergata
Ricercatore a t.d. - t.pieno (art. 24 c.3-a L. 240/10),BIANCHI Matteo,BIANCHI Matteo,BIANCHI,Bianchi,Matteo,M,MILANO,,01/INFO-01,INFO-01/A,INF/01,01/B1,INFORMATICA 'GIOVANNI DEGLI ANTONI',,,https://openalex.org/A5004273214,Matteo Bianchi,0000-0003-4747-1697,43.0,119.0,360.0,5438.0,Piaggio (Italy)
Associato,BIANCO Simone,BIANCO Simone,BIANCO,Bianco,Simone,M,MILANO-BICOCCA,,01/INFO-01,INFO-01/A,INF/01,01/B1,"INFORMATICA, SISTEMISTICA E COMUNICAZIONE",,,https://openalex.org/A5013570285,Simone Bianco,0000-0002-7070-1545,34.0,78.0,216.0,4603.0,University of Milano-Bicocca
Ricercatore a t.d. - t.pieno (L. 79/2022),BIGGIO Luca,BIGGIO Luca,BIGGIO,Biggio,Luca,M,Bocconi MILANO,Economia,01/INFO-01,INFO-01/A,INF/01,01/B1,SCIENZE DELLA COMPUTAZIONE - DEPARTMENT OF COMPUTING SCIENCES (DCS),,,https://openalex.org/A5025748201,Luca Biggio,0000-0003-4903-727X,7.0,7.0,31.0,328.0,Swiss Center for Electronics and Microtechnology (Switzerland)
Associato,BILO' Davide,BILÒ Davide,BILÒ,Bilò,Davide,M,L'AQUILA,,01/INFO-01,INFO-01/A,INF/01,01/B1,Ingegneria e scienze dell'informazione e matematica,,,https://openalex.org/A5042522865,Davide Bilò,0000-0003-3169-4300,15.0,26.0,157.0,759.0,University of Sassari
Associato,BILO' Vittorio,BILÒ Vittorio,BILÒ,Bilò,Vittorio,M,SALENTO,,01/INFO-01,INFO-01/A,INF/01,01/B1,Matematica e Fisica Ennio De Giorgi,,,https://openalex.org/A5027632307,Vittorio Bilò,0000-0001-7848-4904,21.0,47.0,155.0,1382.0,University of Salento
Ricercatore a t.d. - t.pieno (art. 24 c.3-a L. 240/10),BILOTTA Stefano,BILOTTA Stefano,BILOTTA,Bilotta,Stefano,M,FIRENZE,,01/INFO-01,INFO-01/A,INF/01,01/B1,MATEMATICA E INFORMATICA “ULISSE DINI”(DIMAI),,,https://openalex.org/A5032543236,Stefano Bilotta,0000-0002-6947-762X,12.0,16.0,78.0,389.0,University of Florence
Associato,BINI Enrico,BINI Enrico,BINI,Bini,Enrico,M,TORINO,,01/INFO-01,INFO-01/A,INF/01,01/B1,Informatica,,,https://openalex.org/A5067618738,Enrico Bini,0000-0001-9205-584X,29.0,69.0,135.0,4063.0,University of Turin
Ricercatore a t.d. - t.pieno (art. 24 c.3-b L. 240/10),BIOGLIO Livio,BIOGLIO Livio,BIOGLIO,Bioglio,Livio,M,TORINO,,01/INFO-01,INFO-01/A,INF/01,01/B1,STUDI UMANISTICI,,,https://openalex.org/A5060722496,Livio Bioglio,0000-0002-4112-067X,10.0,12.0,42.0,506.0,University of Turin
Ricercatore a t.d. - t.pieno (art. 24 c.3-b L. 240/10),BIOGLIO Valerio,BIOGLIO Valerio,BIOGLIO,Bioglio,Valerio,M,TORINO,,01/INFO-01,INFO-01/A,INF/01,01/B1,INFORMATICA,,,https://openalex.org/A5069103194,Valerio Bioglio,0000-0001-8418-5986,20.0,30.0,101.0,1578.0,University of Turin
Ricercatore a t.d. - t.pieno (art. 24 c.3-b L. 240/10),BIRKE Robert Rene' Maria,BIRKE Robert Renè Maria,BIRKE,Birke,Robert Renè Maria,M,TORINO,,01/INFO-01,INFO-01/A,INF/01,01/B1,INFORMATICA,,,https://openalex.org/A5000838509,Robert Birke,0000-0003-1144-3707,23.0,52.0,189.0,2098.0,University of Turin
Ricercatore a t.d. - t.pieno (art. 24 c.3-b L. 240/10),BISOGNI Carmen,BISOGNI Carmen,BISOGNI,Bisogni,Carmen,F,SALERNO,,01/INFO-01,INFO-01/A,INF/01,01/B1,INFORMATICA,,,https://openalex.org/A5018403922,Carmen Bisogni,0000-0003-1358-006X,17.0,24.0,60.0,809.0,University of Salerno
Ordinario,BISTARELLI Stefano,BISTARELLI Stefano,BISTARELLI,Bistarelli,Stefano,M,PERUGIA,,01/INFO-01,INFO-01/A,INF/01,01/B1,MATEMATICA E INFORMATICA,,,https://openalex.org/A5015618878,Stefano Bistarelli,0000-0001-7411-9678,26.0,83.0,317.0,3851.0,University of Perugia
Ordinario,BLUNDO Carlo,BLUNDO Carlo,BLUNDO,Blundo,Carlo,M,SALERNO,,01/INFO-01,INFO-01/A,INF/01,01/B1,Scienze Aziendali - Management & Innovation Systems,,,https://openalex.org/A5022225365,Carlo Blundo,0000-0002-8225-3401,40.0,88.0,210.0,7067.0,Carlo Forlanini Hospital
Associato,BOCCA GARETTO Michele Paolo,BOCCA GARETTO Michele Paolo,BOCCA GARETTO,Bocca Garetto,Michele Paolo,M,TORINO,,01/INFO-01,INFO-01/A,INF/01,01/B1,Informatica,,,,,,,,,,
Ricercatore a t.d. - t.pieno (art. 24 c.3-a L. 240/10),BOCCI Alessandro,BOCCI Alessandro,BOCCI,Bocci,Alessandro,M,PISA,,01/INFO-01,INFO-01/A,INF/01,01/B1,INFORMATICA,,,https://openalex.org/A5085572946,Alessandro Bocci,,3.0,3.0,443.0,54.0,Sapienza University of Rome
Associato confermato,BODEI Chiara,BODEI Chiara,BODEI,Bodei,Chiara,F,PISA,,01/INFO-01,INFO-01/A,INF/01,01/B1,INFORMATICA,,,https://openalex.org/A5074423047,Chiara Bodei,0000-0002-0586-9333,15.0,31.0,116.0,1165.0,University of Pisa
Ordinario,BOELLA Guido,BOELLA Guido,BOELLA,Boella,Guido,M,TORINO,,01/INFO-01,INFO-01/A,INF/01,01/B1,Informatica,,,https://openalex.org/A5034537294,Guido Boella,0000-0001-8804-3379,35.0,146.0,433.0,5311.0,University of Turin
Ricercatore a t.d. - t.pieno (L. 79/2022),BOFFA Stefania,BOFFA Stefania,BOFFA,Boffa,Stefania,F,IULM - MILANO,Comunicazione,01/INFO-01,INFO-01/A,,,"BUSINESS, LAW, ECONOMICS AND CONSUMER BEHAVIOUR -BUSINESS, DIRITTO, ECONOMIA E CONSUMI",,,https://openalex.org/A5059265557,Stefania Boffa,0000-0002-4171-3459,7.0,4.0,41.0,141.0,University of Milano-Bicocca
Ordinario,BOLDI Paolo,BOLDI Paolo,BOLDI,Boldi,Paolo,M,MILANO,,01/INFO-01,INFO-01/A,INF/01,01/B1,Informatica 'Giovanni Degli Antoni',,,https://openalex.org/A5038842358,Paolo Boldi,0000-0002-8297-6255,37.0,75.0,219.0,7524.0,University of Milan
Ordinario,BONACINA Maria Paola,BONACINA Maria Paola,BONACINA,Bonacina,Maria Paola,F,VERONA,,01/INFO-01,INFO-01/A,INF/01,01/B1,Informatica,,,https://openalex.org/A5082604888,Maria Paola Bonacina,0000-0001-9104-2692,19.0,40.0,117.0,1357.0,University of Verona
Ordinario,BONATTI Piero Andrea,BONATTI Piero Andrea,BONATTI,Bonatti,Piero Andrea,M,Napoli Federico II,,01/INFO-01,INFO-01/A,INF/01,01/B1,Ingegneria Elettrica e delle Tecnologie dell'Informazione,,,https://openalex.org/A5046243825,Piero A. Bonatti,0000-0003-1436-5660,35.0,89.0,193.0,5281.0,University of Naples Federico II
Associato confermato,BONCHI Filippo,BONCHI Filippo,BONCHI,Bonchi,Filippo,M,PISA,,01/INFO-01,INFO-01/A,INF/01,01/B1,INFORMATICA,,,https://openalex.org/A5004609161,Filippo Bonchi,0000-0002-3433-723X,26.0,63.0,179.0,2119.0,University of Pisa
Ordinario,BONDAVALLI Andrea,BONDAVALLI Andrea,BONDAVALLI,Bondavalli,Andrea,M,FIRENZE,,01/INFO-01,INFO-01/A,INF/01,01/B1,Matematica e Informatica “Ulisse Dini”(DIMAI),,,https://openalex.org/A5016669256,Andrea Bondavalli,0000-0001-7366-6530,31.0,119.0,384.0,3861.0,University of Florence
Ricercatore a t.d. - t.pieno (art. 24 c.3-a L. 240/10),BONDIELLI Alessandro,BONDIELLI Alessandro,BONDIELLI,Bondielli,Alessandro,M,PISA,,01/INFO-01,INFO-01/A,,,INFORMATICA,,,https://openalex.org/A5086408407,Alessandro Bondielli,0000-0003-3426-6643,6.0,4.0,30.0,638.0,University of Pisa
Associato,BONIFACI Vincenzo,BONIFACI Vincenzo,BONIFACI,Bonifaci,Vincenzo,M,ROMA TRE,,01/INFO-01,INFO-01/A,INF/01,01/B1,Matematica e Fisica,,,https://openalex.org/A5039816271,Vincenzo Bonifaci,0000-0001-9038-6901,26.0,50.0,100.0,2638.0,Roma Tre University
Ordinario,BONIZZONI Paola,BONIZZONI Paola,BONIZZONI,Bonizzoni,Paola,F,MILANO-BICOCCA,,01/INFO-01,INFO-01/A,INF/01,01/B1,"INFORMATICA, SISTEMISTICA E COMUNICAZIONE",,,https://openalex.org/A5038691764,Paola Bonizzoni,0000-0001-7289-4988,26.0,68.0,226.0,2103.0,University of Milano-Bicocca
Associato,BONNICI Vincenzo,BONNICI Vincenzo,BONNICI,Bonnici,Vincenzo,M,PARMA,,01/INFO-01,INFO-01/A,INF/01,01/B1,"Scienze Matematiche, Fisiche e Informatiche",,,https://openalex.org/A5058658234,Vincenzo Bonnici,0000-0002-1637-7545,14.0,16.0,82.0,764.0,University of Parma
Associato confermato,BONO Viviana,BONO Viviana,BONO,Bono,Viviana,F,TORINO,,01/INFO-01,INFO-01/A,INF/01,01/B1,Informatica,,,https://openalex.org/A5075230989,Viviana Bono,0000-0002-2533-0511,18.0,29.0,87.0,1306.0,University of Turin
Ordinario,BONONI Luciano,BONONI Luciano,BONONI,Bononi,Luciano,M,BOLOGNA,,01/INFO-01,INFO-01/A,INF/01,01/B1,Informatica - Scienza e Ingegneria,,,https://openalex.org/A5066722972,Luciano Bononi,0000-0002-3460-6452,34.0,99.0,187.0,3978.0,University of Bologna
Associato,BORATTO Ludovico,BORATTO Ludovico,BORATTO,Boratto,Ludovico,M,CAGLIARI,,01/INFO-01,INFO-01/A,INF/01,01/B1,Matematica e Informatica,,,https://openalex.org/A5008065624,Ludovico Boratto,0000-0002-6053-3015,27.0,56.0,223.0,2100.0,University of Cagliari
Ordinario,BOREALE Michele,BOREALE Michele,BOREALE,Boreale,Michele,M,FIRENZE,,01/INFO-01,INFO-01/A,INF/01,01/B1,"Statistica, Informatica e Applicazioni 'G.Parenti' (DISIA)",,,https://openalex.org/A5078624552,Michele Boreale,0000-0002-1972-7491,23.0,48.0,120.0,1965.0,University of Florence
Ordinario,BORGHESE Nunzio Alberto,BORGHESE Nunzio Alberto,BORGHESE,Borghese,Nunzio Alberto,M,MILANO,,01/INFO-01,INFO-01/A,INF/01,01/B1,Informatica 'Giovanni Degli Antoni',,,https://openalex.org/A5001947622,N. Alberto Borghese,0000-0002-0925-3448,35.0,90.0,242.0,4411.0,University of Milan
Ricercatore a t.d. - t.defin. (art. 24 c.3-a L. 240/10),BORROTO SANTANA Manuel Alejandro,BORROTO SANTANA Manuel Alejandro,BORROTO SANTANA,Borroto Santana,Manuel Alejandro,M,della CALABRIA,,01/INFO-01,INFO-01/A,INF/01,01/B1,MATEMATICA E INFORMATICA - DEMACS,,,,,,,,,,
Ordinario,BORTOLUSSI Luca,BORTOLUSSI Luca,BORTOLUSSI,Bortolussi,Luca,M,TRIESTE,,01/INFO-01,INFO-01/A,INF/01,01/B1,"Matematica, Informatica e Geoscienze",,,https://openalex.org/A5060744592,Luca Bortolussi,0000-0001-8874-4001,26.0,72.0,303.0,2586.0,University of Trieste
Associato,BOSCO Cristina,BOSCO Cristina,BOSCO,Bosco,Cristina,F,TORINO,,01/INFO-01,INFO-01/A,INF/01,01/B1,Informatica,,,https://openalex.org/A5029663653,Cristina Bosco,0000-0002-8857-4484,29.0,77.0,184.0,4257.0,University of Turin
Ricercatore,BOSIN Andrea,BOSIN Andrea,BOSIN,Bosin,Andrea,M,CAGLIARI,,01/INFO-01,INFO-01/A,INF/01,01/B1,Fisica,,,https://openalex.org/A5027929641,Andrea Bosin,0000-0001-6300-5712,14.0,27.0,127.0,852.0,University of Cagliari
Associato confermato,BOTTA Marco,BOTTA Marco,BOTTA,Botta,Marco,M,TORINO,,01/INFO-01,INFO-01/A,INF/01,01/B1,Informatica,,,https://openalex.org/A5011448484,Marco Botta,0000-0003-2747-8517,20.0,34.0,159.0,1200.0,University of Turin
Straordinario tempo determinato,BOTTERI Riccardo,BOTTERI Riccardo,BOTTERI,Botteri,Riccardo,M,"Univ. Telematica ""E-CAMPUS""",Giurisprudenza,01/INFO-01,INFO-01/A,INF/01,01/B1,Non disponibile,,,,,,,,,,
Ordinario,BOTTONI Paolo Gaspare,BOTTONI Paolo Gaspare,BOTTONI,Bottoni,Paolo Gaspare,M,"ROMA ""La Sapienza""",,01/INFO-01,INFO-01/A,INF/01,01/B1,Informatica,,,,,,,,,,
Ricercatore a t.d. - t.pieno (art. 24 c.3-a L. 240/10),BOTTONI Simone,BOTTONI Simone,BOTTONI,Bottoni,Simone,M,INSUBRIA,,01/INFO-01,INFO-01/A,INF/01,,SCIENZE TEORICHE E APPLICATE,,,https://openalex.org/A5062872185,S. Bottoni,0000-0003-2249-4825,23.0,50.0,168.0,1698.0,University of Milan
Associato,BOTTRIGHI Alessio,BOTTRIGHI Alessio,BOTTRIGHI,Bottrighi,Alessio,M,PIEMONTE ORIENTALE,,01/INFO-01,INFO-01/A,INF/01,01/B1,Scienze e Innovazione Tecnologica (DISIT),,,https://openalex.org/A5012918421,Alessio Bottrighi,0000-0001-9291-128X,15.0,26.0,94.0,826.0,Università degli Studi del Piemonte Orientale “Amedeo Avogadro”
Ricercatore a t.d. - t.pieno (art. 24 c.3-a L. 240/10),BOZZELLI Laura,BOZZELLI Laura,BOZZELLI,Bozzelli,Laura,F,Napoli Federico II,,01/INFO-01,INFO-01/A,INF/01,01/B1,INGEGNERIA ELETTRICA E DELLE TECNOLOGIE DELL'INFORMAZIONE,,,https://openalex.org/A5086034910,Laura Bozzelli,,16.0,31.0,117.0,856.0,University of Naples Federico II
Associato confermato,BRACCIALI Andrea,BRACCIALI Andrea,BRACCIALI,Bracciali,Andrea,M,TORINO,,01/INFO-01,INFO-01/A,INF/01,01/B1,Informatica,,,https://openalex.org/A5060855898,Andrea Bracciali,0000-0003-1451-9260,16.0,28.0,96.0,1323.0,University of Turin
Ricercatore,BRAGHIN Chiara,BRAGHIN Chiara,BRAGHIN,Braghin,Chiara,F,MILANO,,01/INFO-01,INFO-01/A,INF/01,01/B1,Informatica 'Giovanni Degli Antoni',,,https://openalex.org/A5071425851,Chiara Braghin,0000-0002-9756-4675,12.0,16.0,51.0,411.0,University of Milan
Ordinario,BRAVETTI Mario,BRAVETTI Mario,BRAVETTI,Bravetti,Mario,M,BOLOGNA,,01/INFO-01,INFO-01/A,INF/01,01/B1,Informatica - Scienza e Ingegneria,,,https://openalex.org/A5066677397,Mario Bravetti,0000-0001-5193-2914,27.0,49.0,158.0,2055.0,University of Bologna
Associato,BRESOLIN Davide,BRESOLIN Davide,BRESOLIN,Bresolin,Davide,M,PADOVA,,01/INFO-01,INFO-01/A,INF/01,01/B1,"MATEMATICA ""TULLIO LEVI-CIVITA"" - DM",,,https://openalex.org/A5087985917,Davide Bresolin,0000-0003-2253-9878,20.0,45.0,108.0,1347.0,University of Padua
Associato,BRESSAN Marco,BRESSAN Marco,BRESSAN,Bressan,Marco,M,MILANO,,01/INFO-01,INFO-01/A,INF/01,01/B1,Informatica 'Giovanni Degli Antoni',,,https://openalex.org/A5041614328,Marco Bressan,0000-0001-5211-2264,19.0,30.0,120.0,1352.0,University of Milan
Ricercatore a t.d. - t.pieno (art. 24 c.3-a L. 240/10),BREVE Bernardo,BREVE Bernardo,BREVE,Breve,Bernardo,M,Napoli Federico II,,01/INFO-01,INFO-01/A,INF/01,01/B1,INGEGNERIA ELETTRICA E DELLE TECNOLOGIE DELL'INFORMAZIONE,,,https://openalex.org/A5053217941,Bernardo Breve,0000-0002-3898-7512,7.0,5.0,28.0,172.0,University of Salerno
Ricercatore a t.d. - t.pieno (L. 79/2022),BRIGHENTE Alessandro,BRIGHENTE Alessandro,BRIGHENTE,Brighente,Alessandro,M,PADOVA,,01/INFO-01,INFO-01/A,,,"MATEMATICA ""TULLIO LEVI-CIVITA"" - DM",,,https://openalex.org/A5070886054,Alessandro Brighente,0000-0001-6138-2995,10.0,11.0,126.0,480.0,University of Padua
Associato,BRIOLA Daniela,BRIOLA Daniela,BRIOLA,Briola,Daniela,F,MILANO-BICOCCA,,01/INFO-01,INFO-01/A,INF/01,01/B1,"INFORMATICA, SISTEMISTICA E COMUNICAZIONE",,,https://openalex.org/A5076033814,Daniela Briola,0000-0003-1994-8929,10.0,10.0,67.0,285.0,University of Milano-Bicocca
Associato,BRODO Linda,BRODO Linda,BRODO,Brodo,Linda,F,SASSARI,,01/INFO-01,INFO-01/A,INF/01,01/B1,Scienze Economiche e Aziendali,,,https://openalex.org/A5060034388,Linda Brodo,0000-0002-4455-2419,11.0,14.0,54.0,315.0,University of Sassari
Ordinario,BROGI Antonio,BROGI Antonio,BROGI,Brogi,Antonio,M,PISA,,01/INFO-01,INFO-01/A,INF/01,01/B1,INFORMATICA,,,https://openalex.org/A5046300674,Antonio Brogi,0000-0003-2048-2468,31.0,107.0,370.0,5171.0,University of Pisa
Ricercatore,BRUNATO Mauro,BRUNATO Mauro,BRUNATO,Brunato,Mauro,M,TRENTO,,01/INFO-01,INFO-01/A,INF/01,01/B1,Ingegneria e Scienza dell'Informazione,,,https://openalex.org/A5085078006,Mauro Brunato,0000-0002-7885-4255,17.0,26.0,77.0,1640.0,University of Trento
Ricercatore a t.d. - t.pieno (art. 24 c.3-b L. 240/10),BRUNELLO Andrea,BRUNELLO Andrea,BRUNELLO,Brunello,Andrea,M,UDINE,,01/INFO-01,INFO-01/A,INF/01,01/B1,STUDI UMANISTICI E DEL PATRIMONIO CULTURALE,,,https://openalex.org/A5084062073,Andrea Brunello,0000-0003-2063-218X,9.0,9.0,45.0,315.0,University of Udine
Associato,BRUNETTI Sara,BRUNETTI Sara,BRUNETTI,Brunetti,Sara,F,SIENA,,01/INFO-01,INFO-01/A,INF/01,01/B1,Ingegneria dell’Informazione e Scienze Matematiche,,,https://openalex.org/A5058879943,Sara Brunetti,0000-0001-8607-6900,15.0,21.0,81.0,988.0,University of Siena
Ordinario,BRUNI Roberto,BRUNI Roberto,BRUNI,Bruni,Roberto,M,PISA,,01/INFO-01,INFO-01/A,INF/01,01/B1,INFORMATICA,,,https://openalex.org/A5101611155,Roberto Bruni,0000-0002-7771-4154,29.0,76.0,237.0,2945.0,University of Pisa
Associato,BRUNO Alessandro,BRUNO Alessandro,BRUNO,Bruno,Alessandro,M,IULM - MILANO,Comunicazione,01/INFO-01,INFO-01/A,INF/01,01/B1,"BUSINESS, LAW, ECONOMICS AND CONSUMER BEHAVIOUR -BUSINESS, DIRITTO, ECONOMIA E CONSUMI",,,https://openalex.org/A5076054552,A. Bruno,0000-0001-5191-1662,35.0,79.0,397.0,8405.0,University of America
Ricercatore a t.d. - t.pieno (art. 24 c.3-a L. 240/10),BRUNO Pierangela,BRUNO Pierangela,BRUNO,Bruno,Pierangela,F,della CALABRIA,,01/INFO-01,INFO-01/A,INF/01,01/B1,MATEMATICA E INFORMATICA - DEMACS,,,https://openalex.org/A5016189819,Pierangela Bruno,0000-0002-0832-0151,7.0,7.0,33.0,273.0,University of Calabria
Ordinario,BRUSCHI Danilo Mauro,BRUSCHI Danilo Mauro,BRUSCHI,Bruschi,Danilo Mauro,M,MILANO,,01/INFO-01,INFO-01/A,INF/01,01/B1,Informatica 'Giovanni Degli Antoni',,,,,,,,,,
Associato,BUCCHIARONE Antonio,BUCCHIARONE Antonio,BUCCHIARONE,Bucchiarone,Antonio,M,L'AQUILA,,01/INFO-01,INFO-01/A,INF/01,01/B1,Ingegneria e scienze dell'informazione e matematica,,,https://openalex.org/A5033797206,Antonio Bucchiarone,0000-0003-1154-1382,27.0,75.0,247.0,2825.0,Fondazione Bruno Kessler
Ordinario,BUGLIESI Michele,BUGLIESI Michele,BUGLIESI,Bugliesi,Michele,M,"""Ca' Foscari"" VENEZIA",,01/INFO-01,INFO-01/A,INF/01,01/B1,"Scienze Ambientali, Informatica e Statistica",,,https://openalex.org/A5077037306,Michele Bugliesi,0000-0002-4567-3351,24.0,58.0,138.0,1773.0,Università di Camerino
Associato,BUONO Paolo,BUONO Paolo,BUONO,Buono,Paolo,M,BARI,,01/INFO-01,INFO-01/A,INF/01,01/B1,Informatica,,,https://openalex.org/A5064219476,Paolo Buono,0000-0002-1421-3686,21.0,39.0,141.0,1996.0,University of Bari Aldo Moro
Ricercatore a t.d. - t.pieno (art. 24 c.3-b L. 240/10),BURGIO Paolo,BURGIO Paolo,BURGIO,Burgio,Paolo,M,MODENA e REGGIO EMILIA,,01/INFO-01,INFO-01/A,INF/01,01/B1,"SCIENZE FISICHE, INFORMATICHE E MATEMATICHE",,,https://openalex.org/A5029053093,Paolo Burgio,0000-0003-1954-7201,13.0,19.0,71.0,529.0,University of Modena and Reggio Emilia
Ricercatore,BURIGAT Stefano,BURIGAT Stefano,BURIGAT,Burigat,Stefano,M,UDINE,,01/INFO-01,INFO-01/A,INF/01,01/B1,"Scienze Matematiche, Informatiche e Fisiche",,,https://openalex.org/A5070782631,Stefano Burigat,0000-0003-1900-6878,17.0,20.0,27.0,1007.0,University of Udine
Ricercatore a t.d. - t.pieno (art. 24 c.3-a L. 240/10),BUSI Matteo,BUSI Matteo,BUSI,Busi,Matteo,M,"""Ca' Foscari"" VENEZIA",,01/INFO-01,INFO-01/A,INF/01,01/B1,"SCIENZE AMBIENTALI, INFORMATICA E STATISTICA",,,https://openalex.org/A5028725133,Matteo Busi,0000-0001-8195-7477,10.0,12.0,62.0,272.0,Paul Scherrer Institute
Associato,BUTTUSSI Fabio,BUTTUSSI Fabio,BUTTUSSI,Buttussi,Fabio,M,UDINE,,01/INFO-01,INFO-01/A,INF/01,01/B1,"Scienze Matematiche, Informatiche e Fisiche",,,https://openalex.org/A5018329416,Fabio Buttussi,0000-0003-0868-3638,17.0,19.0,36.0,1695.0,University of Udine
Ricercatore a t.d. - t.pieno (art. 24 c.3-a L. 240/10),BUZZELLI Marco,BUZZELLI Marco,BUZZELLI,Buzzelli,Marco,M,MILANO-BICOCCA,,01/INFO-01,INFO-01/A,INF/01,01/B1,"INFORMATICA, SISTEMISTICA E COMUNICAZIONE",,,https://openalex.org/A5005266091,Marco Buzzelli,0000-0003-1138-3345,13.0,20.0,81.0,831.0,University of Milano-Bicocca
Associato,CABITZA Federico Antonio Niccolo' Amedeo,CABITZA Federico Antonio Niccolò Amedeo,CABITZA,Cabitza,Federico Antonio Niccolò Amedeo,M,MILANO-BICOCCA,,01/INFO-01,INFO-01/A,INF/01,01/B1,"INFORMATICA, SISTEMISTICA E COMUNICAZIONE",,,,,,,,,,
Ricercatore a t.d. - t.pieno (art. 24 c.3-a L. 240/10),CABRI Alberto,CABRI Alberto,CABRI,Cabri,Alberto,M,MILANO,,01/INFO-01,INFO-01/A,INF/01,01/B1,INFORMATICA 'GIOVANNI DEGLI ANTONI',,,https://openalex.org/A5090218127,Alberto Cabri,0000-0003-1373-8402,7.0,5.0,39.0,162.0,University of Genoa
Ricercatore a t.d. - t.pieno (art. 24 c.3-a L. 240/10),CACCAVALE Riccardo,CACCAVALE Riccardo,CACCAVALE,Caccavale,Riccardo,M,Napoli Federico II,,01/INFO-01,INFO-01/A,INF/01,01/B1,INGEGNERIA ELETTRICA E DELLE TECNOLOGIE DELL'INFORMAZIONE,,,https://openalex.org/A5057391987,Riccardo Caccavale,0000-0001-8636-7628,12.0,13.0,43.0,340.0,University of Naples Federico II
Associato,CACCIAGRANO Diletta Romana,CACCIAGRANO Diletta Romana,CACCIAGRANO,Cacciagrano,Diletta Romana,F,CAMERINO,,01/INFO-01,INFO-01/A,INF/01,01/B1,SCUOLA DI SCIENZE E TECNOLOGIE,,,https://openalex.org/A5028388054,Diletta Cacciagrano,0000-0003-4491-0666,13.0,18.0,77.0,475.0,Università di Camerino
Ricercatore,CAIANIELLO Pasquale,CAIANIELLO Pasquale,CAIANIELLO,Caianiello,Pasquale,M,L'AQUILA,,01/INFO-01,INFO-01/A,INF/01,01/B1,Ingegneria e scienze dell'informazione e matematica,,,https://openalex.org/A5018272575,Pasquale Caianiello,0000-0003-1006-326X,6.0,4.0,26.0,105.0,University of L'Aquila
Ricercatore a t.d. - t.pieno (art. 24 c.3-a L. 240/10),CAIAZZA Gianluca,CAIAZZA Gianluca,CAIAZZA,Caiazza,Gianluca,M,"""Ca' Foscari"" VENEZIA",,01/INFO-01,INFO-01/A,INF/01,01/B1,"SCIENZE AMBIENTALI, INFORMATICA E STATISTICA",,,https://openalex.org/A5003294386,Gianluca Caiazza,0000-0002-2820-7121,7.0,6.0,21.0,169.0,Ca' Foscari University of Venice
Ricercatore a t.d. - t.pieno (art. 24 c.3-a L. 240/10),CAIROLI Francesca,CAIROLI Francesca,CAIROLI,Cairoli,Francesca,F,TRIESTE,,01/INFO-01,INFO-01/A,INF/01,01/B1,"MATEMATICA, INFORMATICA E GEOSCIENZE",,,https://openalex.org/A5000007208,Francesca Cairoli,0000-0002-6994-6553,7.0,4.0,34.0,127.0,University of Trieste
Ordinario,CALAMONERI Tiziana,CALAMONERI Tiziana,CALAMONERI,Calamoneri,Tiziana,F,"ROMA ""La Sapienza""",,01/INFO-01,INFO-01/A,INF/01,01/B1,Informatica,,,https://openalex.org/A5031442426,Tiziana Calamoneri,0000-0002-4099-1836,18.0,38.0,160.0,1421.0,Sapienza University of Rome
Associato confermato,CALATRONI Luca,CALATRONI Luca,CALATRONI,Calatroni,Luca,M,GENOVA,,01/INFO-01,INFO-01/A,INF/01,01/B1,"Informatica, bioingegneria,robotica e ingegneria dei sistemi (DIBRIS)",,,https://openalex.org/A5019449011,Luca Calatroni,0000-0003-3887-1859,14.0,18.0,109.0,599.0,Centre National de la Recherche Scientifique
Ricercatore a t.d. - t.pieno (art. 24 c.3-b L. 240/10),CALAUTTI Marco,CALAUTTI Marco,CALAUTTI,Calautti,Marco,M,MILANO,,01/INFO-01,INFO-01/A,INF/01,01/B1,INFORMATICA 'GIOVANNI DEGLI ANTONI',,,https://openalex.org/A5066005299,Marco Calautti,0000-0003-0921-4040,10.0,10.0,52.0,294.0,University of Milan
Associato,CALEFATO Fabio,CALEFATO Fabio,CALEFATO,Calefato,Fabio,M,BARI,,01/INFO-01,INFO-01/A,INF/01,01/B1,Informatica,,,https://openalex.org/A5017685793,Fabio Calefato,0000-0003-2654-1588,22.0,52.0,142.0,2099.0,University of Bari Aldo Moro
Ordinario,CALI' Andrea,CALÌ Andrea,CALÌ,Calì,Andrea,M,Napoli Federico II,,01/INFO-01,INFO-01/A,INF/01,01/B1,Ingegneria Elettrica e delle Tecnologie dell'Informazione,,,https://openalex.org/A5007649727,Andrea Calı̀,0000-0001-5678-6899,29.0,57.0,174.0,4066.0,"Birkbeck, University of London"
Ordinario,CALIMERI Francesco,CALIMERI Francesco,CALIMERI,Calimeri,Francesco,M,della CALABRIA,,01/INFO-01,INFO-01/A,INF/01,01/B1,Matematica e Informatica - DeMaCS,,,https://openalex.org/A5034672297,Francesco Calimeri,0000-0002-0866-0834,24.0,53.0,175.0,2283.0,University of Calabria
Ordinario,CALLEGATI Franco,CALLEGATI Franco,CALLEGATI,Callegati,Franco,M,BOLOGNA,,01/INFO-01,INFO-01/A,INF/01,01/B1,Informatica - Scienza e Ingegneria,,,https://openalex.org/A5007495380,Franco Callegati,0000-0002-6669-8072,27.0,83.0,232.0,4267.0,University of Bologna
Ricercatore a t.d. - t.pieno (art. 24 c.3-a L. 240/10),CALLISTO DE DONATO Massimo,CALLISTO DE DONATO Massimo,CALLISTO DE DONATO,Callisto De Donato,Massimo,M,CAMERINO,,01/INFO-01,INFO-01/A,INF/01,01/B1,SCUOLA DI SCIENZE E TECNOLOGIE,,,https://openalex.org/A5064427803,Massimo Callisto De Donato,0000-0001-6745-4785,4.0,2.0,22.0,68.0,Università di Camerino
Ricercatore a t.d. - t.pieno (art. 24 c.3-a L. 240/10),CALVAGNA Andrea Mario,CALVAGNA Andrea Mario,CALVAGNA,Calvagna,Andrea Mario,M,CATANIA,,01/INFO-01,INFO-01/A,INF/01,01/B1,MATEMATICA E INFORMATICA,,,,,,,,,,
Associato,CALZAVARA Stefano,CALZAVARA Stefano,CALZAVARA,Calzavara,Stefano,M,"""Ca' Foscari"" VENEZIA",,01/INFO-01,INFO-01/A,INF/01,01/B1,"Scienze Ambientali, Informatica e Statistica",,,https://openalex.org/A5084675121,Stefano Calzavara,0000-0001-9179-8270,19.0,29.0,93.0,857.0,Ca' Foscari University of Venice
Associato,CAMASTRA Francesco,CAMASTRA Francesco,CAMASTRA,Camastra,Francesco,M,"""Parthenope"" di NAPOLI",,01/INFO-01,INFO-01/A,INF/01,01/B1,SCIENZE E TECNOLOGIE,,,https://openalex.org/A5004903586,Francesco Camastra,0000-0003-4439-7583,24.0,34.0,96.0,3081.0,Parthenope University of Naples
Ricercatore a t.d. - t.pieno (art. 24 c.3-a L. 240/10),CAMPANILE Lelio,CAMPANILE Lelio,CAMPANILE,Campanile,Lelio,M,"CAMPANIA - ""L. VANVITELLI""",,01/INFO-01,INFO-01/A,INF/01,01/B1,MATEMATICA E FISICA (DMF),,,https://openalex.org/A5002291910,Lelio Campanile,0000-0003-4021-4137,10.0,12.0,61.0,397.0,"University of Campania ""Luigi Vanvitelli"""
Associato,CANAZZA TARGON Sergio,CANAZZA TARGON Sergio,CANAZZA TARGON,Canazza Targon,Sergio,M,PADOVA,,01/INFO-01,INFO-01/A,INF/01,01/B1,INGEGNERIA DELL'INFORMAZIONE - DEI,,,https://openalex.org/A5030185925,Sergio Canazza Targon,,2.0,1.0,13.0,151.0,
Associato,CANDELIERI Antonio,CANDELIERI Antonio,CANDELIERI,Candelieri,Antonio,M,MILANO-BICOCCA,,01/INFO-01,INFO-01/A,INF/01,01/B1,"ECONOMIA, METODI QUANTITATIVI E STRATEGIE DI IMPRESA",,,https://openalex.org/A5007832994,Antonio Candelieri,0000-0003-1431-576X,29.0,64.0,199.0,2926.0,University of Milano-Bicocca
Associato,CANONICO Massimo,CANONICO Massimo,CANONICO,Canonico,Massimo,M,PIEMONTE ORIENTALE,,01/INFO-01,INFO-01/A,INF/01,01/B1,Scienze e Innovazione Tecnologica (DISIT),,,https://openalex.org/A5030862523,Massimo Canonico,0000-0002-9723-8757,16.0,22.0,57.0,824.0,Università degli Studi del Piemonte Orientale “Amedeo Avogadro”
Ordinario,CANTONE Domenico,CANTONE Domenico,CANTONE,Cantone,Domenico,M,CATANIA,,01/INFO-01,INFO-01/A,INF/01,01/B1,Matematica e Informatica,,,https://openalex.org/A5045684463,Domenico Cantone,0000-0002-1306-1166,19.0,46.0,276.0,1578.0,University of Catania
Ricercatore,CAPECCHI Sara,CAPECCHI Sara,CAPECCHI,Capecchi,Sara,F,TORINO,,01/INFO-01,INFO-01/A,INF/01,01/B1,Informatica,,,https://openalex.org/A5022120276,Sara Capecchi,0000-0001-6157-2932,12.0,14.0,49.0,474.0,University of Turin
Ricercatore a t.d. - t.defin. (art. 24 c.3-b L. 240/10),CAPECE Nicola Felice,CAPECE Nicola Felice,CAPECE,Capece,Nicola Felice,M,BASILICATA,,01/INFO-01,INFO-01/A,INF/01,01/B1,INGEGNERIA,,,https://openalex.org/A5046739481,Nicola Capece,0000-0002-1544-3977,15.0,18.0,49.0,474.0,University of Basilicata
Ricercatore a t.d. - t.pieno (art. 24 c.3-a L. 240/10),CAPOTONDI Alessandro,CAPOTONDI Alessandro,CAPOTONDI,Capotondi,Alessandro,M,MODENA e REGGIO EMILIA,,01/INFO-01,INFO-01/A,INF/01,01/B1,"SCIENZE FISICHE, INFORMATICHE E MATEMATICHE",,,https://openalex.org/A5023224638,Alessandro Capotondi,0000-0001-8705-0761,15.0,21.0,60.0,813.0,University of Modena and Reggio Emilia
Ricercatore,CAPRA Lorenzo,CAPRA Lorenzo,CAPRA,Capra,Lorenzo,M,MILANO,,01/INFO-01,INFO-01/A,INF/01,01/B1,Informatica 'Giovanni Degli Antoni',,,https://openalex.org/A5046955540,Lorenzo Capra,0000-0002-1029-1169,14.0,23.0,119.0,570.0,University of Milan
Associato,CARAVAGNA Giulio,CARAVAGNA Giulio,CARAVAGNA,Caravagna,Giulio,M,TRIESTE,,01/INFO-01,INFO-01/A,INF/01,01/B1,"Matematica, Informatica e Geoscienze",,,https://openalex.org/A5033643165,Giulio Caravagna,0000-0003-4240-3265,22.0,46.0,233.0,2315.0,University of Trieste
Associato confermato,CARBONARO Antonella,CARBONARO Antonella,CARBONARO,Carbonaro,Antonella,F,BOLOGNA,,01/INFO-01,INFO-01/A,INF/01,01/B1,Informatica - Scienza e Ingegneria,,,https://openalex.org/A5080851662,Antonella Carbonaro,0000-0002-3890-4852,19.0,49.0,166.0,1592.0,University of Bologna
Ricercatore a t.d. - t.pieno (art. 24 c.3-a L. 240/10),CARDONE Barbara,CARDONE Barbara,CARDONE,Cardone,Barbara,F,Napoli Federico II,,01/INFO-01,INFO-01/A,INF/01,01/B1,ARCHITETTURA,,,https://openalex.org/A5028234987,Ferdinando Di Martino,0000-0001-5690-5384,19.0,39.0,196.0,1563.0,University of Naples Federico II
Associato confermato,CARDONE Felice,CARDONE Felice,CARDONE,Cardone,Felice,M,TORINO,,01/INFO-01,INFO-01/A,INF/01,01/B1,Informatica,,,https://openalex.org/A5024664392,Felice Cardone,0000-0002-4841-614X,7.0,6.0,36.0,297.0,University of Turin
Ordinario,CARMINATI Barbara,CARMINATI Barbara,CARMINATI,Carminati,Barbara,F,INSUBRIA,,01/INFO-01,INFO-01/A,INF/01,01/B1,Scienze Teoriche e Applicate,,,https://openalex.org/A5057684417,Barbara Carminati,0000-0002-7502-4731,31.0,80.0,223.0,3901.0,University of Insubria
Ricercatore a t.d. - t.pieno (art. 24 c.3-a L. 240/10),CARNEVALE Lorenzo,CARNEVALE Lorenzo,CARNEVALE,Carnevale,Lorenzo,M,MESSINA,,01/INFO-01,INFO-01/A,INF/01,01/B1,"SCIENZE MATEMATICHE ED INFORMATICHE, SCIENZE FISICHE E SCIENZE DELLA TERRA",,omonimia,https://openalex.org/A5056871491,Lorenzo Carnevale,0000-0002-6422-8253,12.0,14.0,60.0,790.0,Istituto Neurologico Mediterraneo
Ricercatore a t.d. - t.pieno (L. 79/2022),CARNEVALE Lorenzo,CARNEVALE Lorenzo,CARNEVALE,Carnevale,Lorenzo,M,MESSINA,,01/INFO-01,INFO-01/A,INF/01,01/B1,"SCIENZE MATEMATICHE ED INFORMATICHE, SCIENZE FISICHE E SCIENZE DELLA TERRA",,omonimia,https://openalex.org/A5056871491,Lorenzo Carnevale,0000-0002-6422-8253,12.0,14.0,60.0,790.0,Istituto Neurologico Mediterraneo
Ricercatore,CAROFIGLIO Valeria,CAROFIGLIO Valeria,CAROFIGLIO,Carofiglio,Valeria,F,BARI,,01/INFO-01,INFO-01/A,INF/01,01/B1,Informatica,,,https://openalex.org/A5008954083,Valeria Carofiglio,0000-0002-8481-0419,11.0,13.0,34.0,721.0,University of Bari Aldo Moro
Ricercatore a t.d. - t.pieno (art. 24 c.3-b L. 240/10),CAROPRESE Luciano,CAROPRESE Luciano,CAROPRESE,Caroprese,Luciano,M,CHIETI-PESCARA,,01/INFO-01,INFO-01/A,INF/01,01/B1,INGEGNERIA E GEOLOGIA,,,https://openalex.org/A5045580808,Luciano Caroprese,0000-0002-0173-0131,16.0,22.0,96.0,688.0,University of Chieti-Pescara
Ordinario,CARPENTIERI Bruno,CARPENTIERI Bruno,CARPENTIERI,Carpentieri,Bruno,M,SALERNO,,01/INFO-01,INFO-01/A,INF/01,01/B1,Informatica,,,https://openalex.org/A5051748763,Bruno Carpentieri,0000-0002-0516-0033,20.0,38.0,186.0,1572.0,Free University of Bozen-Bolzano
Ordinario,CARPI Arturo,CARPI Arturo,CARPI,Carpi,Arturo,M,PERUGIA,,01/INFO-01,INFO-01/A,INF/01,01/B1,MATEMATICA E INFORMATICA,,,https://openalex.org/A5043162342,Arturo Carpi,0000-0002-3204-488X,16.0,29.0,71.0,772.0,University of Perugia
Ricercatore a t.d. - t.pieno (art. 24 c.3-a L. 240/10),CARTA Antonio,CARTA Antonio,CARTA,Carta,Antonio,M,PISA,,01/INFO-01,INFO-01/A,,,INFORMATICA,,,https://openalex.org/A5102872066,Antonio Carta,0000-0002-7232-7569,33.0,75.0,148.0,3336.0,University of Sassari
Ordinario,CARTA Salvatore Mario,CARTA Salvatore Mario,CARTA,Carta,Salvatore Mario,M,CAGLIARI,,01/INFO-01,INFO-01/A,INF/01,01/B1,Matematica e Informatica,,,https://openalex.org/A5069275031,Salvatore Carta,0000-0001-9481-511X,33.0,82.0,212.0,3798.0,University of Cagliari
Ricercatore,CARUSO Antonio Mario,CARUSO Antonio Mario,CARUSO,Caruso,Antonio Mario,M,SALENTO,,01/INFO-01,INFO-01/A,INF/01,01/B1,Matematica e Fisica Ennio De Giorgi,,,https://openalex.org/A5052992454,Antonio Caruso,0000-0002-6907-6527,20.0,38.0,90.0,1723.0,University of Salento
Ricercatore a t.d. - t.pieno (art. 24 c.3-b L. 240/10),CASADEI Roberto,CASADEI Roberto,CASADEI,Casadei,Roberto,M,BOLOGNA,,01/INFO-01,INFO-01/A,INF/01,01/B1,INFORMATICA - SCIENZA E INGEGNERIA,,,https://openalex.org/A5076032146,Roberto Casadei,0000-0001-9149-949X,26.0,45.0,124.0,1874.0,University of Bologna
Ricercatore,CASAGRANDE Alberto,CASAGRANDE Alberto,CASAGRANDE,Casagrande,Alberto,M,UDINE,,01/INFO-01,INFO-01/A,INF/01,01/B1,"Scienze Matematiche, Informatiche e Fisiche",,,https://openalex.org/A5052391923,Alberto Casagrande,0000-0002-8681-1482,12.0,12.0,65.0,4118.0,University of Udine
Ordinario,CASALICCHIO Emiliano,CASALICCHIO Emiliano,CASALICCHIO,Casalicchio,Emiliano,M,"ROMA ""La Sapienza""",,01/INFO-01,INFO-01/A,INF/01,01/B1,Informatica,,,https://openalex.org/A5059091002,Emiliano Casalicchio,0000-0002-3118-5058,28.0,58.0,133.0,3142.0,Blekinge Institute of Technology
Ordinario,CASATI Fabio,CASATI Fabio,CASATI,Casati,Fabio,M,TRENTO,,01/INFO-01,INFO-01/A,INF/01,01/B1,Ingegneria e Scienza dell'Informazione,,,https://openalex.org/A5086585292,Fabio Casati,0000-0001-7591-9562,54.0,201.0,459.0,15041.0,University of Trento
Ricercatore a t.d. - t.pieno (art. 24 c.3-a L. 240/10),CASCARANO Pasquale,CASCARANO Pasquale,CASCARANO,Cascarano,Pasquale,M,BOLOGNA,,01/INFO-01,INFO-01/A,INF/01,01/B1,DELLE ARTI,,,https://openalex.org/A5066591000,Pasquale Cascarano,0000-0002-1475-2751,8.0,7.0,35.0,187.0,University of Bologna
Ricercatore a t.d. - t.pieno (art. 24 c.3-a L. 240/10),CASCIO Marco,CASCIO Marco,CASCIO,Cascio,Marco,M,Università degli Studi di Roma UnitelmaSapie,,01/INFO-01,INFO-01/A,INF/01,01/B1,SCIENZE GIURIDICHE ED ECONOMICHE,,,https://openalex.org/A5089146426,Marco Cascio,0000-0003-4370-8140,10.0,10.0,26.0,339.0,Sapienza University of Rome
Ricercatore a t.d. - t.pieno (art. 24 c.3-a L. 240/10),CASCONE Lucia,CASCONE Lucia,CASCONE,Cascone,Lucia,F,SALERNO,,01/INFO-01,INFO-01/A,INF/01,01/B1,INFORMATICA,,,https://openalex.org/A5086077663,Lucia Cascone,0000-0002-9333-5699,11.0,11.0,47.0,351.0,University of Salerno
Associato,CASIRAGHI Elena,CASIRAGHI Elena,CASIRAGHI,Casiraghi,Elena,F,MILANO,,01/INFO-01,INFO-01/A,INF/01,01/B1,Informatica 'Giovanni Degli Antoni',,,https://openalex.org/A5079939753,Elena Casiraghi,0000-0003-2024-7572,25.0,54.0,173.0,3595.0,University of Milan
Ricercatore a t.d. - t.pieno (art. 24 c.3-a L. 240/10),CASOLARE Rosangela,CASOLARE Rosangela,CASOLARE,Casolare,Rosangela,F,MOLISE,,01/INFO-01,INFO-01/A,INF/01,01/B1,BIOSCIENZE E TERRITORIO,,,https://openalex.org/A5080873651,Rosangela Casolare,,7.0,3.0,20.0,106.0,University of Molise
Ricercatore a t.d. - t.pieno (art. 24 c.3-a L. 240/10),CASTAGNO Paolo,CASTAGNO Paolo,CASTAGNO,Castagno,Paolo,M,TORINO,,01/INFO-01,INFO-01/A,INF/01,01/B1,INFORMATICA,,,https://openalex.org/A5064102252,Paolo Castagno,0000-0002-1349-1844,8.0,7.0,38.0,195.0,University of Turin
Ordinario,CASTANO Silvana,CASTANO Silvana,CASTANO,Castano,Silvana,F,MILANO,,01/INFO-01,INFO-01/A,INF/01,01/B1,Informatica 'Giovanni Degli Antoni',,,https://openalex.org/A5076126999,Silvana Castano,0000-0002-3826-2407,32.0,71.0,216.0,4696.0,University of Milan
Ricercatore a t.d. - t.pieno (art. 24 c.3-a L. 240/10),CASTELLANA Daniele,CASTELLANA Daniele,CASTELLANA,Castellana,Daniele,M,FIRENZE,,01/INFO-01,INFO-01/A,,,"STATISTICA, INFORMATICA E APPLICAZIONI 'G.PARENTI' (DISIA)",,,https://openalex.org/A5007838832,Daniele Castellana,0000-0002-7159-2272,7.0,5.0,42.0,178.0,University of Florence
Ordinario,CASTELLANI Umberto,CASTELLANI Umberto,CASTELLANI,Castellani,Umberto,M,VERONA,,01/INFO-01,INFO-01/A,INF/01,01/B1,Informatica,,,https://openalex.org/A5070645298,Umberto Castellani,0000-0002-6099-5682,32.0,63.0,166.0,3293.0,University of Verona
Ordinario,CASTELLANO Giovanna,CASTELLANO Giovanna,CASTELLANO,Castellano,Giovanna,F,BARI,,01/INFO-01,INFO-01/A,INF/01,01/B1,Informatica,,,https://openalex.org/A5050227787,Giovanna Castellano,0000-0002-6489-8628,31.0,92.0,288.0,3259.0,University of Bari Aldo Moro
Associato,CASTIELLO Ciro,CASTIELLO Ciro,CASTIELLO,Castiello,Ciro,M,BARI,,01/INFO-01,INFO-01/A,INF/01,01/B1,Informatica,,,https://openalex.org/A5046113582,Ciro Castiello,0000-0002-8471-5403,17.0,31.0,99.0,1141.0,University of Bari Aldo Moro
Associato,CASTIGLIONE Aniello,CASTIGLIONE Aniello,CASTIGLIONE,Castiglione,Aniello,M,SALERNO,,01/INFO-01,INFO-01/A,INF/01,01/B1,Scienze Aziendali - Management & Innovation Systems,,,https://openalex.org/A5003814916,Aniello Castiglione,0000-0003-0571-1074,42.0,142.0,250.0,6537.0,University of Salerno
Associato,CASTIGLIONE Arcangelo,CASTIGLIONE Arcangelo,CASTIGLIONE,Castiglione,Arcangelo,M,SALERNO,,01/INFO-01,INFO-01/A,INF/01,01/B1,Informatica,,,https://openalex.org/A5054899408,Arcangelo Castiglione,0000-0002-7991-2410,26.0,46.0,91.0,2007.0,University of Salerno
Ricercatore,CASTIGLIONE Giuseppa,CASTIGLIONE Giuseppa,CASTIGLIONE,Castiglione,Giuseppa,F,PALERMO,,01/INFO-01,INFO-01/A,INF/01,01/B1,Matematica e Informatica,,,https://openalex.org/A5015652965,Giuseppa Castiglione,0000-0002-1838-9785,10.0,10.0,55.0,371.0,University of Palermo
Ordinario,CATALANO Dario Alfio,CATALANO Dario Alfio,CATALANO,Catalano,Dario Alfio,M,CATANIA,,01/INFO-01,INFO-01/A,INF/01,01/B1,Matematica e Informatica,,,,,,,,,,
Ordinario,CATANIA Barbara,CATANIA Barbara,CATANIA,Catania,Barbara,F,GENOVA,,01/INFO-01,INFO-01/A,INF/01,01/B1,"Informatica, bioingegneria,robotica e ingegneria dei sistemi (DIBRIS)",,,https://openalex.org/A5024551850,Barbara Catania,0000-0002-6443-169X,26.0,53.0,167.0,3079.0,University of Genoa
Associato confermato,CATTANEO Giuseppe,CATTANEO Giuseppe,CATTANEO,Cattaneo,Giuseppe,M,SALERNO,,01/INFO-01,INFO-01/A,INF/01,01/B1,Informatica,,,https://openalex.org/A5066774697,Giuseppe Cattaneo,0000-0002-6983-4818,21.0,37.0,114.0,1240.0,University of Salerno
Associato,CATUOGNO Luigi,CATUOGNO Luigi,CATUOGNO,Catuogno,Luigi,M,"""Parthenope"" di NAPOLI",,01/INFO-01,INFO-01/A,INF/01,01/B1,SCIENZE ECONOMICHE GIURIDICHE INFORMATICHE E MOTORIE,,,https://openalex.org/A5053881300,Luigi Catuogno,0000-0002-6315-4221,13.0,19.0,51.0,560.0,Parthenope University of Naples
Ricercatore a t.d. - t.pieno (art. 24 c.3-b L. 240/10),CAUTERUCCIO Francesco,CAUTERUCCIO Francesco,CAUTERUCCIO,Cauteruccio,Francesco,M,SALERNO,,01/INFO-01,INFO-01/A,INF/01,01/B1,INGEGNERIA DELL'INFORMAZIONE ED ELETTRICA E MATEMATICA APPLICATA,,,https://openalex.org/A5078726587,Francesco Cauteruccio,0000-0001-8400-1083,16.0,23.0,68.0,702.0,University of Salerno
Ricercatore a t.d. - t.pieno (art. 24 c.3-b L. 240/10),CAVA Claudia,CAVA Claudia,CAVA,Cava,Claudia,F,I.U.S.S. - PAVIA,,01/INFO-01,INFO-01/A,INF/01,01/B1,"SCIENZE, TECNOLOGIE E SOCIETÀ",,,https://openalex.org/A5040229926,Claudia Cava,0000-0002-5540-4104,24.0,44.0,93.0,5828.0,Istituto Universitario di Studi Superiori di Pavia
Ricercatore,CAVAGNINO Davide,CAVAGNINO Davide,CAVAGNINO,Cavagnino,Davide,M,TORINO,,01/INFO-01,INFO-01/A,INF/01,01/B1,Informatica,,,https://openalex.org/A5077012461,Davide Cavagnino,0000-0003-4981-0285,13.0,18.0,70.0,495.0,University of Turin
Ricercatore a t.d. - t.pieno (art. 24 c.3-a L. 240/10),CAVALIERE Danilo,CAVALIERE Danilo,CAVALIERE,Cavaliere,Danilo,M,SALERNO,,01/INFO-01,INFO-01/A,INF/01,01/B1,SCIENZE AZIENDALI - MANAGEMENT & INNOVATION SYSTEMS,,,https://openalex.org/A5058737589,Danilo Cavaliere,0000-0003-2859-0447,10.0,10.0,34.0,228.0,University of Salerno
Associato confermato,CAVALIERE Matteo,CAVALIERE Matteo,CAVALIERE,Cavaliere,Matteo,M,MODENA e REGGIO EMILIA,,01/INFO-01,INFO-01/A,INF/01,01/B1,"Scienze fisiche, informatiche e matematiche",,,https://openalex.org/A5030563281,Matteo Cavaliere,0000-0002-4071-6965,18.0,38.0,114.0,1448.0,University of Modena and Reggio Emilia
Ricercatore a t.d. - t.pieno (art. 24 c.3-a L. 240/10),CAVALLARO Claudia,CAVALLARO Claudia,CAVALLARO,Cavallaro,Claudia,F,CATANIA,,01/INFO-01,INFO-01/A,INF/01,01/B1,MATEMATICA E INFORMATICA,,,https://openalex.org/A5050608812,Claudia Cavallaro,0000-0003-3938-0947,6.0,2.0,23.0,127.0,University of Catania
Ricercatore a t.d. - t.pieno (art. 24 c.3-b L. 240/10),CAVICCHIOLI Roberto,CAVICCHIOLI Roberto,CAVICCHIOLI,Cavicchioli,Roberto,M,MODENA e REGGIO EMILIA,,01/INFO-01,INFO-01/A,INF/01,01/B1,COMUNICAZIONE ED ECONOMIA,,,https://openalex.org/A5075342479,Roberto Cavicchioli,0000-0003-0166-0898,12.0,12.0,65.0,544.0,University of Modena and Reggio Emilia
Associato,CAZZANIGA Paolo,CAZZANIGA Paolo,CAZZANIGA,Cazzaniga,Paolo,M,BERGAMO,,01/INFO-01,INFO-01/A,INF/01,01/B1,Scienze umane e sociali,,,https://openalex.org/A5013723473,Paolo Cazzaniga,0000-0001-7780-0434,24.0,45.0,161.0,2300.0,University of Bergamo
Ordinario,CAZZOLA Walter,CAZZOLA Walter,CAZZOLA,Cazzola,Walter,M,MILANO,,01/INFO-01,INFO-01/A,INF/01,01/B1,Informatica 'Giovanni Degli Antoni',,,https://openalex.org/A5035470347,Walter Cazzola,0000-0002-4652-8113,21.0,49.0,180.0,1507.0,Colorado State University
Associato,CECCARELLI Andrea,CECCARELLI Andrea,CECCARELLI,Ceccarelli,Andrea,M,FIRENZE,,01/INFO-01,INFO-01/A,INF/01,01/B1,Matematica e Informatica “Ulisse Dini”(DIMAI),,,https://openalex.org/A5037781530,Andrea Ceccarelli,0000-0002-2291-2428,23.0,52.0,226.0,1730.0,University of Florence
Ricercatore a t.d. - t.pieno (art. 24 c.3-a L. 240/10),CECCARINI Chiara,CECCARINI Chiara,CECCARINI,Ceccarini,Chiara,F,BOLOGNA,,01/INFO-01,INFO-01/A,INF/01,01/B1,INFORMATICA - SCIENZA E INGEGNERIA,,,https://openalex.org/A5090275862,Chiara Ceccarini,0000-0001-9743-5833,9.0,9.0,34.0,340.0,University of Bologna
Associato,CECCATO Mariano,CECCATO Mariano,CECCATO,Ceccato,Mariano,M,VERONA,,01/INFO-01,INFO-01/A,INF/01,01/B1,Informatica,,,https://openalex.org/A5019508589,Mariano Ceccato,0000-0001-7325-0316,27.0,54.0,149.0,2258.0,University of Verona
Ordinario,CECI Michelangelo,CECI Michelangelo,CECI,Ceci,Michelangelo,M,BARI,,01/INFO-01,INFO-01/A,INF/01,01/B1,Informatica,,,https://openalex.org/A5073750332,Michelangelo Ceci,0000-0002-6690-7583,33.0,85.0,267.0,3124.0,University of Bari Aldo Moro
Ordinario,CELESTI Antonio,CELESTI Antonio,CELESTI,Celesti,Antonio,M,MESSINA,,01/INFO-01,INFO-01/A,INF/01,01/B1,"Scienze Matematiche ed Informatiche, Scienze Fisiche e Scienze della Terra",,,https://openalex.org/A5057755004,Antonio Celesti,0000-0001-9003-6194,31.0,105.0,250.0,4376.0,University of Messina
Ricercatore a t.d. - t.pieno (L. 79/2022),CELLI Andrea,CELLI Andrea,CELLI,Celli,Andrea,M,Bocconi MILANO,Economia,01/INFO-01,INFO-01/A,INF/01,01/B1,SCIENZE DELLA COMPUTAZIONE - DEPARTMENT OF COMPUTING SCIENCES (DCS),,,https://openalex.org/A5101558110,Andrea Celli,0009-0000-8591-9021,14.0,16.0,129.0,806.0,Hesperia Hospital
Ricercatore a t.d. - t.pieno (art. 24 c.3-a L. 240/10),CELONA Luigi,CELONA Luigi,CELONA,Celona,Luigi,M,MILANO-BICOCCA,,01/INFO-01,INFO-01/A,INF/01,01/B1,"INFORMATICA, SISTEMISTICA E COMUNICAZIONE",,,https://openalex.org/A5065319505,Luigi Celona,0000-0002-5925-2646,14.0,16.0,54.0,1552.0,University of Milano-Bicocca
Associato,CENA Federica,CENA Federica,CENA,Cena,Federica,F,TORINO,,01/INFO-01,INFO-01/A,INF/01,01/B1,Informatica,,,https://openalex.org/A5048342018,Federica Cena,0000-0003-3481-3360,22.0,55.0,199.0,2229.0,University of Turin
Ricercatore,CENCIARELLI Pietro,CENCIARELLI Pietro,CENCIARELLI,Cenciarelli,Pietro,M,"ROMA ""La Sapienza""",,01/INFO-01,INFO-01/A,INF/01,01/B1,Informatica,,,https://openalex.org/A5067204764,Pietro Cenciarelli,,6.0,5.0,18.0,240.0,Sapienza University of Rome
Ricercatore a t.d. - t.pieno (art. 24 c.3-a L. 240/10),CENI Andrea,CENI Andrea,CENI,Ceni,Andrea,M,PISA,,01/INFO-01,INFO-01/A,INF/01,01/B1,INFORMATICA,,,https://openalex.org/A5046284911,Andrea Ceni,0000-0002-5084-0505,4.0,3.0,28.0,89.0,University of Pisa
Ricercatore a t.d. - t.pieno (art. 24 c.3-a L. 240/10),CERAGIOLI Lorenzo,CERAGIOLI Lorenzo,CERAGIOLI,Ceragioli,Lorenzo,M,Scuola IMT Alti Studi LUCCA,Altre Strutture,01/INFO-01,INFO-01/A,INF/01,01/B1,Non disponibile,,,https://openalex.org/A5082476880,Lorenzo Ceragioli,0000-0002-1288-9623,3.0,0.0,19.0,30.0,IMT School for Advanced Studies Lucca
Associato,CERAVOLO Paolo,CERAVOLO Paolo,CERAVOLO,Ceravolo,Paolo,M,MILANO,,01/INFO-01,INFO-01/A,INF/01,01/B1,Informatica 'Giovanni Degli Antoni',,,https://openalex.org/A5030929146,Paolo Ceravolo,0000-0002-4519-0173,22.0,42.0,217.0,2855.0,University of Milan
Associato confermato,CERIOLI Maura,CERIOLI Maura,CERIOLI,Cerioli,Maura,F,GENOVA,,01/INFO-01,INFO-01/A,INF/01,01/B1,"Informatica, bioingegneria,robotica e ingegneria dei sistemi (DIBRIS)",,,https://openalex.org/A5012601736,Maura Cerioli,0000-0002-8781-8782,12.0,17.0,60.0,592.0,University of Genoa
Ricercatore a t.d. - t.pieno (art. 24 c.3-b L. 240/10),CEROTTI Davide,CEROTTI Davide,CEROTTI,Cerotti,Davide,M,PIEMONTE ORIENTALE,,01/INFO-01,INFO-01/A,INF/01,01/B1,SCIENZE E INNOVAZIONE TECNOLOGICA (DISIT),,,https://openalex.org/A5033389108,Davide Cerotti,0000-0001-5192-9387,12.0,12.0,46.0,502.0,Università degli Studi del Piemonte Orientale “Amedeo Avogadro”
Ricercatore a t.d. - t.pieno (art. 24 c.3-a L. 240/10),CERULLI Martina,CERULLI Martina,CERULLI,Cerulli,Martina,F,SALERNO,,01/INFO-01,INFO-01/A,INF/01,01/B1,INFORMATICA,,,https://openalex.org/A5008342539,Martina Cerulli,0000-0002-6341-8143,4.0,1.0,27.0,53.0,University of Salerno
Associato,CERULO Luigi,CERULO Luigi,CERULO,Cerulo,Luigi,M,SANNIO di BENEVENTO,,01/INFO-01,INFO-01/A,INF/01,01/B1,Scienze e Tecnologie,,,https://openalex.org/A5025973233,Luigi Cerulo,0000-0001-8342-3487,34.0,55.0,111.0,3321.0,University of Sannio
Ordinario,CESA-BIANCHI Nicolo' Antonio,CESA-BIANCHI Nicolò Antonio,CESA-BIANCHI,Cesa-Bianchi,Nicolò Antonio,M,MILANO,,01/INFO-01,INFO-01/A,INF/01,01/B1,Informatica 'Giovanni Degli Antoni',,,,,,,,,,
Associato,CESELLI Alberto,CESELLI Alberto,CESELLI,Ceselli,Alberto,M,MILANO,,01/INFO-01,INFO-01/A,INF/01,01/B1,Informatica 'Giovanni Degli Antoni',,,https://openalex.org/A5020841360,Alberto Ceselli,0000-0002-0983-2706,21.0,33.0,124.0,1633.0,University of Milan
Associato,CHECCO Alessandro,CHECCO Alessandro,CHECCO,Checco,Alessandro,M,"ROMA ""La Sapienza""",,01/INFO-01,INFO-01/A,INF/01,01/B1,Informatica,,,https://openalex.org/A5021006031,Alessandro Checco,0000-0002-0981-3409,18.0,23.0,67.0,980.0,Consorzio Nazionale Interuniversitario per le Telecomunicazioni
Ricercatore a t.d. - t.pieno (L. 79/2022),CHERCHI Gianmarco,CHERCHI Gianmarco,CHERCHI,Cherchi,Gianmarco,M,CAGLIARI,,01/INFO-01,INFO-01/A,INF/01,01/B1,MATEMATICA E INFORMATICA,,,https://openalex.org/A5006227713,Gianmarco Cherchi,0000-0003-2029-1119,10.0,10.0,38.0,297.0,University of Cagliari
Associato,CHESSA Manuela,CHESSA Manuela,CHESSA,Chessa,Manuela,F,GENOVA,,01/INFO-01,INFO-01/A,INF/01,01/B1,"Informatica, bioingegneria,robotica e ingegneria dei sistemi (DIBRIS)",,,https://openalex.org/A5008474318,Manuela Chessa,0000-0003-3098-5894,19.0,27.0,151.0,1040.0,University of Genoa
Ordinario,CHESSA Stefano,CHESSA Stefano,CHESSA,Chessa,Stefano,M,PISA,,01/INFO-01,INFO-01/A,INF/01,01/B1,INFORMATICA,,,https://openalex.org/A5057916297,Stefano Chessa,0000-0002-1248-9478,32.0,102.0,254.0,5336.0,University of Pisa
Ricercatore a t.d. - t.pieno (L. 79/2022),CHICCO Davide,CHICCO Davide,CHICCO,Chicco,Davide,M,MILANO-BICOCCA,,01/INFO-01,INFO-01/A,INF/01,01/B1,"INFORMATICA, SISTEMISTICA E COMUNICAZIONE",,,https://openalex.org/A5011556172,Davide Chicco,0000-0001-9655-7142,28.0,46.0,109.0,12638.0,University of Toronto
Ordinario,CHIERICHETTI Flavio,CHIERICHETTI Flavio,CHIERICHETTI,Chierichetti,Flavio,M,"ROMA ""La Sapienza""",,01/INFO-01,INFO-01/A,INF/01,01/B1,Informatica,,,https://openalex.org/A5078401676,Flavio Chierichetti,0000-0001-8261-9058,25.0,44.0,99.0,2461.0,Sapienza University of Rome
Ordinario,CHITTARO Luca,CHITTARO Luca,CHITTARO,Chittaro,Luca,M,UDINE,,01/INFO-01,INFO-01/A,INF/01,01/B1,"Scienze Matematiche, Informatiche e Fisiche",,,https://openalex.org/A5039334766,Luca Chittaro,0000-0001-5975-4294,50.0,138.0,235.0,7915.0,University of Udine
Ordinario,CIANCARINI Paolo,CIANCARINI Paolo,CIANCARINI,Ciancarini,Paolo,M,BOLOGNA,,01/INFO-01,INFO-01/A,INF/01,01/B1,Informatica - Scienza e Ingegneria,,,https://openalex.org/A5072561518,Paolo Ciancarini,0000-0002-7958-9924,32.0,118.0,360.0,5022.0,University of Bologna
Ordinario,CIARAMELLA Angelo,CIARAMELLA Angelo,CIARAMELLA,Ciaramella,Angelo,M,"""Parthenope"" di NAPOLI",,01/INFO-01,INFO-01/A,INF/01,01/B1,SCIENZE E TECNOLOGIE,,,https://openalex.org/A5083215657,Angelo Ciaramella,0000-0001-5592-7995,23.0,41.0,166.0,1459.0,Parthenope University of Naples
Associato,CIAVOTTA Michele,CIAVOTTA Michele,CIAVOTTA,Ciavotta,Michele,M,MILANO-BICOCCA,,01/INFO-01,INFO-01/A,INF/01,01/B1,"INFORMATICA, SISTEMISTICA E COMUNICAZIONE",,,https://openalex.org/A5079768184,Michele Ciavotta,0000-0002-2480-966X,16.0,27.0,107.0,1283.0,University of Milano-Bicocca
Ordinario,CICALESE Ferdinando,CICALESE Ferdinando,CICALESE,Cicalese,Ferdinando,M,VERONA,,01/INFO-01,INFO-01/A,INF/01,01/B1,Informatica,,,https://openalex.org/A5037548562,Ferdinando Cicalese,0000-0003-1652-0599,22.0,57.0,191.0,1622.0,University of Verona
Associato,CIMATO Stelvio,CIMATO Stelvio,CIMATO,Cimato,Stelvio,M,MILANO,,01/INFO-01,INFO-01/A,INF/01,01/B1,Informatica 'Giovanni Degli Antoni',,,https://openalex.org/A5054965999,Stelvio Cimato,0000-0003-1737-6218,22.0,45.0,150.0,1806.0,University of Milan
Ricercatore a t.d. - t.pieno (art. 24 c.3-a L. 240/10),CIMINO Gaetano,CIMINO Gaetano,CIMINO,Cimino,Gaetano,M,SALERNO,,01/INFO-01,INFO-01/A,INF/01,01/B1,INFORMATICA,,,https://openalex.org/A5038646674,Gaetano Cimino,0000-0001-8061-7104,4.0,1.0,16.0,61.0,University of Salerno
Ricercatore a t.d. - t.pieno (L. 79/2022),CIMMINO Lucia,CIMMINO Lucia,CIMMINO,Cimmino,Lucia,F,SALERNO,,01/INFO-01,INFO-01/A,INF/01,01/B1,INFORMATICA,,,https://openalex.org/A5059135159,Lucia Cimmino,0000-0003-4880-4975,8.0,6.0,22.0,174.0,University of Salerno
Ricercatore,CINCOTTI Gianluca,CINCOTTI Gianluca,CINCOTTI,Cincotti,Gianluca,M,CATANIA,,01/INFO-01,INFO-01/A,INF/01,01/B1,Matematica e Informatica,,,https://openalex.org/A5017196703,Gianluca Cincotti,,4.0,3.0,9.0,78.0,University of Catania
Ricercatore a t.d. - t.pieno (L. 79/2022),CINELLI Matteo,CINELLI Matteo,CINELLI,Cinelli,Matteo,M,"ROMA ""La Sapienza""",,01/INFO-01,INFO-01/A,INF/01,01/B1,INFORMATICA,,,https://openalex.org/A5076143079,Matteo Cinelli,0000-0003-3899-4592,20.0,36.0,124.0,5921.0,Sapienza University of Rome
Ordinario,CINQUE Luigi,CINQUE Luigi,CINQUE,Cinque,Luigi,M,"ROMA ""La Sapienza""",,01/INFO-01,INFO-01/A,INF/01,01/B1,Informatica,,,https://openalex.org/A5032721141,Luigi Cinque,0000-0001-9149-2175,30.0,81.0,264.0,3594.0,Sapienza University of Rome
Associato,CIOCCA Gianluigi,CIOCCA Gianluigi,CIOCCA,Ciocca,Gianluigi,M,MILANO-BICOCCA,,01/INFO-01,INFO-01/A,INF/01,01/B1,"INFORMATICA, SISTEMISTICA E COMUNICAZIONE",,,https://openalex.org/A5044430636,Gianluigi Ciocca,0000-0003-2878-2131,27.0,62.0,152.0,3341.0,University of Milano-Bicocca
Ordinario,CIRAVEGNA Fabio,CIRAVEGNA Fabio,CIRAVEGNA,Ciravegna,Fabio,M,TORINO,,01/INFO-01,INFO-01/A,INF/01,01/B1,Informatica,,,https://openalex.org/A5052671966,Fabio Ciravegna,0000-0001-5817-4810,32.0,107.0,232.0,5075.0,University of Sheffield
Ordinario,CIRIANI Valentina,CIRIANI Valentina,CIRIANI,Ciriani,Valentina,F,MILANO,,01/INFO-01,INFO-01/A,INF/01,01/B1,Informatica 'Giovanni Degli Antoni',,,https://openalex.org/A5076933640,Valentina Ciriani,0000-0002-0469-4201,18.0,35.0,121.0,1373.0,University of Milan
Ricercatore a t.d. - t.pieno (L. 79/2022),CIRILLO Stefano,CIRILLO Stefano,CIRILLO,Cirillo,Stefano,M,SALERNO,,01/INFO-01,INFO-01/A,INF/01,01/B1,INFORMATICA,,,https://openalex.org/A5104332791,Stefano Cirillo,,17.0,28.0,65.0,1676.0,A. O. Ordine Mauriziano di Torino
Ricercatore a t.d. - t.pieno (L. 79/2022),CISOTTO Giulia,CISOTTO Giulia,CISOTTO,Cisotto,Giulia,F,TRIESTE,,01/INFO-01,INFO-01/A,,,"MATEMATICA, INFORMATICA E GEOSCIENZE",,,https://openalex.org/A5034563842,Giulia Cisotto,0000-0002-9554-9367,12.0,18.0,63.0,687.0,University of Padua
Ricercatore,CISTERNINO Antonio,CISTERNINO Antonio,CISTERNINO,Cisternino,Antonio,M,PISA,,01/INFO-01,INFO-01/A,INF/01,01/B1,INFORMATICA,,,https://openalex.org/A5019439932,Antonio Cisternino,0000-0001-5302-3335,17.0,24.0,204.0,1076.0,Istituti di Ricovero e Cura a Carattere Scientifico
Ordinario,CIUCCI Davide Elio,CIUCCI Davide Elio,CIUCCI,Ciucci,Davide Elio,M,MILANO-BICOCCA,,01/INFO-01,INFO-01/A,INF/01,01/B1,"INFORMATICA, SISTEMISTICA E COMUNICAZIONE",,,,,,,,,,
Ricercatore a t.d. - t.pieno (art. 24 c.3-b L. 240/10),CIVITARESE Gabriele,CIVITARESE Gabriele,CIVITARESE,Civitarese,Gabriele,M,MILANO,,01/INFO-01,INFO-01/A,INF/01,01/B1,INFORMATICA 'GIOVANNI DEGLI ANTONI',,,https://openalex.org/A5068914794,Gabriele Civitarese,0000-0002-8247-2524,14.0,17.0,71.0,724.0,University of Milan
Ricercatore a t.d. - t.pieno (L. 79/2022),CLARIZIA Fabio,CLARIZIA Fabio,CLARIZIA,Clarizia,Fabio,M,SALERNO,,01/INFO-01,INFO-01/A,INF/01,01/B1,STUDI UMANISTICI,,,https://openalex.org/A5066430179,Fabio Clarizia,,13.0,14.0,39.0,622.0,University of Salerno
Ordinario,CLEMENTI Andrea,CLEMENTI Andrea,CLEMENTI,Clementi,Andrea,M,"ROMA ""Tor Vergata""",,01/INFO-01,INFO-01/A,INF/01,01/B1,"Ingegneria dell'Impresa ""Mario Lucertini""",,,https://openalex.org/A5001082357,Andrea Clementi,0000-0002-9521-2457,31.0,63.0,184.0,3181.0,University of Rome Tor Vergata
Ricercatore a t.d. - t.pieno (art. 24 c.3-a L. 240/10),COCCO Luisanna,COCCO Luisanna,COCCO,Cocco,Luisanna,F,CAGLIARI,,01/INFO-01,INFO-01/A,INF/01,01/B1,MATEMATICA E INFORMATICA,,,https://openalex.org/A5087692087,Luisanna Cocco,0000-0002-5055-9166,12.0,13.0,39.0,881.0,University of Cagliari
Associato,CODETTA RAITERI Daniele,CODETTA RAITERI Daniele,CODETTA RAITERI,Codetta Raiteri,Daniele,M,PIEMONTE ORIENTALE,,01/INFO-01,INFO-01/A,INF/01,01/B1,Scienze e Innovazione Tecnologica (DISIT),,,https://openalex.org/A5081835685,Daniele Codetta‐Raiteri,0000-0001-8881-2537,16.0,22.0,57.0,1072.0,Università degli Studi del Piemonte Orientale “Amedeo Avogadro”
Ordinario,COLACE Francesco,COLACE Francesco,COLACE,Colace,Francesco,M,SALERNO,,01/INFO-01,INFO-01/A,INF/01,01/B1,Ingegneria Industriale,,,https://openalex.org/A5045214539,Francesco Colace,0000-0003-2798-5834,31.0,76.0,241.0,2861.0,University of Salerno
Associato,COLAVIZZA Giovanni,COLAVIZZA Giovanni,COLAVIZZA,Colavizza,Giovanni,M,BOLOGNA,,01/INFO-01,INFO-01/A,INF/01,01/B1,Filologia Classica e Italianistica,,,https://openalex.org/A5005227218,Giovanni Colavizza,0000-0002-9806-084X,17.0,25.0,182.0,2856.0,University of Amsterdam
Associato,COLOMBO Pietro,COLOMBO Pietro,COLOMBO,Colombo,Pietro,M,INSUBRIA,,01/INFO-01,INFO-01/A,INF/01,01/B1,Scienze Teoriche e Applicate,,,https://openalex.org/A5042580260,Pietro Colombo,0000-0003-4617-5247,16.0,25.0,60.0,730.0,University of Insubria
Ricercatore a t.d. - t.pieno (art. 24 c.3-a L. 240/10),COLONNELLI Iacopo,COLONNELLI Iacopo,COLONNELLI,Colonnelli,Iacopo,M,TORINO,,01/INFO-01,INFO-01/A,INF/01,01/B1,INFORMATICA,,,https://openalex.org/A5019034566,Iacopo Colonnelli,0000-0001-9290-2017,9.0,9.0,55.0,529.0,University of Turin
Ordinario,COMBI Carlo,COMBI Carlo,COMBI,Combi,Carlo,M,VERONA,,01/INFO-01,INFO-01/A,INF/01,01/B1,Informatica,,,https://openalex.org/A5023655769,Carlo Combi,0000-0002-4837-4701,31.0,99.0,296.0,3652.0,University of Verona
Associato confermato,COMINI Marco,COMINI Marco,COMINI,Comini,Marco,M,UDINE,,01/INFO-01,INFO-01/A,INF/01,01/B1,"Scienze Matematiche, Informatiche e Fisiche",,,https://openalex.org/A5051344054,Marco Comini,0000-0002-8069-3411,11.0,14.0,48.0,358.0,University of Udine
Associato,CONFALONIERI Roberto,CONFALONIERI Roberto,CONFALONIERI,Confalonieri,Roberto,M,PADOVA,,01/INFO-01,INFO-01/A,INF/01,01/B1,"MATEMATICA ""TULLIO LEVI-CIVITA"" - DM",,,https://openalex.org/A5109097897,Roberto Confalonieri,,27.0,43.0,77.0,2524.0,University of Milan
Associato,CONIGLIO Stefano,CONIGLIO Stefano,CONIGLIO,Coniglio,Stefano,M,BERGAMO,,01/INFO-01,INFO-01/A,INF/01,01/B1,Scienze economiche,,,https://openalex.org/A5020108924,Stefano Coniglio,0000-0001-9568-4385,16.0,25.0,79.0,881.0,University of Southampton
Ordinario,CONSOLE Luca,CONSOLE Luca,CONSOLE,Console,Luca,M,TORINO,,01/INFO-01,INFO-01/A,INF/01,01/B1,Informatica,,,https://openalex.org/A5000149450,Luca Console,0000-0003-2948-5622,29.0,61.0,124.0,3274.0,University of Turin
Associato,CONTE Alessio,CONTE Alessio,CONTE,Conte,Alessio,M,PISA,,01/INFO-01,INFO-01/A,INF/01,01/B1,INFORMATICA,,,https://openalex.org/A5086573637,Alessio Conte,0000-0003-0770-2235,12.0,15.0,98.0,497.0,University of Pisa
Ordinario,CONTI Mauro,CONTI Mauro,CONTI,Conti,Mauro,M,PADOVA,,01/INFO-01,INFO-01/A,INF/01,01/B1,"MATEMATICA ""TULLIO LEVI-CIVITA"" - DM",,,https://openalex.org/A5063847107,Mauro Conti,0000-0002-3612-1934,75.0,362.0,971.0,24437.0,University of Padua
Associato confermato,COPPOLA Paolo,COPPOLA Paolo,COPPOLA,Coppola,Paolo,M,UDINE,,01/INFO-01,INFO-01/A,INF/01,01/B1,"Scienze Matematiche, Informatiche e Fisiche",,,https://openalex.org/A5036921589,Paolo Coppola,0000-0001-5808-6132,11.0,15.0,36.0,377.0,University of Udine
Associato,CORAZZA Anna,CORAZZA Anna,CORAZZA,Corazza,Anna,F,Napoli Federico II,,01/INFO-01,INFO-01/A,INF/01,01/B1,Ingegneria Elettrica e delle Tecnologie dell'Informazione,,,https://openalex.org/A5064332237,Anna Corazza,0000-0002-9156-5079,17.0,25.0,89.0,1016.0,University of Naples Federico II
Ricercatore a t.d. - t.pieno (art. 24 c.3-a L. 240/10),CORAZZA Michele,CORAZZA Michele,CORAZZA,Corazza,Michele,M,BOLOGNA,,01/INFO-01,INFO-01/A,INF/01,01/B1,SCIENZE GIURIDICHE,,,https://openalex.org/A5103619388,Michele Corazza,,14.0,17.0,144.0,586.0,University of Pisa
Associato,CORCHS Silvia Elena,CORCHS Silvia Elena,CORCHS,Corchs,Silvia Elena,F,INSUBRIA,,01/INFO-01,INFO-01/A,INF/01,01/B1,Scienze Teoriche e Applicate,,,https://openalex.org/A5068677606,Silvia Corchs,0000-0002-1739-8110,18.0,31.0,75.0,1750.0,University of Insubria
Associato,CORDASCO Gennaro,CORDASCO Gennaro,CORDASCO,Cordasco,Gennaro,M,SALERNO,,01/INFO-01,INFO-01/A,INF/01,01/B1,Informatica,,,https://openalex.org/A5084267145,Gennaro Cordasco,0000-0001-9148-9769,26.0,90.0,273.0,2896.0,"University of Campania ""Luigi Vanvitelli"""
Associato,CORDERO Francesca,CORDERO Francesca,CORDERO,Cordero,Francesca,F,TORINO,,01/INFO-01,INFO-01/A,INF/01,01/B1,Informatica,,,https://openalex.org/A5064773200,Francesca Cordero,0000-0002-3143-3330,31.0,60.0,213.0,4756.0,University of Turin
Associato,CORDONE Roberto,CORDONE Roberto,CORDONE,Cordone,Roberto,M,MILANO,,01/INFO-01,INFO-01/A,INF/01,01/B1,Informatica 'Giovanni Degli Antoni',,,https://openalex.org/A5008632321,Roberto Cordone,0000-0002-5439-1743,21.0,36.0,106.0,1648.0,University of Milan
Ricercatore a t.d. - t.pieno (art. 24 c.3-a L. 240/10),CORMAN Julien Louis,CORMAN Julien Louis,CORMAN,Corman,Julien Louis,M,Libera Università di BOLZANO,Ingegneria,01/INFO-01,INFO-01/A,INF/01,01/B1,Non disponibile,,,,,,,,,,
Ricercatore a t.d. - t.pieno (art. 24 c.3-a L. 240/10),CORO' Federico,CORÒ Federico,CORÒ,Corò,Federico,M,PADOVA,,01/INFO-01,INFO-01/A,INF/01,01/B1,"MATEMATICA ""TULLIO LEVI-CIVITA"" - DM",,,https://openalex.org/A5060913079,Federico Corò,0000-0002-7321-3467,13.0,17.0,71.0,422.0,University of Padua
Ordinario,CORRADINI Andrea,CORRADINI Andrea,CORRADINI,Corradini,Andrea,M,PISA,,01/INFO-01,INFO-01/A,INF/01,01/B1,INFORMATICA,,,https://openalex.org/A5062051157,Andrea Corradini,0000-0001-6123-4175,33.0,101.0,286.0,4702.0,University of Trento
Ordinario,CORRADINI Flavio,CORRADINI Flavio,CORRADINI,Corradini,Flavio,M,CAMERINO,,01/INFO-01,INFO-01/A,INF/01,01/B1,SCUOLA DI SCIENZE E TECNOLOGIE,,,https://openalex.org/A5078426900,Flavio Corradini,0000-0001-6767-2184,25.0,93.0,358.0,2792.0,Università di Camerino
Ordinario,CORTELLESSA Vittorio,CORTELLESSA Vittorio,CORTELLESSA,Cortellessa,Vittorio,M,L'AQUILA,,01/INFO-01,INFO-01/A,INF/01,01/B1,Ingegneria e scienze dell'informazione e matematica,,,https://openalex.org/A5038504023,Vittorio Cortellessa,0000-0002-4507-464X,28.0,76.0,204.0,2899.0,University of L'Aquila
Ordinario,CORTESI Agostino,CORTESI Agostino,CORTESI,Cortesi,Agostino,M,"""Ca' Foscari"" VENEZIA",,01/INFO-01,INFO-01/A,INF/01,01/B1,"Scienze Ambientali, Informatica e Statistica",,,https://openalex.org/A5015116587,Agostino Cortesi,0000-0002-0946-5440,28.0,82.0,305.0,2682.0,Ca' Foscari University of Venice
Ricercatore a t.d. - t.pieno (L. 79/2022),COSCIA Pasquale,COSCIA Pasquale,COSCIA,Coscia,Pasquale,M,MILANO,,01/INFO-01,INFO-01/A,,,INFORMATICA 'GIOVANNI DEGLI ANTONI',,,https://openalex.org/A5067609101,Pasquale Coscia,0000-0003-4726-3409,10.0,10.0,42.0,392.0,University of Milan
Associato,COSENZA Biagio,COSENZA Biagio,COSENZA,Cosenza,Biagio,M,SALERNO,,01/INFO-01,INFO-01/A,INF/01,01/B1,Informatica,,,https://openalex.org/A5031619277,Biagio Cosenza,0000-0002-8869-6705,13.0,19.0,75.0,1419.0,University of Salerno
Associato,COSMO Luca,COSMO Luca,COSMO,Cosmo,Luca,M,"""Ca' Foscari"" VENEZIA",,01/INFO-01,INFO-01/A,INF/01,01/B1,"Scienze Ambientali, Informatica e Statistica",,,https://openalex.org/A5085428440,Luca Cosmo,0000-0001-7729-4666,15.0,29.0,87.0,1073.0,Ca' Foscari University of Venice
Ricercatore a t.d. - t.pieno (art. 24 c.3-a L. 240/10),COSSU Andrea,COSSU Andrea,COSSU,Cossu,Andrea,M,PISA,,01/INFO-01,INFO-01/A,INF/01,01/B1,INFORMATICA,,,https://openalex.org/A5004554972,Andrea Cossu,0000-0003-3388-3965,21.0,33.0,101.0,1156.0,Istituto di Ricovero e Cura a Carattere Scientifico San Raffaele
Associato,COSTA Gabriele,COSTA Gabriele,COSTA,Costa,Gabriele,M,Scuola IMT Alti Studi LUCCA,Altre Strutture,01/INFO-01,INFO-01/A,INF/01,01/B1,COMPUTER SCIENCE AND APPLICATIONS,,,https://openalex.org/A5017754970,G. Costa,0000-0002-7297-0204,136.0,840.0,1179.0,90542.0,University of Luxembourg
Ordinario,COSTAGLIOLA Gennaro,COSTAGLIOLA Gennaro,COSTAGLIOLA,Costagliola,Gennaro,M,SALERNO,,01/INFO-01,INFO-01/A,INF/01,01/B1,Informatica,,,https://openalex.org/A5036621965,Gennaro Costagliola,0000-0003-3816-7765,22.0,62.0,248.0,1913.0,University of Salerno
Ordinario,COSTANTINI Stefania,COSTANTINI Stefania,COSTANTINI,Costantini,Stefania,F,L'AQUILA,,01/INFO-01,INFO-01/A,INF/01,01/B1,Ingegneria e scienze dell'informazione e matematica,,,https://openalex.org/A5021862093,Stefania Costantini,0000-0002-5686-6124,17.0,40.0,257.0,1497.0,University of L'Aquila
Ricercatore,COVINO Emanuele,COVINO Emanuele,COVINO,Covino,Emanuele,M,BARI,,01/INFO-01,INFO-01/A,INF/01,01/B1,Informatica,,,https://openalex.org/A5014432252,Emanuele Covino,0000-0002-2905-0314,3.0,0.0,25.0,34.0,University of Bari Aldo Moro
Ricercatore,CREMONINI Marco,CREMONINI Marco,CREMONINI,Cremonini,Marco,M,MILANO,,01/INFO-01,INFO-01/A,INF/01,01/B1,Scienze sociali e politiche,,,https://openalex.org/A5080057892,Marco Cremonini,0000-0002-4031-9791,20.0,27.0,109.0,1814.0,University of Milan
Ordinario,CRISPO Bruno,CRISPO Bruno,CRISPO,Crispo,Bruno,M,TRENTO,,01/INFO-01,INFO-01/A,INF/01,01/B1,Ingegneria e Scienza dell'Informazione,,,https://openalex.org/A5076845058,Bruno Crispo,0000-0002-1252-8465,40.0,136.0,311.0,6526.0,University of Trento
Ricercatore a t.d. - t.pieno (art. 24 c.3-b L. 240/10),CROCE Danilo,CROCE Danilo,CROCE,Croce,Danilo,M,"ROMA ""Tor Vergata""",,01/INFO-01,INFO-01/A,INF/01,01/B1,"INGEGNERIA DELL'IMPRESA ""MARIO LUCERTINI""",,,https://openalex.org/A5041324718,Danilo Croce,0000-0001-9111-1950,26.0,50.0,152.0,3121.0,University of Rome Tor Vergata
Ricercatore a t.d. - t.pieno (L. 79/2022),CRUCIANI Emilio,CRUCIANI Emilio,CRUCIANI,Cruciani,Emilio,M,EUROPEA di ROMA,,01/INFO-01,INFO-01/A,INF/01,01/B1,SCIENZE UMANE,,,https://openalex.org/A5041514469,Emilio Cruciani,0000-0002-4744-5635,10.0,10.0,48.0,355.0,European University of Rome
Ricercatore,CULMONE Rosario,CULMONE Rosario,CULMONE,Culmone,Rosario,M,CAMERINO,,01/INFO-01,INFO-01/A,INF/01,01/B1,SCUOLA DI SCIENZE E TECNOLOGIE,,,https://openalex.org/A5049649277,Rosario Culmone,0000-0003-3333-0893,12.0,14.0,61.0,419.0,Università di Camerino
Ordinario,CUTELLO Vincenzo,CUTELLO Vincenzo,CUTELLO,Cutello,Vincenzo,M,CATANIA,,01/INFO-01,INFO-01/A,INF/01,01/B1,Matematica e Informatica,,,https://openalex.org/A5001469539,Vincenzo Cutello,0000-0002-7521-3516,27.0,52.0,152.0,2421.0,University of Catania
Associato,D'AGOSTINO Daniele,D'AGOSTINO Daniele,D'AGOSTINO,D'Agostino,Daniele,M,GENOVA,,01/INFO-01,INFO-01/A,INF/01,01/B1,"Informatica, bioingegneria,robotica e ingegneria dei sistemi (DIBRIS)",,,https://openalex.org/A5002026919,Daniele D’Agostino,0000-0003-2649-0071,18.0,37.0,150.0,1749.0,"Istituto Nazionale di Fisica Nucleare, Sezione di Genova"
Associato,D'AMATO Claudia,D'AMATO Claudia,D'AMATO,D'Amato,Claudia,F,BARI,,01/INFO-01,INFO-01/A,INF/01,01/B1,Informatica,,,https://openalex.org/A5008611990,Claudia d’Amato,0000-0002-3385-987X,25.0,56.0,230.0,3221.0,University of Bari Aldo Moro
Associato,D'AMBROSIO Donato,D'AMBROSIO Donato,D'AMBROSIO,D'Ambrosio,Donato,M,della CALABRIA,,01/INFO-01,INFO-01/A,INF/01,01/B1,Matematica e Informatica - DeMaCS,,,https://openalex.org/A5055436317,Donato D’Ambrosio,0000-0003-1701-2203,20.0,34.0,108.0,1271.0,University of Calabria
Ricercatore a t.d. - t.pieno (L. 79/2022),D'AMELIO Alessandro,D'AMELIO Alessandro,D'AMELIO,D'Amelio,Alessandro,M,MILANO,,01/INFO-01,INFO-01/A,,,INFORMATICA 'GIOVANNI DEGLI ANTONI',,,https://openalex.org/A5108540610,Alessandro D’Amelio,,8.0,8.0,58.0,371.0,University of Milan
Ricercatore,D'ANGELO Gabriele,D'ANGELO Gabriele,D'ANGELO,D'Angelo,Gabriele,M,BOLOGNA,,01/INFO-01,INFO-01/A,INF/01,01/B1,Informatica - Scienza e Ingegneria,,,https://openalex.org/A5108167047,Gabriele D’Angelo,0000-0002-3690-6651,22.0,41.0,167.0,1591.0,University of Bologna
Associato,D'ANGELO Gianlorenzo,D'ANGELO Gianlorenzo,D'ANGELO,D'Angelo,Gianlorenzo,M,Gran Sasso Science Institute,,01/INFO-01,INFO-01/A,INF/01,01/B1,Area di Informatica,,,https://openalex.org/A5050291532,Gianlorenzo D’Angelo,0000-0003-0377-7037,23.0,57.0,169.0,2182.0,Gran Sasso Science Institute
Associato,D'ANGELO Gianni,D'ANGELO Gianni,D'ANGELO,D'Angelo,Gianni,M,SALERNO,,01/INFO-01,INFO-01/A,INF/01,01/B1,Informatica,,,https://openalex.org/A5029884896,Gianni D’Angelo,0000-0001-7164-5736,24.0,39.0,67.0,1595.0,University of Salerno
Ordinario,D'ARCO Paolo,D'ARCO Paolo,D'ARCO,D'Arco,Paolo,M,SALERNO,,01/INFO-01,INFO-01/A,INF/01,01/B1,Informatica,,,https://openalex.org/A5066040641,Paolo D’Arco,0000-0002-9271-4240,16.0,26.0,82.0,1294.0,University of Salerno
Associato,D'ARIENZO Maurizio,D'ARIENZO Maurizio,D'ARIENZO,D'Arienzo,Maurizio,M,"CAMPANIA - ""L. VANVITELLI""",,01/INFO-01,INFO-01/A,INF/01,01/B1,SCIENZE POLITICHE,,,https://openalex.org/A5028154985,Maurizio D’Arienzo,0000-0003-3408-7469,9.0,8.0,42.0,301.0,"University of Campania ""Luigi Vanvitelli"""
Associato,D'ONOFRIO Alberto,D'ONOFRIO Alberto,D'ONOFRIO,D'Onofrio,Alberto,M,TRIESTE,,01/INFO-01,INFO-01/A,INF/01,01/B1,"Matematica, Informatica e Geoscienze",,,https://openalex.org/A5108166822,A. D’onofrio,0000-0002-0343-6331,73.0,368.0,823.0,21280.0,Nanjing University
Ricercatore a t.d. - t.pieno (L. 79/2022),D'ORSI Tommaso,D'ORSI Tommaso,D'ORSI,D'Orsi,Tommaso,M,Bocconi MILANO,Economia,01/INFO-01,INFO-01/A,INF/01,01/B1,SCIENZE DELLA COMPUTAZIONE - DEPARTMENT OF COMPUTING SCIENCES (DCS),,,https://openalex.org/A5090499900,Tommaso d'Orsi,0009-0008-9808-6354,3.0,1.0,28.0,31.0,Bocconi University
Associato,DA SAN MARTINO Giovanni,DA SAN MARTINO Giovanni,DA SAN MARTINO,Da San Martino,Giovanni,M,PADOVA,,01/INFO-01,INFO-01/A,INF/01,01/B1,"MATEMATICA ""TULLIO LEVI-CIVITA"" - DM",,,https://openalex.org/A5033850423,Giovanni Da San Martino,0000-0002-2609-483X,38.0,87.0,187.0,4135.0,University of Padua
Ricercatore a t.d. - t.pieno (art. 24 c.3-a L. 240/10),DAGNINO Francesco,DAGNINO Francesco,DAGNINO,Dagnino,Francesco,M,GENOVA,,01/INFO-01,INFO-01/A,INF/01,01/B1,"INFORMATICA, BIOINGEGNERIA,ROBOTICA E INGEGNERIA DEI SISTEMI (DIBRIS)",,,https://openalex.org/A5038408303,Francesca Maria Dagnino,0000-0002-2416-702X,14.0,20.0,69.0,888.0,Istituto per le Tecnologie Didattiche
Ordinario,DAL LAGO Ugo,DAL LAGO Ugo,DAL LAGO,Dal Lago,Ugo,M,BOLOGNA,,01/INFO-01,INFO-01/A,INF/01,01/B1,Informatica - Scienza e Ingegneria,,,https://openalex.org/A5084450516,Ugo Dal Lago,0000-0001-9200-070X,26.0,80.0,286.0,2324.0,University of Bologna
Associato,DAL PALU' Alessandro,DAL PALÙ Alessandro,DAL PALÙ,Dal Palù,Alessandro,M,PARMA,,01/INFO-01,INFO-01/A,INF/01,01/B1,"Scienze Matematiche, Fisiche e Informatiche",,,https://openalex.org/A5046219129,Alessandro Dal Palù,0000-0003-0353-158X,19.0,27.0,85.0,1506.0,University of Parma
Associato,DALLA PREDA Mila,DALLA PREDA Mila,DALLA PREDA,Dalla Preda,Mila,F,VERONA,,01/INFO-01,INFO-01/A,INF/01,01/B1,Informatica,,,https://openalex.org/A5005632682,Mila Dalla Preda,0000-0003-2761-4347,20.0,31.0,80.0,1193.0,University of Verona
Ricercatore a t.d. - t.pieno (art. 24 c.3-a L. 240/10),DALMONTE Tiziano,DALMONTE Tiziano,DALMONTE,Dalmonte,Tiziano,M,Libera Università di BOLZANO,Ingegneria,01/INFO-01,INFO-01/A,INF/01,01/B1,Non disponibile,,,https://openalex.org/A5019687464,Tiziano Dalmonte,0000-0002-7153-0506,5.0,2.0,24.0,57.0,Free University of Bozen-Bolzano
Associato,DAMIANI Chiara,DAMIANI Chiara,DAMIANI,Damiani,Chiara,F,MILANO-BICOCCA,,01/INFO-01,INFO-01/A,INF/01,01/B1,BIOTECNOLOGIE E BIOSCIENZE,,,https://openalex.org/A5107211303,C. Damiani,,21.0,40.0,136.0,2094.0,"Istituto Nazionale di Fisica Nucleare, Sezione di Ferrara"
Ordinario,DAMIANI Ernesto,DAMIANI Ernesto,DAMIANI,Damiani,Ernesto,M,MILANO,,01/INFO-01,INFO-01/A,INF/01,01/B1,Informatica 'Giovanni Degli Antoni',,,https://openalex.org/A5075830877,Ernesto Damiani,0000-0002-9557-6496,58.0,362.0,1178.0,19137.0,University of Milan
Ordinario,DAMIANI Ferruccio,DAMIANI Ferruccio,DAMIANI,Damiani,Ferruccio,M,TORINO,,01/INFO-01,INFO-01/A,INF/01,01/B1,Informatica,,,https://openalex.org/A5065182304,Ferruccio Damiani,0000-0001-8109-1706,26.0,85.0,237.0,2886.0,University of Turin
Ordinario,DAMIANI Maria Luisa,DAMIANI Maria Luisa,DAMIANI,Damiani,Maria Luisa,F,MILANO,,01/INFO-01,INFO-01/A,INF/01,01/B1,Informatica 'Giovanni Degli Antoni',,,https://openalex.org/A5079937994,Maria Luisa Damiani,0000-0001-9587-308X,22.0,42.0,126.0,2973.0,University of Milan
Associato,DAMIANO Rossana,DAMIANO Rossana,DAMIANO,Damiano,Rossana,F,TORINO,,01/INFO-01,INFO-01/A,INF/01,01/B1,Informatica,,,https://openalex.org/A5054581185,Rossana Damiano,0000-0001-9866-2843,18.0,37.0,184.0,1232.0,University of Turin
Ordinario,DANELUTTO Marco,DANELUTTO Marco,DANELUTTO,Danelutto,Marco,M,PISA,,01/INFO-01,INFO-01/A,INF/01,01/B1,INFORMATICA,,,https://openalex.org/A5051951613,Marco Danelutto,0000-0002-7433-376X,29.0,105.0,310.0,3759.0,University of Pisa
Associato,DATTOLO Antonina,DATTOLO Antonina,DATTOLO,Dattolo,Antonina,F,UDINE,,01/INFO-01,INFO-01/A,INF/01,01/B1,"Scienze Matematiche, Informatiche e Fisiche",,,https://openalex.org/A5044160615,Antonina Dattolo,0000-0002-8511-524X,14.0,24.0,78.0,587.0,University of Udine
Associato confermato,DAVOLI Renzo,DAVOLI Renzo,DAVOLI,Davoli,Renzo,M,BOLOGNA,,01/INFO-01,INFO-01/A,INF/01,01/B1,Informatica - Scienza e Ingegneria,,,https://openalex.org/A5024536062,Renzo Davoli,0000-0002-3377-8594,18.0,25.0,129.0,981.0,University of Bologna
Associato,DAZZI Patrizio,DAZZI Patrizio,DAZZI,Dazzi,Patrizio,M,PISA,,01/INFO-01,INFO-01/A,INF/01,01/B1,INFORMATICA,,,https://openalex.org/A5076098917,Patrizio Dazzi,0000-0001-8504-1503,22.0,40.0,165.0,1631.0,University of Pisa
Ordinario,DE ANGELI Antonella,DE ANGELI Antonella,DE ANGELI,De Angeli,Antonella,F,Libera Università di BOLZANO,Ingegneria,01/INFO-01,INFO-01/A,INF/01,01/B1,FACOLTA' DI INGEGNERIA,,,https://openalex.org/A5035208761,Antonella De Angeli,0000-0002-1525-0489,37.0,97.0,203.0,5101.0,Free University of Bozen-Bolzano
Ordinario,DE CAPITANI DI VIMERCATI Sabrina,DE CAPITANI DI VIMERCATI Sabrina,DE CAPITANI DI VIMERCATI,De Capitani Di Vimercati,Sabrina,F,MILANO,,01/INFO-01,INFO-01/A,INF/01,01/B1,Informatica 'Giovanni Degli Antoni',,,https://openalex.org/A5024313767,Sabrina De Capitani di Vimercati,0000-0003-0793-3551,51.0,145.0,378.0,10318.0,University of Milan
Associato,DE CAROLIS Berardina,DE CAROLIS Berardina,DE CAROLIS,De Carolis,Berardina,F,BARI,,01/INFO-01,INFO-01/A,INF/01,01/B1,Informatica,,,https://openalex.org/A5065110383,Berardina De Carolis,0000-0002-2689-137X,22.0,49.0,188.0,2201.0,University of Bari Aldo Moro
Ricercatore a t.d. - t.pieno (art. 24 c.3-a L. 240/10),DE GASPARI Fabio,DE GASPARI Fabio,DE GASPARI,De Gaspari,Fabio,M,"ROMA ""La Sapienza""",,01/INFO-01,INFO-01/A,INF/01,01/B1,INFORMATICA,,,https://openalex.org/A5062718348,Fabio De Gaspari,0000-0001-9718-1044,12.0,15.0,40.0,408.0,Sapienza University of Rome
Associato,DE GEMMIS Marco,DE GEMMIS Marco,DE GEMMIS,De Gemmis,Marco,M,BARI,,01/INFO-01,INFO-01/A,INF/01,01/B1,Informatica,,,https://openalex.org/A5020864885,Marco de Gemmis,0000-0002-2007-9559,36.0,99.0,264.0,6058.0,University of Bari Aldo Moro
Associato,DE LEONI Massimiliano,DE LEONI Massimiliano,DE LEONI,De Leoni,Massimiliano,M,PADOVA,,01/INFO-01,INFO-01/A,INF/01,01/B1,"MATEMATICA ""TULLIO LEVI-CIVITA"" - DM",,,https://openalex.org/A5074681714,Massimiliano de Leoni,0000-0002-8447-5374,34.0,82.0,170.0,4960.0,Istituto Giannina Gaslini
Ricercatore,DE LUCA Alessandro,DE LUCA Alessandro,DE LUCA,De Luca,Alessandro,M,Napoli Federico II,,01/INFO-01,INFO-01/A,INF/01,01/B1,Ingegneria Elettrica e delle Tecnologie dell'Informazione,,,https://openalex.org/A5049914116,Alessandro De Luca,0000-0002-0713-5608,61.0,175.0,285.0,15159.0,Sapienza University of Rome
Ricercatore a t.d. - t.pieno (art. 24 c.3-a L. 240/10),DE MARCO Fabiola,DE MARCO Fabiola,DE MARCO,De Marco,Fabiola,F,SALERNO,,01/INFO-01,INFO-01/A,INF/01,01/B1,INFORMATICA,,,https://openalex.org/A5044061604,Fabiola De Marco,0000-0003-4285-9502,6.0,5.0,23.0,133.0,University of Salerno
Associato,DE MARCO Gianluca,DE MARCO Gianluca,DE MARCO,De Marco,Gianluca,M,SALERNO,,01/INFO-01,INFO-01/A,INF/01,01/B1,Informatica,,,https://openalex.org/A5087104329,Gianluca De Marco,0000-0002-1204-0646,16.0,24.0,55.0,726.0,University of Salerno
Ordinario,DE MARSICO Maria,DE MARSICO Maria,DE MARSICO,De Marsico,Maria,F,"ROMA ""La Sapienza""",,01/INFO-01,INFO-01/A,INF/01,01/B1,Informatica,,,https://openalex.org/A5055512639,Maria De Marsico,0000-0002-1391-8502,31.0,74.0,285.0,4212.0,Azienda Ospedaliero-Universitaria di Modena
Ricercatore a t.d. - t.pieno (art. 24 c.3-a L. 240/10),DE NARDIN Axel,DE NARDIN Axel,DE NARDIN,De Nardin,Axel,M,UDINE,,01/INFO-01,INFO-01/A,,,"SCIENZE MATEMATICHE, INFORMATICHE E FISICHE",,,https://openalex.org/A5079038522,Axel De Nardin,0000-0002-0762-708X,7.0,5.0,19.0,106.0,University of Udine
Associato confermato,DE PAOLI Flavio Maria,DE PAOLI Flavio Maria,DE PAOLI,De Paoli,Flavio Maria,M,MILANO-BICOCCA,,01/INFO-01,INFO-01/A,INF/01,01/B1,"INFORMATICA, SISTEMISTICA E COMUNICAZIONE",,,,,,,,,,
Ricercatore,DE PIERRO Massimiliano,DE PIERRO Massimiliano,DE PIERRO,De Pierro,Massimiliano,M,TORINO,,01/INFO-01,INFO-01/A,INF/01,01/B1,Informatica,,,https://openalex.org/A5069220078,Massimiliano De Pierro,,8.0,7.0,27.0,285.0,University of Turin
Ordinario,DE PIETRO Giuseppe,DE PIETRO Giuseppe,DE PIETRO,De Pietro,Giuseppe,M,Univ. Telematica PEGASO,Ingegneria e informatica,01/INFO-01,INFO-01/A,INF/01,01/B1,SCIENZE E TECNOLOGIE DELL'INFORMAZIONE,,,https://openalex.org/A5025157025,Giuseppe De Pietro,0000-0002-4675-5957,40.0,138.0,340.0,6582.0,Pegaso University
Ordinario,DE PRISCO Roberto,DE PRISCO Roberto,DE PRISCO,De Prisco,Roberto,M,SALERNO,,01/INFO-01,INFO-01/A,INF/01,01/B1,Informatica,,,https://openalex.org/A5026243357,Roberto De Prisco,0000-0003-0559-6897,27.0,59.0,153.0,2283.0,University of Salerno
Ricercatore a t.d. - t.pieno (art. 24 c.3-a L. 240/10),DE RANGO Alessio,DE RANGO Alessio,DE RANGO,De Rango,Alessio,M,della CALABRIA,,01/INFO-01,INFO-01/A,INF/01,01/B1,INGEGNERIA DELL’AMBIENTE - DIAM,,,https://openalex.org/A5059621771,Alessio De Rango,0000-0002-7045-2702,9.0,9.0,46.0,213.0,University of Calabria
Ricercatore a t.d. - t.pieno (art. 24 c.3-b L. 240/10),DE ROSA Mattia,DE ROSA Mattia,DE ROSA,De Rosa,Mattia,M,SALERNO,,01/INFO-01,INFO-01/A,INF/01,01/B1,INFORMATICA,,,https://openalex.org/A5041481797,Маттиа Де Роса,0000-0002-0745-2419,24.0,34.0,62.0,2278.0,Ingegneria dei Trasporti (Italy)
Ricercatore a t.d. - t.pieno (L. 79/2022),DE SANCTIS Martina,DE SANCTIS Martina,DE SANCTIS,De Sanctis,Martina,F,Gran Sasso Science Institute,,01/INFO-01,INFO-01/A,,,Non disponibile,,,https://openalex.org/A5051150544,Massimo De Sanctis,0000-0002-5915-566X,40.0,67.0,129.0,6185.0,Istituti di Ricovero e Cura a Carattere Scientifico
Ordinario,DE SANTIS Alfredo,DE SANTIS Alfredo,DE SANTIS,De Santis,Alfredo,M,SALERNO,,01/INFO-01,INFO-01/A,INF/01,01/B1,Informatica,,,https://openalex.org/A5078114782,Alfredo De Santis,0000-0001-8962-1919,54.0,179.0,310.0,14128.0,University of Salerno
Ordinario,DE SANTO Massimo,DE SANTO Massimo,DE SANTO,De Santo,Massimo,M,SALERNO,,01/INFO-01,INFO-01/A,INF/01,01/B1,Ingegneria Industriale,,,https://openalex.org/A5103166011,Massimo De Santo,0000-0002-8671-4869,27.0,53.0,215.0,2339.0,University of Salerno
Associato confermato,DE' LIGUORO Ugo,DÈ LIGUORO Ugo,DÈ LIGUORO,Dè Liguoro,Ugo,M,TORINO,,01/INFO-01,INFO-01/A,INF/01,01/B1,Informatica,,,https://openalex.org/A5038788984,Ugo de’ Liguoro,,5.0,3.0,10.0,68.0,University of Turin
Associato,DELL'AMICO Matteo,DELL'AMICO Matteo,DELL'AMICO,Dell'Amico,Matteo,M,GENOVA,,01/INFO-01,INFO-01/A,INF/01,01/B1,"Informatica, bioingegneria,robotica e ingegneria dei sistemi (DIBRIS)",,,https://openalex.org/A5027942683,Matteo Dell’Amico,0000-0003-3152-4993,18.0,23.0,69.0,1284.0,University of Genoa
Associato,DELLA MONICA Dario,DELLA MONICA Dario,DELLA MONICA,Della Monica,Dario,M,UDINE,,01/INFO-01,INFO-01/A,INF/01,01/B1,"Scienze Matematiche, Informatiche e Fisiche",,,https://openalex.org/A5033663075,Dario Della Monica,0000-0001-9743-665X,14.0,19.0,72.0,552.0,University of Udine
Associato,DELLA PENNA Giuseppe,DELLA PENNA Giuseppe,DELLA PENNA,Della Penna,Giuseppe,M,L'AQUILA,,01/INFO-01,INFO-01/A,INF/01,01/B1,Ingegneria e scienze dell'informazione e matematica,,,https://openalex.org/A5090687110,Giuseppe Penna,0000-0003-3534-7090,53.0,82.0,142.0,14702.0,IRCCS Humanitas Research Hospital
Ordinario,DELLA VEDOVA Gianluca,DELLA VEDOVA Gianluca,DELLA VEDOVA,Della Vedova,Gianluca,M,MILANO-BICOCCA,,01/INFO-01,INFO-01/A,INF/01,01/B1,"INFORMATICA, SISTEMISTICA E COMUNICAZIONE",,,https://openalex.org/A5059679442,Gianluca Della Vedova,0000-0001-5584-3089,22.0,46.0,173.0,1789.0,University of Milano-Bicocca
Ricercatore a t.d. - t.pieno (art. 24 c.3-a L. 240/10),DELNEVO Giovanni,DELNEVO Giovanni,DELNEVO,Delnevo,Giovanni,M,BOLOGNA,,01/INFO-01,INFO-01/A,INF/01,01/B1,INFORMATICA - SCIENZA E INGEGNERIA,,,https://openalex.org/A5034405366,Giovanni Delnevo,0000-0001-6640-5746,16.0,22.0,80.0,807.0,University of Bologna
Ordinario,DELZANNO Giorgio,DELZANNO Giorgio,DELZANNO,Delzanno,Giorgio,M,GENOVA,,01/INFO-01,INFO-01/A,INF/01,01/B1,"Informatica, bioingegneria,robotica e ingegneria dei sistemi (DIBRIS)",,,https://openalex.org/A5071901297,Giorgio Delzanno,0000-0001-7030-1050,26.0,61.0,209.0,2241.0,University of Genoa
Associato,DENARO Giovanni,DENARO Giovanni,DENARO,Denaro,Giovanni,M,MILANO-BICOCCA,,01/INFO-01,INFO-01/A,INF/01,01/B1,"INFORMATICA, SISTEMISTICA E COMUNICAZIONE",,,https://openalex.org/A5038269238,Giovanni Denaro,0000-0002-7566-8051,22.0,38.0,108.0,1440.0,University of Milano-Bicocca
Associato,DENNUNZIO Alberto,DENNUNZIO Alberto,DENNUNZIO,Dennunzio,Alberto,M,MILANO-BICOCCA,,01/INFO-01,INFO-01/A,INF/01,01/B1,"INFORMATICA, SISTEMISTICA E COMUNICAZIONE",,,https://openalex.org/A5042239612,Alberto Dennunzio,0000-0003-1420-404X,20.0,32.0,93.0,912.0,University of Milano-Bicocca
Ricercatore a t.d. - t.pieno (art. 24 c.3-a L. 240/10),DESIATO Domenico,DESIATO Domenico,DESIATO,Desiato,Domenico,M,BARI,,01/INFO-01,INFO-01/A,INF/01,01/B1,INFORMATICA,,,https://openalex.org/A5059080834,Domenico Desiato,0000-0002-6327-459X,7.0,6.0,13.0,192.0,University of Bari Aldo Moro
Associato,DESOLDA Giuseppe,DESOLDA Giuseppe,DESOLDA,Desolda,Giuseppe,M,BARI,,01/INFO-01,INFO-01/A,INF/01,01/B1,Informatica,,,https://openalex.org/A5060772258,Giuseppe Desolda,0000-0001-9894-2116,20.0,32.0,126.0,1476.0,University of Bari Aldo Moro
Ordinario,DEUFEMIA Vincenzo,DEUFEMIA Vincenzo,DEUFEMIA,Deufemia,Vincenzo,M,SALERNO,,01/INFO-01,INFO-01/A,INF/01,01/B1,Informatica,,,https://openalex.org/A5083976078,Vincenzo Deufemia,0000-0002-6711-3590,22.0,44.0,161.0,1478.0,University of Salerno
Ricercatore a t.d. - t.pieno (art. 24 c.3-a L. 240/10),DI BIASI Luigi,DI BIASI Luigi,DI BIASI,Di Biasi,Luigi,M,SALERNO,,01/INFO-01,INFO-01/A,INF/01,01/B1,INFORMATICA,,,https://openalex.org/A5077768428,Luigi Di Biasi,0000-0002-9583-6681,9.0,9.0,48.0,266.0,University of Salerno
Ordinario,DI CAMILLO Barbara,DI CAMILLO Barbara,DI CAMILLO,Di Camillo,Barbara,F,PADOVA,,01/INFO-01,INFO-01/A,INF/01,01/B1,INGEGNERIA DELL'INFORMAZIONE - DEI,,,https://openalex.org/A5077821068,Barbara Di Camillo,0000-0001-8415-4688,36.0,82.0,283.0,5832.0,University of Padua
Associato,DI CARO Luigi,DI CARO Luigi,DI CARO,Di Caro,Luigi,M,TORINO,,01/INFO-01,INFO-01/A,INF/01,01/B1,Informatica,,,https://openalex.org/A5057833935,Luigi Di,0000-0002-7570-637X,20.0,36.0,161.0,1689.0,University of Turin
Ordinario,DI FELICE Marco,DI FELICE Marco,DI FELICE,Di Felice,Marco,M,BOLOGNA,,01/INFO-01,INFO-01/A,INF/01,01/B1,Informatica - Scienza e Ingegneria,,,https://openalex.org/A5032452851,Marco Di Felice,0000-0001-7496-7597,34.0,107.0,214.0,4388.0,University of Bologna
Ricercatore a t.d. - t.pieno (L. 79/2022),DI FRANCESCO MAESA Damiano,DI FRANCESCO MAESA Damiano,DI FRANCESCO MAESA,Di Francesco Maesa,Damiano,M,PISA,,01/INFO-01,INFO-01/A,INF/01,01/B1,INFORMATICA,,,https://openalex.org/A5004602130,Damiano Di Francesco Maesa,0000-0003-1286-0596,12.0,14.0,50.0,1421.0,University of Pisa
Associato confermato,DI GIANANTONIO Pietro,DI GIANANTONIO Pietro,DI GIANANTONIO,Di Gianantonio,Pietro,M,UDINE,,01/INFO-01,INFO-01/A,INF/01,01/B1,"Scienze Matematiche, Informatiche e Fisiche",,,https://openalex.org/A5063938532,Pietro Di Gianantonio,0000-0002-0638-4610,14.0,15.0,53.0,485.0,University of Udine
Associato confermato,DI IANNI Miriam,DI IANNI Miriam,DI IANNI,Di Ianni,Miriam,F,"ROMA ""Tor Vergata""",,01/INFO-01,INFO-01/A,INF/01,01/B1,"Ingegneria dell'Impresa ""Mario Lucertini""",,,https://openalex.org/A5014515479,Miriam Di Ianni,0000-0002-1699-5802,11.0,12.0,50.0,345.0,University of Rome Tor Vergata
Associato,DI IORIO Angelo,DI IORIO Angelo,DI IORIO,Di Iorio,Angelo,M,BOLOGNA,,01/INFO-01,INFO-01/A,INF/01,01/B1,Informatica - Scienza e Ingegneria,,,https://openalex.org/A5011701497,Angelo Di Iorio,0000-0003-2899-146X,45.0,104.0,191.0,8985.0,University of Chieti-Pescara
Associato,DI LENA Pietro,DI LENA Pietro,DI LENA,Di Lena,Pietro,M,BOLOGNA,,01/INFO-01,INFO-01/A,INF/01,01/B1,Informatica - Scienza e Ingegneria,,,https://openalex.org/A5055593623,Pietro Di Lena,0000-0002-1838-8918,20.0,29.0,84.0,1321.0,University of Bologna
Associato,DI MARCO Antinisca,DI MARCO Antinisca,DI MARCO,Di Marco,Antinisca,F,L'AQUILA,,01/INFO-01,INFO-01/A,INF/01,01/B1,Ingegneria e scienze dell'informazione e matematica,Gran Sasso Science Institute 10%,,https://openalex.org/A5044201375,Antinisca Di Marco,0000-0001-7214-9945,23.0,43.0,165.0,4771.0,University of L'Aquila
Ricercatore a t.d. - t.defin. (art. 24 c.3-a L. 240/10),DI MARCO Niccolo',DI MARCO Niccolò,DI MARCO,Di Marco,Niccolò,M,TUSCIA,,01/INFO-01,INFO-01/A,INF/01,01/B1,"SCIENZE GIURIDICHE, SOCIALI E PEDAGOGICHE",,,https://openalex.org/A5085261603,Niccolò Di Marco,0000-0003-4335-7328,5.0,4.0,35.0,436.0,Sapienza University of Rome
Ricercatore a t.d. - t.pieno (art. 24 c.3-a L. 240/10),DI MARIA Antonio,DI MARIA Antonio,DI MARIA,Di Maria,Antonio,M,CATANIA,,01/INFO-01,INFO-01/A,INF/01,01/B1,MEDICINA CLINICA E SPERIMENTALE,,,https://openalex.org/A5075784411,Antonio Di Maria,0009-0008-9300-2297,6.0,2.0,31.0,66.0,University of Catania
Associato,DI MARTINO Ferdinando,DI MARTINO Ferdinando,DI MARTINO,Di Martino,Ferdinando,M,Napoli Federico II,,01/INFO-01,INFO-01/A,INF/01,01/B1,Architettura,,,https://openalex.org/A5028234987,Ferdinando Di Martino,0000-0001-5690-5384,19.0,39.0,196.0,1563.0,University of Naples Federico II
Ordinario,DI MARTINO Sergio,DI MARTINO Sergio,DI MARTINO,Di Martino,Sergio,M,Napoli Federico II,,01/INFO-01,INFO-01/A,INF/01,01/B1,Ingegneria Elettrica e delle Tecnologie dell'Informazione,,,https://openalex.org/A5106313970,Sergio Di Martino,0000-0002-1019-9004,29.0,65.0,231.0,2535.0,University of Naples Federico II
Ricercatore a t.d. - t.pieno (art. 24 c.3-a L. 240/10),DI NARDO Emanuel,DI NARDO Emanuel,DI NARDO,Di Nardo,Emanuel,M,"""Parthenope"" di NAPOLI",,01/INFO-01,INFO-01/A,INF/01,01/B1,SCIENZE E TECNOLOGIE,,,https://openalex.org/A5062243177,Emanuel Di Nardo,0000-0002-6589-9323,6.0,4.0,26.0,207.0,Parthenope University of Naples
Associato,DI NUCCI Dario,DI NUCCI Dario,DI NUCCI,Di Nucci,Dario,M,SALERNO,,01/INFO-01,INFO-01/A,INF/01,01/B1,Informatica,,,https://openalex.org/A5072127726,Dario Di Nucci,0000-0002-3861-1902,25.0,40.0,152.0,2133.0,University of Salerno
Associato confermato,DI PIERRO Alessandra,DI PIERRO Alessandra,DI PIERRO,Di Pierro,Alessandra,F,VERONA,,01/INFO-01,INFO-01/A,INF/01,01/B1,Informatica,,,https://openalex.org/A5034703008,Alessandra Di Pierro,0000-0003-4173-7941,17.0,28.0,116.0,1139.0,University of Verona
Ricercatore a t.d. - t.pieno (art. 24 c.3-a L. 240/10),DI POMPEO Daniele,DI POMPEO Daniele,DI POMPEO,Di Pompeo,Daniele,M,L'AQUILA,,01/INFO-01,INFO-01/A,INF/01,01/B1,INGEGNERIA E SCIENZE DELL'INFORMAZIONE E MATEMATICA,,,https://openalex.org/A5088705696,Daniele Di Pompeo,0000-0003-2041-7375,9.0,9.0,63.0,290.0,University of L'Aquila
Ricercatore,DI RAIMONDO Mario,DI RAIMONDO Mario,DI RAIMONDO,Di Raimondo,Mario,M,CATANIA,,01/INFO-01,INFO-01/A,INF/01,01/B1,Matematica e Informatica,,,https://openalex.org/A5084067945,Mario Di Raimondo,0000-0002-5531-1098,14.0,18.0,40.0,910.0,University of Catania
Ricercatore a t.d. - t.pieno (art. 24 c.3-b L. 240/10),DI ROCCO Juri,DI ROCCO Juri,DI ROCCO,Di Rocco,Juri,M,L'AQUILA,,01/INFO-01,INFO-01/A,INF/01,01/B1,INGEGNERIA E SCIENZE DELL'INFORMAZIONE E MATEMATICA,,,https://openalex.org/A5044470818,Juri Di Rocco,0000-0002-7909-3902,18.0,33.0,115.0,1107.0,University of L'Aquila
Associato confermato,DI RUBERTO Cecilia,DI RUBERTO Cecilia,DI RUBERTO,Di Ruberto,Cecilia,F,CAGLIARI,,01/INFO-01,INFO-01/A,INF/01,01/B1,Matematica e Informatica,,,https://openalex.org/A5009180528,Cecilia Di Ruberto,0000-0003-4641-0307,20.0,37.0,115.0,2041.0,University of Cagliari
Ordinario,DI RUSCIO Davide,DI RUSCIO Davide,DI RUSCIO,Di Ruscio,Davide,M,L'AQUILA,,01/INFO-01,INFO-01/A,INF/01,01/B1,Ingegneria e scienze dell'informazione e matematica,,,https://openalex.org/A5002764716,Davide Di Ruscio,0000-0002-5077-6793,34.0,95.0,303.0,4346.0,University of L'Aquila
Ricercatore a t.d. - t.pieno (art. 24 c.3-b L. 240/10),DI SALLE Amleto,DI SALLE Amleto,DI SALLE,Di Salle,Amleto,M,Gran Sasso Science Institute,,01/INFO-01,INFO-01/A,INF/01,01/B1,Non disponibile,,,https://openalex.org/A5006635743,Amleto Di Salle,0000-0002-0163-9784,14.0,21.0,70.0,699.0,Gran Sasso Science Institute
Ricercatore a t.d. - t.pieno (art. 24 c.3-a L. 240/10),DI SALVATORE Valentina,DI SALVATORE Valentina,DI SALVATORE,Di Salvatore,Valentina,F,CATANIA,,01/INFO-01,INFO-01/A,INF/01,01/B1,SCIENZE DEL FARMACO E DELLA SALUTE,,,https://openalex.org/A5083311782,Valentina Di Salvatore,0000-0001-5576-3070,9.0,10.0,44.0,348.0,University of Catania
Associato,DIGNOES Anton,DIGNOES Anton,DIGNOES,Dignoes,Anton,M,Libera Università di BOLZANO,Ingegneria,01/INFO-01,INFO-01/A,INF/01,01/B1,FACOLTA' DI INGEGNERIA,,,https://openalex.org/A5112402329,Anton Dignoes,,1.0,0.0,1.0,2.0,Free University of Bozen-Bolzano
Ordinario,DIMAURO Giovanni,DIMAURO Giovanni,DIMAURO,Dimauro,Giovanni,M,BARI,,01/INFO-01,INFO-01/A,INF/01,01/B1,Informatica,,,https://openalex.org/A5058650449,Giovanni Dimauro,0000-0002-4120-5876,29.0,65.0,191.0,2560.0,University of Bari Aldo Moro
Ricercatore a t.d. - t.pieno (L. 79/2022),DIMITRI Giovanna Maria,DIMITRI Giovanna Maria,DIMITRI,Dimitri,Giovanna Maria,F,MILANO,,01/INFO-01,INFO-01/A,,,SCIENZE SOCIALI E POLITICHE,,,https://openalex.org/A5018615713,Giovanna Maria Dimitri,0000-0002-2728-4272,15.0,23.0,77.0,573.0,University of Siena
Associato,DISTANTE Damiano,DISTANTE Damiano,DISTANTE,Distante,Damiano,M,Università degli Studi di Roma UnitelmaSapie,,01/INFO-01,INFO-01/A,INF/01,01/B1,SCIENZE GIURIDICHE ED ECONOMICHE,,,https://openalex.org/A5039040557,Damiano Distante,0000-0002-8467-535X,18.0,38.0,88.0,1146.0,Unitelma Sapienza University
Ricercatore,DISTASI Riccardo,DISTASI Riccardo,DISTASI,Distasi,Riccardo,M,SALERNO,,01/INFO-01,INFO-01/A,INF/01,01/B1,Informatica,,,https://openalex.org/A5040527293,Riccardo Distasi,,8.0,8.0,39.0,343.0,University of Salerno
Ordinario,DISTEFANO Salvatore,DISTEFANO Salvatore,DISTEFANO,Distefano,Salvatore,M,MESSINA,,01/INFO-01,INFO-01/A,INF/01,01/B1,"Scienze Matematiche ed Informatiche, Scienze Fisiche e Scienze della Terra",,,https://openalex.org/A5022103201,Salvatore Distefano,0000-0002-2752-626X,37.0,105.0,323.0,4475.0,University of Messina
Associato,DODARO Carmine,DODARO Carmine,DODARO,Dodaro,Carmine,M,della CALABRIA,,01/INFO-01,INFO-01/A,INF/01,01/B1,Matematica e Informatica - DeMaCS,,,https://openalex.org/A5031224507,Carmine Dodaro,0000-0002-5617-5286,19.0,29.0,135.0,1250.0,University of Calabria
Ordinario,DONATELLI Susanna,DONATELLI Susanna,DONATELLI,Donatelli,Susanna,F,TORINO,,01/INFO-01,INFO-01/A,INF/01,01/B1,Informatica,,,https://openalex.org/A5084007973,Susanna Donatelli,0000-0002-0911-8457,28.0,71.0,152.0,4309.0,University of Turin
Associato,DONDI Riccardo,DONDI Riccardo,DONDI,Dondi,Riccardo,M,BERGAMO,,01/INFO-01,INFO-01/A,INF/01,01/B1,"Lettere, Filosofia, Comunicazione",,,https://openalex.org/A5110357719,Riccardo Dondi,,18.0,25.0,68.0,806.0,University of Bergamo
Associato,DONIDA LABATI Ruggero,DONIDA LABATI Ruggero,DONIDA LABATI,Donida Labati,Ruggero,M,MILANO,,01/INFO-01,INFO-01/A,INF/01,01/B1,Informatica 'Giovanni Degli Antoni',,,https://openalex.org/A5067463295,Ruggero Donida Labati,0000-0002-2636-086X,26.0,58.0,98.0,2727.0,University of Milan
Ordinario,DOVIER Agostino,DOVIER Agostino,DOVIER,Dovier,Agostino,M,UDINE,,01/INFO-01,INFO-01/A,INF/01,01/B1,"Scienze Matematiche, Informatiche e Fisiche",,,https://openalex.org/A5064407367,Agostino Dovier,0000-0003-2052-8593,22.0,59.0,196.0,1935.0,University of Udine
Associato,DRAGO Idilio,DRAGO Idilio,DRAGO,Drago,Idilio,M,TORINO,,01/INFO-01,INFO-01/A,INF/01,01/B1,Informatica,,,https://openalex.org/A5077745494,Idílio Drago,0000-0003-1932-1261,21.0,40.0,112.0,2541.0,University of Turin
Associato confermato,EGIDI Lavinia,EGIDI Lavinia,EGIDI,Egidi,Lavinia,F,PIEMONTE ORIENTALE,,01/INFO-01,INFO-01/A,INF/01,01/B1,Scienze e Innovazione Tecnologica (DISIT),,,https://openalex.org/A5025452388,Lavinia Egidi,0000-0002-9745-0942,9.0,10.0,45.0,323.0,Università degli Studi del Piemonte Orientale “Amedeo Avogadro”
Associato,ELIAS Jocelyne,ELIAS Jocelyne,ELIAS,Elias,Jocelyne,F,BOLOGNA,,01/INFO-01,INFO-01/A,INF/01,01/B1,Informatica - Scienza e Ingegneria,,,https://openalex.org/A5101602858,Jocelyne Elias,0000-0003-2176-3480,20.0,37.0,93.0,1506.0,University of Bologna
Ricercatore a t.d. - t.pieno (L. 79/2022),ELIAS Marek,ELIAS Marek,ELIAS,Elias,Marek,M,Bocconi MILANO,Economia,01/INFO-01,INFO-01/A,INF/01,01/B1,SCIENZE DELLA COMPUTAZIONE - DEPARTMENT OF COMPUTING SCIENCES (DCS),,,https://openalex.org/A5009940856,Marek Eliáš,0000-0003-0066-6542,37.0,74.0,179.0,8117.0,University of Ostrava
Ricercatore,EPIFANIO Chiara,EPIFANIO Chiara,EPIFANIO,Epifanio,Chiara,F,PALERMO,,01/INFO-01,INFO-01/A,INF/01,01/B1,Matematica e Informatica,,,https://openalex.org/A5108445814,Charles E. Epifanio,,37.0,84.0,101.0,4192.0,Leibniz Institute DSMZ – German Collection of Microorganisms and Cell Cultures
Ricercatore a t.d. - t.pieno (art. 24 c.3-b L. 240/10),ERAMO Romina,ERAMO Romina,ERAMO,Eramo,Romina,F,TERAMO,,01/INFO-01,INFO-01/A,INF/01,01/B1,DIPARTIMENTO DI SCIENZE DELLA COMUNICAZIONE,,,https://openalex.org/A5042587095,Romina Eramo,0000-0002-3572-5875,17.0,25.0,78.0,1117.0,University of Teramo
Associato,ERRA Ugo,ERRA Ugo,ERRA,Erra,Ugo,M,BASILICATA,,01/INFO-01,INFO-01/A,INF/01,01/B1,Ingegneria,,,https://openalex.org/A5007433594,Ugo Erra,0000-0003-2942-7131,21.0,39.0,100.0,1527.0,University of Basilicata
Ordinario,ESPOSITO Anna,ESPOSITO Anna,ESPOSITO,Esposito,Anna,F,"CAMPANIA - ""L. VANVITELLI""",,01/INFO-01,INFO-01/A,INF/01,01/B1,PSICOLOGIA,,,https://openalex.org/A5022456933,Anna Esposito,0000-0002-7268-1795,33.0,123.0,466.0,4480.0,"University of Campania ""Luigi Vanvitelli"""
Associato,ESPOSITO Christiancarmine,ESPOSITO Christiancarmine,ESPOSITO,Esposito,Christiancarmine,M,SALERNO,,01/INFO-01,INFO-01/A,INF/01,01/B1,Informatica,,,https://openalex.org/A5002662575,Christian Esposito,0000-0002-0085-0748,33.0,74.0,226.0,4665.0,University of Salerno
Associato,ESPOSITO Roberto,ESPOSITO Roberto,ESPOSITO,Esposito,Roberto,M,TORINO,,01/INFO-01,INFO-01/A,INF/01,01/B1,Informatica,,,https://openalex.org/A5083690039,Roberto Esposito,0000-0003-4708-6860,50.0,124.0,342.0,7893.0,Azienda Socio Sanitaria Territoriale Lariana
Ricercatore a t.d. - t.pieno (art. 24 c.3-a L. 240/10),ESPOSITO Sergio,ESPOSITO Sergio,ESPOSITO,Esposito,Sergio,M,CATANIA,,01/INFO-01,INFO-01/A,INF/01,01/B1,MATEMATICA E INFORMATICA,,,https://openalex.org/A5041788826,Sergio Esposito,0000-0002-0899-1967,30.0,64.0,123.0,2685.0,University of Catania
Ricercatore a t.d. - t.pieno (art. 24 c.3-a L. 240/10),EVANGELISTA Davide,EVANGELISTA Davide,EVANGELISTA,Evangelista,Davide,M,BOLOGNA,,01/INFO-01,INFO-01/A,INF/01,01/B1,INFORMATICA - SCIENZA E INGEGNERIA,,,https://openalex.org/A5019031326,Davide Evangelista,0000-0001-6261-7717,6.0,4.0,28.0,124.0,University of Bologna
Ricercatore a t.d. - t.pieno (L. 79/2022),FABRIS Alessandro,FABRIS Alessandro,FABRIS,Fabris,Alessandro,M,TRIESTE,,01/INFO-01,INFO-01/A,,,"MATEMATICA, INFORMATICA E GEOSCIENZE",,,https://openalex.org/A5058089546,Alessandro Fabris,0000-0001-6108-9940,11.0,12.0,111.0,1397.0,Max Planck Institute for Security and Privacy
Associato,FAELLA Marco,FAELLA Marco,FAELLA,Faella,Marco,M,Napoli Federico II,,01/INFO-01,INFO-01/A,INF/01,01/B1,Ingegneria Elettrica e delle Tecnologie dell'Informazione,,,https://openalex.org/A5023890924,Marco Faella,0000-0001-7617-5489,18.0,29.0,97.0,1453.0,University of Naples Federico II
Ricercatore a t.d. - t.pieno (art. 24 c.3-a L. 240/10),FAGIOLI Alessio,FAGIOLI Alessio,FAGIOLI,Fagioli,Alessio,M,Università degli Studi di Roma UnitelmaSapie,,01/INFO-01,INFO-01/A,INF/01,01/B1,SCIENZE GIURIDICHE ED ECONOMICHE,,,https://openalex.org/A5063191542,Alessio Fagioli,0000-0002-8111-9120,15.0,20.0,51.0,610.0,Sapienza University of Rome
Ordinario,FALASCHI Moreno,FALASCHI Moreno,FALASCHI,Falaschi,Moreno,M,SIENA,,01/INFO-01,INFO-01/A,INF/01,01/B1,Ingegneria dell’Informazione e Scienze Matematiche,,,https://openalex.org/A5053216941,Moreno Falaschi,0000-0002-6659-3828,21.0,50.0,141.0,1623.0,University of Siena
Associato,FALLUCCHI Francesca,FALLUCCHI Francesca,FALLUCCHI,Fallucchi,Francesca,F,Univ. Studi GUGLIELMO MARCONI - Telematica,Ingegneria,01/INFO-01,INFO-01/A,INF/01,01/B1,SCIENZE INGEGNERISTICHE,,,https://openalex.org/A5024200617,Francesca Fallucchi,0000-0002-3288-044X,14.0,21.0,76.0,1137.0,Marconi University
Ricercatore a t.d. - t.pieno (art. 24 c.3-a L. 240/10),FAN Kaijie,FAN Kaijie,FAN,Fan,Kaijie,F,TRENTO,,01/INFO-01,INFO-01/A,INF/01,01/B1,INGEGNERIA E SCIENZA DELL'INFORMAZIONE,,,https://openalex.org/A5005399684,Kaijie Fan,,4.0,2.0,11.0,79.0,Chinese PLA General Hospital
Associato,FARALLI Stefano,FARALLI Stefano,FARALLI,Faralli,Stefano,M,"ROMA ""La Sapienza""",,01/INFO-01,INFO-01/A,INF/01,01/B1,Informatica,,,https://openalex.org/A5036738140,Stefano Faralli,0000-0003-3684-8815,18.0,31.0,97.0,1326.0,Sapienza University of Rome
Ricercatore a t.d. - t.pieno (art. 24 c.3-a L. 240/10),FARGETTA Georgia,FARGETTA Georgia,FARGETTA,Fargetta,Georgia,F,CATANIA,,01/INFO-01,INFO-01/A,INF/01,01/B1,MATEMATICA E INFORMATICA,,,https://openalex.org/A5063998712,Georgia Fargetta,0000-0002-6444-1564,5.0,1.0,23.0,73.0,University of Catania
Ordinario,FARINELLA Giovanni Maria,FARINELLA Giovanni Maria,FARINELLA,Farinella,Giovanni Maria,M,CATANIA,,01/INFO-01,INFO-01/A,INF/01,01/B1,Matematica e Informatica,,,https://openalex.org/A5087180022,Giovanni Maria Farinella,0000-0002-6034-0432,35.0,109.0,361.0,5629.0,University of Catania
Ordinario,FARINELLI Alessandro,FARINELLI Alessandro,FARINELLI,Farinelli,Alessandro,M,VERONA,,01/INFO-01,INFO-01/A,INF/01,01/B1,Informatica,,,https://openalex.org/A5045922629,Alessandro Farinelli,0000-0002-2592-5814,29.0,90.0,269.0,3980.0,University of Verona
Associato,FARO Simone,FARO Simone,FARO,Faro,Simone,M,CATANIA,,01/INFO-01,INFO-01/A,INF/01,01/B1,Matematica e Informatica,,,https://openalex.org/A5105877451,Simone Faro,0000-0001-5937-5796,16.0,30.0,117.0,918.0,University of Catania
Ricercatore a t.d. - t.pieno (art. 24 c.3-a L. 240/10),FARSIMADAN Eslam,FARSIMADAN Eslam,FARSIMADAN,Farsimadan,Eslam,M,SALERNO,,01/INFO-01,INFO-01/A,INF/01,01/B1,INFORMATICA,,,https://openalex.org/A5001102466,Eslam Farsimadan,0000-0002-5455-7205,4.0,3.0,14.0,94.0,University of Salerno
Associato,FASANO Fausto,FASANO Fausto,FASANO,Fasano,Fausto,M,MOLISE,,01/INFO-01,INFO-01/A,INF/01,01/B1,Bioscienze e Territorio,,,https://openalex.org/A5079134419,Fausto Fasano,0000-0003-3736-6383,16.0,20.0,57.0,1410.0,University of Molise
Associato,FAZIO Maria,FAZIO Maria,FAZIO,Fazio,Maria,F,MESSINA,,01/INFO-01,INFO-01/A,INF/01,01/B1,"Scienze Matematiche ed Informatiche, Scienze Fisiche e Scienze della Terra",,,https://openalex.org/A5017589999,Maria Fazio,0000-0003-3574-1848,34.0,100.0,313.0,4577.0,University of Messina
Ricercatore,FEDERICI Stefano,FEDERICI Stefano,FEDERICI,Federici,Stefano,M,CAGLIARI,,01/INFO-01,INFO-01/A,INF/01,01/B1,"Pedagogia, Psicologia, Filosofia",,,https://openalex.org/A5033764352,Stefano Federici,0000-0001-5681-0633,28.0,69.0,303.0,3748.0,University of Perugia
Ricercatore a t.d. - t.pieno (art. 24 c.3-b L. 240/10),FELLI Paolo,FELLI Paolo,FELLI,Felli,Paolo,M,BOLOGNA,,01/INFO-01,INFO-01/A,INF/01,01/B1,INFORMATICA - SCIENZA E INGEGNERIA,,,https://openalex.org/A5072702493,Paolo Felli,0000-0001-9561-8775,14.0,28.0,77.0,746.0,University of Bologna
Ordinario,FENU Gianni,FENU Gianni,FENU,Fenu,Gianni,M,CAGLIARI,,01/INFO-01,INFO-01/A,INF/01,01/B1,Matematica e Informatica,,,https://openalex.org/A5079928291,Gianni Fenu,0000-0003-4668-2476,26.0,74.0,234.0,2759.0,University of Cagliari
Associato,FENZA Giuseppe,FENZA Giuseppe,FENZA,Fenza,Giuseppe,M,SALERNO,,01/INFO-01,INFO-01/A,INF/01,01/B1,Scienze Aziendali - Management & Innovation Systems,,,https://openalex.org/A5016277608,Giuseppe Fenza,0000-0002-4736-0113,23.0,44.0,129.0,1990.0,University of Salerno
Ordinario,FERILLI Stefano,FERILLI Stefano,FERILLI,Ferilli,Stefano,M,BARI,,01/INFO-01,INFO-01/A,INF/01,01/B1,Informatica,,,https://openalex.org/A5068783500,Stefano Ferilli,0000-0003-1118-0601,22.0,45.0,271.0,1634.0,University of Bari Aldo Moro
Ricercatore,FERONE Alessio,FERONE Alessio,FERONE,Ferone,Alessio,M,"""Parthenope"" di NAPOLI",,01/INFO-01,INFO-01/A,INF/01,01/B1,SCIENZE E TECNOLOGIE,,,https://openalex.org/A5056058478,Alessio Ferone,0000-0002-4883-0164,9.0,9.0,62.0,339.0,Parthenope University of Naples
Ordinario,FERRAGINA Paolo,FERRAGINA Paolo,FERRAGINA,Ferragina,Paolo,M,Scuola Superiore Sant'Anna,,01/INFO-01,INFO-01/A,INF/01,01/B1,Classe Accademica di Scienze Sociali,PISA 20%,,https://openalex.org/A5046786328,Paolo Ferragina,0000-0003-1353-360X,46.0,103.0,316.0,10334.0,University of Pisa
Associato,FERRAIOLI Diodato,FERRAIOLI Diodato,FERRAIOLI,Ferraioli,Diodato,M,SALERNO,,01/INFO-01,INFO-01/A,INF/01,01/B1,Ingegneria dell'Informazione ed Elettrica e Matematica applicata,,,https://openalex.org/A5044085723,Diodato Ferraioli,0000-0002-7962-5200,16.0,26.0,112.0,783.0,University of Salerno
Ricercatore a t.d. - t.pieno (art. 24 c.3-b L. 240/10),FERRANDO Angelo,FERRANDO Angelo,FERRANDO,Ferrando,Angelo,M,MODENA e REGGIO EMILIA,,01/INFO-01,INFO-01/A,INF/01,01/B1,"SCIENZE FISICHE, INFORMATICHE E MATEMATICHE",,,https://openalex.org/A5053250970,Angelo Ferrando,0000-0002-8711-4670,15.0,23.0,153.0,757.0,University of Modena and Reggio Emilia
Ordinario,FERRARA Alfio,FERRARA Alfio,FERRARA,Ferrara,Alfio,M,MILANO,,01/INFO-01,INFO-01/A,INF/01,01/B1,Informatica 'Giovanni Degli Antoni',,,https://openalex.org/A5062638440,Alfio Ferrara,0000-0002-4991-4984,26.0,50.0,166.0,2400.0,University of Milan
Associato,FERRARA Anna Lisa,FERRARA Anna Lisa,FERRARA,Ferrara,Anna Lisa,F,MOLISE,,01/INFO-01,INFO-01/A,INF/01,01/B1,Bioscienze e Territorio,,,https://openalex.org/A5051374979,Anna Lisa Ferrara,0000-0002-1026-5729,19.0,24.0,45.0,1232.0,University of Molise
Associato,FERRARA Pietro,FERRARA Pietro,FERRARA,Ferrara,Pietro,M,"""Ca' Foscari"" VENEZIA",,01/INFO-01,INFO-01/A,INF/01,01/B1,"Scienze Ambientali, Informatica e Statistica",,,https://openalex.org/A5000725012,Pietro Ferrara,0000-0002-0349-3221,33.0,71.0,158.0,21000.0,IRCCS Istituto Auxologico Italiano
Ordinario,FERRARI Elena,FERRARI Elena,FERRARI,Ferrari,Elena,F,INSUBRIA,,01/INFO-01,INFO-01/A,INF/01,01/B1,Scienze Teoriche e Applicate,,,https://openalex.org/A5036362276,Elena Ferrari,0000-0002-7312-6769,51.0,180.0,478.0,10315.0,University of Insubria
Ordinario,FERRARI Gian-Luigi,FERRARI Gian-luigi,FERRARI,Ferrari,Gian-Luigi,M,PISA,,01/INFO-01,INFO-01/A,INF/01,01/B1,INFORMATICA,,,https://openalex.org/A5026348666,Gian-Luigi Ferrari,0000-0003-3548-5514,30.0,78.0,187.0,3208.0,University of Pisa
Associato confermato,FERRARI Luca,FERRARI Luca,FERRARI,Ferrari,Luca,M,FIRENZE,,01/INFO-01,INFO-01/A,INF/01,01/B1,Matematica e Informatica “Ulisse Dini”(DIMAI),,,https://openalex.org/A5101773445,Luca Ferrari,0000-0002-4847-6337,41.0,70.0,173.0,6296.0,Universidad Nacional Autónoma de México
Associato,FERRARI Stefano,FERRARI Stefano,FERRARI,Ferrari,Stefano,M,MILANO,,01/INFO-01,INFO-01/A,INF/01,01/B1,Informatica 'Giovanni Degli Antoni',,,https://openalex.org/A5101746409,Stefano Ferrari,0000-0001-6462-6000,69.0,175.0,287.0,17101.0,Istituto Ortopedico Rizzoli
Ordinario,FERRARO PETRILLO Umberto,FERRARO PETRILLO Umberto,FERRARO PETRILLO,Ferraro Petrillo,Umberto,M,"ROMA ""La Sapienza""",,01/INFO-01,INFO-01/A,INF/01,01/B1,Scienze statistiche,,,https://openalex.org/A5018051509,Umberto Ferraro Petrillo,0000-0002-4308-5126,18.0,27.0,96.0,830.0,Sapienza University of Rome
Associato confermato,FERRETTI Claudio,FERRETTI Claudio,FERRETTI,Ferretti,Claudio,M,MILANO-BICOCCA,,01/INFO-01,INFO-01/A,INF/01,01/B1,"INFORMATICA, SISTEMISTICA E COMUNICAZIONE",,,https://openalex.org/A5033044137,C. Ferretti,0000-0002-5562-7893,47.0,161.0,607.0,10429.0,University of Michigan
Associato,FERRETTI Luca,FERRETTI Luca,FERRETTI,Ferretti,Luca,M,MODENA e REGGIO EMILIA,,01/INFO-01,INFO-01/A,INF/01,01/B1,"Scienze fisiche, informatiche e matematiche",,,https://openalex.org/A5072082339,Luca Ferretti,0000-0001-7578-7301,35.0,74.0,165.0,6755.0,University of Oxford
Ordinario,FERRETTI Stefano,FERRETTI Stefano,FERRETTI,Ferretti,Stefano,M,BOLOGNA,,01/INFO-01,INFO-01/A,INF/01,01/B1,Informatica - Scienza e Ingegneria,,,https://openalex.org/A5035680757,Stefano Ferretti,0000-0001-5241-2101,50.0,139.0,278.0,14520.0,University of Ferrara
Ordinario,FERRUCCI Filomena,FERRUCCI Filomena,FERRUCCI,Ferrucci,Filomena,F,SALERNO,,01/INFO-01,INFO-01/A,INF/01,01/B1,Informatica,,,https://openalex.org/A5053084752,Filomena Ferrucci,0000-0002-0975-8972,35.0,99.0,334.0,3754.0,University of Salerno
Ricercatore a t.d. - t.pieno (art. 24 c.3-a L. 240/10),FERRUCCI Luca,FERRUCCI Luca,FERRUCCI,Ferrucci,Luca,M,PISA,,01/INFO-01,INFO-01/A,INF/01,01/B1,INFORMATICA,,,https://openalex.org/A5023250014,Luca Ferrucci,0000-0001-7470-3743,8.0,8.0,77.0,259.0,University of Perugia
Associato,FERSINI Elisabetta,FERSINI Elisabetta,FERSINI,Fersini,Elisabetta,F,MILANO-BICOCCA,,01/INFO-01,INFO-01/A,INF/01,01/B1,"INFORMATICA, SISTEMISTICA E COMUNICAZIONE",,,https://openalex.org/A5005702955,Elisabetta Fersini,0000-0002-8987-100X,23.0,44.0,130.0,3124.0,University of Milano-Bicocca
Associato,FIANDROTTI Attilio,FIANDROTTI Attilio,FIANDROTTI,Fiandrotti,Attilio,M,TORINO,,01/INFO-01,INFO-01/A,INF/01,01/B1,Informatica,,,https://openalex.org/A5025967822,Attilio Fiandrotti,0000-0002-9991-6822,13.0,15.0,106.0,593.0,University of Turin
Ricercatore a t.d. - t.pieno (art. 24 c.3-a L. 240/10),FICARA Annamaria,FICARA Annamaria,FICARA,Ficara,Annamaria,F,MESSINA,,01/INFO-01,INFO-01/A,INF/01,01/B1,"SCIENZE COGNITIVE, PSICOLOGICHE, PEDAGOGICHE E DEGLI STUDI CULTURALI",,,https://openalex.org/A5088423971,Annamaria Ficara,0000-0001-9517-4131,8.0,8.0,33.0,281.0,University of Messina
Ordinario,FICCO Massimo,FICCO Massimo,FICCO,Ficco,Massimo,M,SALERNO,,01/INFO-01,INFO-01/A,INF/01,01/B1,Informatica,,,https://openalex.org/A5032197295,Massimo Ficco,0000-0003-4199-8199,30.0,62.0,141.0,3170.0,University of Salerno
Associato,FICI Gabriele,FICI Gabriele,FICI,Fici,Gabriele,M,PALERMO,,01/INFO-01,INFO-01/A,INF/01,01/B1,Matematica e Informatica,,,https://openalex.org/A5024628248,Gabriele Fici,0000-0002-3536-327X,18.0,33.0,136.0,939.0,University of Palermo
Associato,FINZI Alberto,FINZI Alberto,FINZI,Finzi,Alberto,M,Napoli Federico II,,01/INFO-01,INFO-01/A,INF/01,01/B1,Ingegneria Elettrica e delle Tecnologie dell'Informazione,,,https://openalex.org/A5049222451,Alberto Finzi,0000-0001-6255-6221,21.0,46.0,123.0,1471.0,Ingegneria dei Trasporti (Italy)
Associato,FIONDA Valeria,FIONDA Valeria,FIONDA,Fionda,Valeria,F,della CALABRIA,,01/INFO-01,INFO-01/A,INF/01,01/B1,Matematica e Informatica - DeMaCS,,,https://openalex.org/A5022322296,Valeria Fionda,0000-0002-7018-1324,15.0,20.0,85.0,642.0,University of Calabria
Ordinario,FIORAVANTI Fabio,FIORAVANTI Fabio,FIORAVANTI,Fioravanti,Fabio,M,CHIETI-PESCARA,,01/INFO-01,INFO-01/A,INF/01,01/B1,Economia,,,https://openalex.org/A5101571397,Fabio Fioravanti,0000-0002-1268-7829,16.0,29.0,108.0,944.0,University of Chieti-Pescara
Ricercatore a t.d. - t.defin. (art. 24 c.3-a L. 240/10),FIORE Francesca,FIORE Francesca,FIORE,Fiore,Francesca,F,TRENTO,,01/INFO-01,INFO-01/A,INF/01,01/B1,INGEGNERIA E SCIENZA DELL'INFORMAZIONE,,,https://openalex.org/A5114376101,Francesca Fiore,0000-0002-7019-3464,22.0,31.0,91.0,2214.0,University of Trento
Associato,FIORE Ugo,FIORE Ugo,FIORE,Fiore,Ugo,M,SALERNO,,01/INFO-01,INFO-01/A,INF/01,01/B1,Informatica,,,https://openalex.org/A5065688162,Ugo Fiore,0000-0003-0509-5662,32.0,66.0,129.0,3485.0,University of Salerno
Ricercatore,FIORINO Guido Giuseppe,FIORINO Guido Giuseppe,FIORINO,Fiorino,Guido Giuseppe,M,MILANO-BICOCCA,,01/INFO-01,INFO-01/A,INF/01,01/B1,"INFORMATICA, SISTEMISTICA E COMUNICAZIONE",,,,,,,,,,
Ricercatore a t.d. - t.pieno (art. 24 c.3-a L. 240/10),FIORUCCI Marco,FIORUCCI Marco,FIORUCCI,Fiorucci,Marco,M,PADOVA,,01/INFO-01,INFO-01/A,INF/01,01/B1,"MATEMATICA ""TULLIO LEVI-CIVITA"" - DM",,,https://openalex.org/A5015851151,Marco Fiorucci,0000-0003-1013-5147,9.0,7.0,39.0,413.0,Center for Cultural Heritage Technology
Associato,FIRMANI Donatella,FIRMANI Donatella,FIRMANI,Firmani,Donatella,F,"ROMA ""La Sapienza""",,01/INFO-01,INFO-01/A,INF/01,01/B1,Scienze statistiche,,,https://openalex.org/A5063444742,Donatella Firmani,0000-0003-0358-3208,14.0,23.0,73.0,1192.0,Sapienza University of Rome
Associato,FIUMARA Giacomo,FIUMARA Giacomo,FIUMARA,Fiumara,Giacomo,M,MESSINA,,01/INFO-01,INFO-01/A,INF/01,01/B1,"Scienze Matematiche ed Informatiche, Scienze Fisiche e Scienze della Terra",,,https://openalex.org/A5079151275,Giacomo Fiumara,0000-0003-1528-7203,25.0,41.0,116.0,2994.0,University of Messina
Ordinario,FLAMMINI Francesco,FLAMMINI Francesco,FLAMMINI,Flammini,Francesco,M,FIRENZE,,01/INFO-01,INFO-01/A,INF/01,01/B1,Matematica e Informatica “Ulisse Dini”(DIMAI),,,https://openalex.org/A5037708866,Francesco Flammini,0000-0002-2833-7196,28.0,79.0,304.0,2894.0,University of Applied Sciences and Arts of Southern Switzerland
Ordinario,FLAMMINI Michele,FLAMMINI Michele,FLAMMINI,Flammini,Michele,M,Gran Sasso Science Institute,,01/INFO-01,INFO-01/A,INF/01,01/B1,Area di Informatica,,,https://openalex.org/A5021894709,Michele Flammini,0000-0003-0327-3728,23.0,76.0,209.0,2451.0,Gran Sasso Science Institute
Ricercatore a t.d. - t.defin. (art. 24 c.3-a L. 240/10),FLORES Manuela,FLORES Manuela,FLORES,Flores,Manuela,F,MOLISE,,01/INFO-01,INFO-01/A,INF/01,01/B1,BIOSCIENZE E TERRITORIO,,,https://openalex.org/A5039835792,M. Iglesias,0000-0001-7373-4927,67.0,242.0,749.0,13732.0,Instituto de Ciencia de Materiales de Madrid
Ordinario,FOCARDI Riccardo,FOCARDI Riccardo,FOCARDI,Focardi,Riccardo,M,"""Ca' Foscari"" VENEZIA",,01/INFO-01,INFO-01/A,INF/01,01/B1,"Scienze Ambientali, Informatica e Statistica",,,https://openalex.org/A5056869421,Riccardo Focardi,0000-0003-0101-0692,30.0,85.0,189.0,3437.0,Ca' Foscari University of Venice
Ricercatore a t.d. - t.defin. (art. 24 c.3-a L. 240/10),FOGLI Mattia,FOGLI Mattia,FOGLI,Fogli,Mattia,M,FERRARA,,01/INFO-01,INFO-01/A,INF/01,01/B1,MATEMATICA E INFORMATICA,,,https://openalex.org/A5055176453,Mattia Fogli,0000-0002-9875-4550,7.0,6.0,26.0,200.0,University of Ferrara
Ricercatore,FOLGIERI Raffaella,FOLGIERI Raffaella,FOLGIERI,Folgieri,Raffaella,F,MILANO,,01/INFO-01,INFO-01/A,INF/01,01/B1,"Filosofia ""Piero Martinetti""",,,https://openalex.org/A5074958453,Raffaella Folgieri,0000-0002-0589-5275,11.0,12.0,91.0,456.0,University of Milan
Associato,FONTANA Federico,FONTANA Federico,FONTANA,Fontana,Federico,M,UDINE,,01/INFO-01,INFO-01/A,INF/01,01/B1,"Scienze Matematiche, Informatiche e Fisiche",,,https://openalex.org/A5010882325,Federico Fontana,0000-0002-3809-5696,28.0,77.0,186.0,2949.0,University of Insubria
Ricercatore a t.d. - t.pieno (art. 24 c.3-b L. 240/10),FONTANA Simone,FONTANA Simone,FONTANA,Fontana,Simone,M,MILANO-BICOCCA,,01/INFO-01,INFO-01/A,INF/01,01/B1,GIURISPRUDENZA (SCHOOL OF LAW),,,https://openalex.org/A5104439491,Simone Fontana,0000-0003-1194-1909,14.0,17.0,35.0,887.0,University of Freiburg
Ordinario,FORESTI Gian Luca,FORESTI Gian Luca,FORESTI,Foresti,Gian Luca,M,UDINE,,01/INFO-01,INFO-01/A,INF/01,01/B1,"Scienze Matematiche, Informatiche e Fisiche",,,https://openalex.org/A5078277002,Gian Luca Foresti,0000-0002-8425-6892,46.0,182.0,438.0,8420.0,University of Udine
Ordinario,FORESTI Sara,FORESTI Sara,FORESTI,Foresti,Sara,F,MILANO,,01/INFO-01,INFO-01/A,INF/01,01/B1,Informatica 'Giovanni Degli Antoni',,,https://openalex.org/A5069907040,Sara Foresti,0000-0002-1658-6734,34.0,92.0,267.0,4127.0,University of Milan
Ricercatore,FORLIZZI Luca,FORLIZZI Luca,FORLIZZI,Forlizzi,Luca,M,L'AQUILA,,01/INFO-01,INFO-01/A,INF/01,01/B1,Ingegneria e scienze dell'informazione e matematica,,,https://openalex.org/A5023691482,Luca Forlizzi,0000-0002-3923-7668,10.0,10.0,33.0,861.0,University of L'Aquila
Associato,FORMISANO Andrea,FORMISANO Andrea,FORMISANO,Formisano,Andrea,M,UDINE,,01/INFO-01,INFO-01/A,INF/01,01/B1,"Scienze Matematiche, Informatiche e Fisiche",,,https://openalex.org/A5049720199,Andrea Formisano,0000-0002-6755-9314,14.0,27.0,138.0,723.0,University of Udine
Ricercatore a t.d. - t.pieno (L. 79/2022),FORTI Stefano,FORTI Stefano,FORTI,Forti,Stefano,M,PISA,,01/INFO-01,INFO-01/A,INF/01,01/B1,INFORMATICA,,,https://openalex.org/A5089682439,Stefano Forti,0000-0002-4159-8761,21.0,29.0,122.0,1801.0,University of Pisa
Ricercatore a t.d. - t.pieno (L. 79/2022),FRANCATI Danilo,FRANCATI Danilo,FRANCATI,Francati,Danilo,M,"ROMA ""La Sapienza""",,01/INFO-01,INFO-01/A,INF/01,01/B1,INFORMATICA,,,https://openalex.org/A5083346312,Danilo Francati,0000-0002-4639-0636,9.0,9.0,26.0,262.0,Aarhus University
Associato,FRANCESCHET Massimo,FRANCESCHET Massimo,FRANCESCHET,Franceschet,Massimo,M,UDINE,,01/INFO-01,INFO-01/A,INF/01,01/B1,"Scienze Matematiche, Informatiche e Fisiche",,,https://openalex.org/A5045692255,Massimo Franceschet,0000-0001-9490-1464,22.0,43.0,117.0,2391.0,University of Udine
Ricercatore,FRANCESCHINI Gianni,FRANCESCHINI Gianni,FRANCESCHINI,Franceschini,Gianni,M,"ROMA ""La Sapienza""",,01/INFO-01,INFO-01/A,INF/01,01/B1,Informatica,,,https://openalex.org/A5074159685,Gianni Franceschini,,11.0,12.0,38.0,337.0,Bar-Ilan University
Ordinario,FRANCESCHINIS Giuliana Annamaria,FRANCESCHINIS Giuliana Annamaria,FRANCESCHINIS,Franceschinis,Giuliana Annamaria,F,PIEMONTE ORIENTALE,,01/INFO-01,INFO-01/A,INF/01,01/B1,Scienze e Innovazione Tecnologica (DISIT),,,,,,,,,,
Associato,FRANCESE Rita,FRANCESE Rita,FRANCESE,Francese,Rita,F,SALERNO,,01/INFO-01,INFO-01/A,INF/01,01/B1,Informatica,,,https://openalex.org/A5015472264,Rita Francese,0000-0002-6929-0056,20.0,32.0,160.0,1502.0,University of Salerno
Ordinario,FRANCIOSA Paolo Giulio,FRANCIOSA Paolo Giulio,FRANCIOSA,Franciosa,Paolo Giulio,M,"ROMA ""La Sapienza""",,01/INFO-01,INFO-01/A,INF/01,01/B1,Scienze statistiche,,,https://openalex.org/A5045218419,Paolo Giulio Franciosa,0000-0002-5464-4069,12.0,16.0,80.0,525.0,Sapienza University of Rome
Ordinario,FRANCONI Enrico,FRANCONI Enrico,FRANCONI,Franconi,Enrico,M,Libera Università di BOLZANO,Ingegneria,01/INFO-01,INFO-01/A,INF/01,01/B1,FACOLTA' DI INGEGNERIA,,,https://openalex.org/A5091674970,Enrico Franconi,0000-0002-7814-515X,31.0,68.0,182.0,3511.0,Free University of Bozen-Bolzano
Ricercatore a t.d. - t.pieno (art. 24 c.3-b L. 240/10),FRANZONI Valentina,FRANZONI Valentina,FRANZONI,Franzoni,Valentina,F,PERUGIA,,01/INFO-01,INFO-01/A,INF/01,01/B1,MATEMATICA E INFORMATICA,,,https://openalex.org/A5022438396,Valentina Franzoni,0000-0002-2972-7188,21.0,42.0,96.0,1122.0,University of Perugia
Associato,FRASCA Marco,FRASCA Marco,FRASCA,Frasca,Marco,M,MILANO,,01/INFO-01,INFO-01/A,INF/01,01/B1,Informatica 'Giovanni Degli Antoni',,,https://openalex.org/A5080851861,Marco Frasca,0000-0002-0163-0659,19.0,43.0,252.0,1517.0,University of Milan
Ricercatore a t.d. - t.pieno (art. 24 c.3-a L. 240/10),FRIOLO Daniele,FRIOLO Daniele,FRIOLO,Friolo,Daniele,M,"ROMA ""La Sapienza""",,01/INFO-01,INFO-01/A,INF/01,01/B1,INFORMATICA,,,https://openalex.org/A5074071512,Daniele Friolo,0000-0003-0836-1735,5.0,3.0,24.0,85.0,Sapienza University of Rome
Associato,FROSINI Andrea,FROSINI Andrea,FROSINI,Frosini,Andrea,M,FIRENZE,,01/INFO-01,INFO-01/A,INF/01,01/B1,Matematica e Informatica “Ulisse Dini”(DIMAI),,,https://openalex.org/A5008742130,Andrea Frosini,0000-0001-7210-2231,15.0,25.0,152.0,853.0,University of Florence
Associato,FUCCELLA Vittorio,FUCCELLA Vittorio,FUCCELLA,Fuccella,Vittorio,M,SALERNO,,01/INFO-01,INFO-01/A,INF/01,01/B1,Informatica,,,https://openalex.org/A5066879019,Vittorio Fuccella,0000-0003-3244-3650,14.0,23.0,108.0,652.0,University of Salerno
Ordinario,FURINI Marco,FURINI Marco,FURINI,Furini,Marco,M,MODENA e REGGIO EMILIA,,01/INFO-01,INFO-01/A,INF/01,01/B1,Comunicazione ed economia,,,https://openalex.org/A5079395349,Marco Furini,0000-0003-1094-6521,24.0,46.0,131.0,1695.0,University of Modena and Reggio Emilia
Associato,FURNARI Antonino,FURNARI Antonino,FURNARI,Furnari,Antonino,M,CATANIA,,01/INFO-01,INFO-01/A,INF/01,01/B1,Matematica e Informatica,,,https://openalex.org/A5089549062,Antonino Furnari,0000-0001-6911-0302,25.0,43.0,170.0,3218.0,University of Catania
Ricercatore a t.d. - t.pieno (art. 24 c.3-a L. 240/10),FURNO Domenico,FURNO Domenico,FURNO,Furno,Domenico,M,SALERNO,,01/INFO-01,INFO-01/A,INF/01,01/B1,SCIENZE AZIENDALI - MANAGEMENT & INNOVATION SYSTEMS,,,https://openalex.org/A5057854860,Domenico Furno,0009-0007-6937-2864,8.0,7.0,20.0,225.0,University of Salerno
Ricercatore a t.d. - t.pieno (art. 24 c.3-a L. 240/10),FUSCO Pietro,FUSCO Pietro,FUSCO,Fusco,Pietro,M,SALERNO,,01/INFO-01,INFO-01/A,INF/01,01/B1,INFORMATICA,,,https://openalex.org/A5068066822,Pietro Fusco,0009-0001-1560-6377,3.0,1.0,20.0,24.0,University of Salerno
Ordinario,GABBRIELLI Maurizio,GABBRIELLI Maurizio,GABBRIELLI,Gabbrielli,Maurizio,M,BOLOGNA,,01/INFO-01,INFO-01/A,INF/01,01/B1,Informatica - Scienza e Ingegneria,,,https://openalex.org/A5025039355,Maurizio Gabbrielli,0000-0003-0609-8662,23.0,60.0,261.0,2055.0,University of Bologna
Ordinario,GADDUCCI Fabio,GADDUCCI Fabio,GADDUCCI,Gadducci,Fabio,M,PISA,,01/INFO-01,INFO-01/A,INF/01,01/B1,INFORMATICA,,,https://openalex.org/A5072444101,Fabio Gadducci,0000-0003-0690-3051,24.0,59.0,192.0,1885.0,University of Pisa
Associato,GADIA Davide,GADIA Davide,GADIA,Gadia,Davide,M,MILANO,,01/INFO-01,INFO-01/A,INF/01,01/B1,Informatica 'Giovanni Degli Antoni',,,https://openalex.org/A5004735540,Davide Gadia,0000-0003-4491-9150,11.0,15.0,92.0,660.0,University of Milan
Associato,GAETA Angelo,GAETA Angelo,GAETA,Gaeta,Angelo,M,SALERNO,,01/INFO-01,INFO-01/A,INF/01,01/B1,Scienze Aziendali - Management & Innovation Systems,,,https://openalex.org/A5067897420,Angelo Gaeta,0000-0002-9701-1632,16.0,23.0,92.0,952.0,University of Salerno
Ordinario,GAETA Rossano,GAETA Rossano,GAETA,Gaeta,Rossano,M,TORINO,,01/INFO-01,INFO-01/A,INF/01,01/B1,Informatica,,,https://openalex.org/A5064806233,Rossano Gaeta,0000-0002-6521-403X,18.0,38.0,100.0,1468.0,University of Turin
Associato,GAGGI Ombretta,GAGGI Ombretta,GAGGI,Gaggi,Ombretta,F,PADOVA,,01/INFO-01,INFO-01/A,INF/01,01/B1,"MATEMATICA ""TULLIO LEVI-CIVITA"" - DM",,,https://openalex.org/A5058801084,Ombretta Gaggi,0000-0003-1395-7787,19.0,36.0,103.0,1146.0,University of Padua
Ordinario,GAITO Sabrina Tiziana,GAITO Sabrina Tiziana,GAITO,Gaito,Sabrina Tiziana,F,MILANO,,01/INFO-01,INFO-01/A,INF/01,01/B1,Informatica 'Giovanni Degli Antoni',,,,,,,,,,
Ordinario,GALASSO Fabio,GALASSO Fabio,GALASSO,Galasso,Fabio,M,"ROMA ""La Sapienza""",,01/INFO-01,INFO-01/A,INF/01,01/B1,Informatica,,,https://openalex.org/A5033120247,Fabio Galasso,0000-0003-1875-7813,24.0,41.0,135.0,2275.0,Sapienza University of Rome
Associato,GALDI Clemente,GALDI Clemente,GALDI,Galdi,Clemente,M,SALERNO,,01/INFO-01,INFO-01/A,INF/01,01/B1,Studi Politici e Sociali,,,https://openalex.org/A5026500214,Clemente Galdi,0000-0002-2988-700X,14.0,22.0,96.0,637.0,University of Salerno
Ricercatore a t.d. - t.pieno (art. 24 c.3-a L. 240/10),GALEAZZI Alessandro,GALEAZZI Alessandro,GALEAZZI,Galeazzi,Alessandro,M,PADOVA,,01/INFO-01,INFO-01/A,INF/01,01/B1,"MATEMATICA ""TULLIO LEVI-CIVITA"" - DM",,,https://openalex.org/A5047301239,Alessandro Galeazzi,0000-0001-6859-0391,13.0,16.0,51.0,5283.0,University of Padua
Ricercatore a t.d. - t.pieno (art. 24 c.3-a L. 240/10),GALFRE' Silvia Giulia,GALFRÈ Silvia Giulia,GALFRÈ,Galfrè,Silvia Giulia,F,PISA,,01/INFO-01,INFO-01/A,,,INFORMATICA,,,https://openalex.org/A5034093490,Silvia Giulia Galfrè,0000-0002-2770-0344,5.0,4.0,21.0,79.0,University of Pisa
Ricercatore a t.d. - t.pieno (L. 79/2022),GALLETTA Antonino,GALLETTA Antonino,GALLETTA,Galletta,Antonino,M,MESSINA,,01/INFO-01,INFO-01/A,INF/01,01/B1,"SCIENZE MATEMATICHE ED INFORMATICHE, SCIENZE FISICHE E SCIENZE DELLA TERRA",,omonimia,https://openalex.org/A5055114559,Antonino Galletta,0000-0003-4688-0894,20.0,35.0,101.0,1258.0,University of Messina
Ricercatore a t.d. - t.pieno (art. 24 c.3-a L. 240/10),GALLETTA Antonino,GALLETTA Antonino,GALLETTA,Galletta,Antonino,M,MESSINA,,01/INFO-01,INFO-01/A,INF/01,01/B1,"SCIENZE MATEMATICHE ED INFORMATICHE, SCIENZE FISICHE E SCIENZE DELLA TERRA",,omonimia,https://openalex.org/A5055114559,Antonino Galletta,0000-0003-4688-0894,20.0,35.0,101.0,1258.0,University of Messina
Associato,GALLETTA Letterio,GALLETTA Letterio,GALLETTA,Galletta,Letterio,M,Scuola IMT Alti Studi LUCCA,Altre Strutture,01/INFO-01,INFO-01/A,INF/01,01/B1,,,,https://openalex.org/A5043354136,Letterio Galletta,0000-0003-0351-9169,11.0,11.0,109.0,465.0,IMT School for Advanced Studies Lucca
Associato,GALLICCHIO Claudio,GALLICCHIO Claudio,GALLICCHIO,Gallicchio,Claudio,M,PISA,,01/INFO-01,INFO-01/A,INF/01,01/B1,INFORMATICA,,,https://openalex.org/A5011604061,Claudio Gallicchio,0000-0002-6692-2564,25.0,56.0,201.0,3020.0,University of Pisa
Ordinario,GALLO Giovanni,GALLO Giovanni,GALLO,Gallo,Giovanni,M,CATANIA,,01/INFO-01,INFO-01/A,INF/01,01/B1,Matematica e Informatica,,,https://openalex.org/A5082801180,Giovanni Gallo,0000-0002-6701-0620,25.0,59.0,165.0,2425.0,University of Catania
Ricercatore,GALLO Ignazio,GALLO Ignazio,GALLO,Gallo,Ignazio,M,INSUBRIA,,01/INFO-01,INFO-01/A,INF/01,01/B1,Scienze Teoriche e Applicate,,,https://openalex.org/A5054778549,Ignazio Gallo,0000-0002-7076-8328,21.0,42.0,173.0,1472.0,University of Insubria
Ordinario,GAMBOSI Giorgio,GAMBOSI Giorgio,GAMBOSI,Gambosi,Giorgio,M,"ROMA ""Tor Vergata""",,01/INFO-01,INFO-01/A,INF/01,01/B1,"Ingegneria dell'Impresa ""Mario Lucertini""",,,https://openalex.org/A5091418042,Giorgio Gambosi,0000-0001-9979-6931,18.0,33.0,119.0,3327.0,University of Rome Tor Vergata
Ordinario,GAMPER Johann,GAMPER Johann,GAMPER,Gamper,Johann,M,Libera Università di BOLZANO,Ingegneria,01/INFO-01,INFO-01/A,INF/01,01/B1,FACOLTA' DI INGEGNERIA,,,https://openalex.org/A5043864804,Johann Gamper,0000-0002-7128-507X,24.0,52.0,166.0,1926.0,Free University of Bozen-Bolzano
Ordinario,GANGEMI Aldo,GANGEMI Aldo,GANGEMI,Gangemi,Aldo,M,BOLOGNA,,01/INFO-01,INFO-01/A,INF/01,01/B1,Filosofia,,,https://openalex.org/A5065705742,Aldo Gangemi,0000-0001-5568-2684,54.0,158.0,429.0,10858.0,University of Bologna
Ordinario,GARGANO Luisa,GARGANO Luisa,GARGANO,Gargano,Luisa,F,SALERNO,,01/INFO-01,INFO-01/A,INF/01,01/B1,Informatica,,,https://openalex.org/A5022392874,Luisa Gargano,0000-0003-3459-1075,27.0,76.0,197.0,3061.0,University of Salerno
Ricercatore a t.d. - t.pieno (art. 24 c.3-b L. 240/10),GARLISI Domenico,GARLISI Domenico,GARLISI,Garlisi,Domenico,M,PALERMO,,01/INFO-01,INFO-01/A,INF/01,01/B1,MATEMATICA E INFORMATICA,,,https://openalex.org/A5051862532,Domenico Garlisi,0000-0001-6256-2752,14.0,22.0,87.0,1012.0,University of Palermo
Associato confermato,GASPARI Mauro,GASPARI Mauro,GASPARI,Gaspari,Mauro,M,BOLOGNA,,01/INFO-01,INFO-01/A,INF/01,01/B1,Informatica - Scienza e Ingegneria,,,https://openalex.org/A5049550971,Mauro Gáspari,0000-0002-2845-3904,16.0,25.0,112.0,1103.0,University of Bologna
Associato,GASPARINI Francesca,GASPARINI Francesca,GASPARINI,Gasparini,Francesca,F,MILANO-BICOCCA,,01/INFO-01,INFO-01/A,INF/01,01/B1,"INFORMATICA, SISTEMISTICA E COMUNICAZIONE",,,https://openalex.org/A5088609790,Francesca Gasparini,0000-0002-6279-6660,24.0,48.0,161.0,2672.0,University of Milano-Bicocca
Ricercatore a t.d. - t.pieno (art. 24 c.3-b L. 240/10),GAVAZZO Francesco,GAVAZZO Francesco,GAVAZZO,Gavazzo,Francesco,M,PADOVA,,01/INFO-01,INFO-01/A,INF/01,01/B1,"MATEMATICA ""TULLIO LEVI-CIVITA"" - DM",,,https://openalex.org/A5081771854,Francesco Gavazzo,0000-0002-2159-0615,9.0,8.0,42.0,234.0,University of Padua
Ricercatore a t.d. - t.pieno (art. 24 c.3-a L. 240/10),GEATTI Luca,GEATTI Luca,GEATTI,Geatti,Luca,M,UDINE,,01/INFO-01,INFO-01/A,INF/01,01/B1,"SCIENZE MATEMATICHE, INFORMATICHE E FISICHE",,,https://openalex.org/A5045151425,Luca Geatti,0000-0002-7125-787X,6.0,3.0,43.0,111.0,University of Udine
Associato,GENA Cristina,GENA Cristina,GENA,Gena,Cristina,F,TORINO,,01/INFO-01,INFO-01/A,INF/01,01/B1,Informatica,,,https://openalex.org/A5021163942,Cristina Gena,0000-0003-0049-6213,22.0,36.0,208.0,1684.0,University of Turin
Associato,GENNARI Rosella,GENNARI Rosella,GENNARI,Gennari,Rosella,F,Libera Università di BOLZANO,Ingegneria,01/INFO-01,INFO-01/A,INF/01,01/B1,FACOLTA' DI INGEGNERIA,,,https://openalex.org/A5040163449,Rosella Gennari,0000-0003-0063-0996,18.0,42.0,161.0,1215.0,Free University of Bozen-Bolzano
Associato,GENOVESE Angelo,GENOVESE Angelo,GENOVESE,Genovese,Angelo,M,MILANO,,01/INFO-01,INFO-01/A,INF/01,01/B1,Informatica 'Giovanni Degli Antoni',,,https://openalex.org/A5031772222,Angelo Genovese,0000-0002-3683-4723,20.0,43.0,121.0,1708.0,University of Milan
Ricercatore,GENTILE Enrichetta,GENTILE Enrichetta,GENTILE,Gentile,Enrichetta,F,BARI,,01/INFO-01,INFO-01/A,INF/01,01/B1,Informatica,,,https://openalex.org/A5047671863,Enrica Gentile,0000-0002-4502-030X,4.0,3.0,24.0,127.0,University of Bari Aldo Moro
Ricercatore a t.d. - t.pieno (L. 79/2022),GERETTI Luca,GERETTI Luca,GERETTI,Geretti,Luca,M,VERONA,,01/INFO-01,INFO-01/A,INF/01,01/B1,INFORMATICA,,,https://openalex.org/A5072093273,Luca Geretti,0000-0001-6889-0706,11.0,15.0,48.0,466.0,University of Verona
Associato,GERVASI Vincenzo,GERVASI Vincenzo,GERVASI,Gervasi,Vincenzo,M,PISA,,01/INFO-01,INFO-01/A,INF/01,01/B1,INFORMATICA,,,https://openalex.org/A5078515281,Vincenzo Gervasi,0000-0002-8567-9328,23.0,41.0,130.0,2136.0,University of Pisa
Ricercatore a t.d. - t.pieno (art. 24 c.3-a L. 240/10),GEZICI Gizem,GEZICI Gizem,GEZICI,Gezici,Gizem,F,Scuola Normale Superiore di PISA,,01/INFO-01,INFO-01/A,INF/01,01/B1,CLASSE DI SCIENZE,,,https://openalex.org/A5004686760,Gizem Gezi̇ci,0000-0001-9782-5751,7.0,4.0,31.0,147.0,Scuola Normale Superiore
Ordinario,GHELLI Giorgio,GHELLI Giorgio,GHELLI,Ghelli,Giorgio,M,PISA,,01/INFO-01,INFO-01/A,INF/01,01/B1,INFORMATICA,,,https://openalex.org/A5023086477,Giorgio Ghelli,0000-0002-0596-6395,27.0,62.0,160.0,2782.0,University of Pisa
Ordinario,GHIDINI Chiara,GHIDINI Chiara,GHIDINI,Ghidini,Chiara,F,Libera Università di BOLZANO,Ingegneria,01/INFO-01,INFO-01/A,INF/01,01/B1,FACOLTA' DI INGEGNERIA,,,https://openalex.org/A5069353228,Chiara Ghidini,0000-0003-1563-4965,28.0,74.0,253.0,3692.0,Free University of Bozen-Bolzano
Associato confermato,GHINI Vittorio,GHINI Vittorio,GHINI,Ghini,Vittorio,M,BOLOGNA,,01/INFO-01,INFO-01/A,INF/01,01/B1,Informatica - Scienza e Ingegneria,,,https://openalex.org/A5048677622,Vittorio Ghini,0000-0002-2814-9857,16.0,21.0,70.0,825.0,University of Bologna
Ordinario,GIACOBAZZI Roberto,GIACOBAZZI Roberto,GIACOBAZZI,Giacobazzi,Roberto,M,VERONA,,01/INFO-01,INFO-01/A,INF/01,01/B1,Informatica,,,https://openalex.org/A5052881133,Roberto Giacobazzi,0000-0002-9582-3960,30.0,76.0,186.0,2955.0,University of Arizona
Ricercatore a t.d. - t.pieno (art. 24 c.3-a L. 240/10),GIACOBBE Maurizio,GIACOBBE Maurizio,GIACOBBE,Giacobbe,Maurizio,M,MESSINA,,01/INFO-01,INFO-01/A,INF/01,01/B1,"SCIENZE MATEMATICHE ED INFORMATICHE, SCIENZE FISICHE E SCIENZE DELLA TERRA",,,https://openalex.org/A5057656139,Maurizio Giacobbe,0000-0001-6178-7132,9.0,9.0,38.0,383.0,University of Messina
Ordinario,GIACOBINI Mario Dante Lucio,GIACOBINI Mario Dante Lucio,GIACOBINI,Giacobini,Mario Dante Lucio,M,TORINO,,01/INFO-01,INFO-01/A,INF/01,01/B1,Scienze veterinarie,,,https://openalex.org/A5074231708,Mario Giacobini,0000-0002-7647-5649,47.0,172.0,373.0,9202.0,University of Geneva
Ricercatore a t.d. - t.pieno (L. 79/2022),GIALLORENZO Saverio,GIALLORENZO Saverio,GIALLORENZO,Giallorenzo,Saverio,M,BOLOGNA,,01/INFO-01,INFO-01/A,INF/01,01/B1,INFORMATICA - SCIENZA E INGEGNERIA,,,https://openalex.org/A5035838492,Saverio Giallorenzo,0000-0002-3658-6395,15.0,24.0,115.0,1620.0,University of Bologna
Associato confermato,GIAMMARRESI Dora,GIAMMARRESI Dora,GIAMMARRESI,Giammarresi,Dora,F,"ROMA ""Tor Vergata""",,01/INFO-01,INFO-01/A,INF/01,01/B1,Matematica,,,https://openalex.org/A5044575697,Dora Giammarresi,0000-0001-6100-9904,17.0,28.0,76.0,1323.0,University of Rome Tor Vergata
Ordinario,GIANCARLO Raffaele,GIANCARLO Raffaele,GIANCARLO,Giancarlo,Raffaele,M,PALERMO,,01/INFO-01,INFO-01/A,INF/01,01/B1,Matematica e Informatica,,,https://openalex.org/A5078881318,Raffaele Giancarlo,0000-0002-6286-8871,31.0,68.0,187.0,3359.0,University of Palermo
Ordinario,GIANINI Gabriele,GIANINI Gabriele,GIANINI,Gianini,Gabriele,M,MILANO-BICOCCA,,01/INFO-01,INFO-01/A,INF/01,01/B1,"INFORMATICA, SISTEMISTICA E COMUNICAZIONE",,,https://openalex.org/A5037738148,G. Gianini,0000-0001-5186-0199,32.0,113.0,281.0,3805.0,University of Milano-Bicocca
Associato,GIANNELLI Carlo,GIANNELLI Carlo,GIANNELLI,Giannelli,Carlo,M,FERRARA,,01/INFO-01,INFO-01/A,INF/01,01/B1,Matematica e informatica,,,https://openalex.org/A5050330813,Carlo Giannelli,0000-0002-2394-1191,20.0,36.0,102.0,1396.0,University of Ferrara
Ricercatore a t.d. - t.pieno (art. 24 c.3-a L. 240/10),GIANNINI Francesco,GIANNINI Francesco,GIANNINI,Giannini,Francesco,M,Scuola Normale Superiore di PISA,,01/INFO-01,INFO-01/A,INF/01,01/B1,CLASSE DI SCIENZE,,,https://openalex.org/A5082353604,Francesco Giannini,0000-0002-3391-9860,32.0,91.0,311.0,3448.0,Maria Cecilia Hospital
Ordinario,GIANNINI Paola,GIANNINI Paola,GIANNINI,Giannini,Paola,F,PIEMONTE ORIENTALE,,01/INFO-01,INFO-01/A,INF/01,01/B1,Sviluppo Sostenibile e la Transizione Ecologica,,,https://openalex.org/A5057279396,Paola Giannini,0000-0003-2239-9529,16.0,33.0,122.0,1154.0,Università degli Studi del Piemonte Orientale “Amedeo Avogadro”
Ordinario,GIANNOTTI Fosca,GIANNOTTI Fosca,GIANNOTTI,Giannotti,Fosca,F,Scuola Normale Superiore di PISA,,01/INFO-01,INFO-01/A,INF/01,01/B1,Classe di scienze,,,https://openalex.org/A5024505700,Fosca Giannotti,0000-0003-3099-3835,58.0,174.0,378.0,18527.0,National Research Council
Ricercatore a t.d. - t.pieno (art. 24 c.3-a L. 240/10),GIGANTE Nicola,GIGANTE Nicola,GIGANTE,Gigante,Nicola,M,Libera Università di BOLZANO,Ingegneria,01/INFO-01,INFO-01/A,INF/01,01/B1,Non disponibile,,,https://openalex.org/A5070497827,Nicola Gigante,0000-0002-2254-4821,8.0,8.0,58.0,221.0,Free University of Bozen-Bolzano
Associato confermato,GIORDANO Laura,GIORDANO Laura,GIORDANO,Giordano,Laura,F,PIEMONTE ORIENTALE,,01/INFO-01,INFO-01/A,INF/01,01/B1,Scienze e Innovazione Tecnologica (DISIT),,,https://openalex.org/A5082515771,Laura Giordano,0000-0002-9587-7870,38.0,106.0,399.0,5203.0,IRCCS Humanitas Research Hospital
Ordinario,GIORNO Virginia,GIORNO Virginia,GIORNO,Giorno,Virginia,F,SALERNO,,01/INFO-01,INFO-01/A,INF/01,01/B1,Informatica,,,https://openalex.org/A5031967566,Virginia Giorno,0000-0001-6474-3952,21.0,46.0,165.0,1722.0,University of Salerno
Ricercatore a t.d. - t.pieno (art. 24 c.3-b L. 240/10),GIRAU Roberto,GIRAU Roberto,GIRAU,Girau,Roberto,M,BOLOGNA,,01/INFO-01,INFO-01/A,INF/01,01/B1,INFORMATICA - SCIENZA E INGEGNERIA,,,https://openalex.org/A5023826523,Roberto Girau,0000-0002-1298-7960,17.0,22.0,58.0,1502.0,University of Bologna
Ricercatore,GIUFFRIDA Giovanni,GIUFFRIDA Giovanni,GIUFFRIDA,Giuffrida,Giovanni,M,CATANIA,,01/INFO-01,INFO-01/A,INF/01,01/B1,Scienze Politiche e Sociali,,,https://openalex.org/A5015944963,Giovanni Giuffrida,0000-0003-3072-4088,14.0,21.0,79.0,862.0,Istituto Nazionale di Geofisica e Vulcanologia
Ordinario,GIUGNO Rosalba,GIUGNO Rosalba,GIUGNO,Giugno,Rosalba,F,VERONA,,01/INFO-01,INFO-01/A,INF/01,01/B1,Informatica,,,https://openalex.org/A5002057785,Rosalba Giugno,0000-0001-9843-7638,39.0,77.0,229.0,5085.0,University of Verona
Ricercatore a t.d. - t.pieno (art. 24 c.3-a L. 240/10),GIULIANI Alessandro,GIULIANI Alessandro,GIULIANI,Giuliani,Alessandro,M,CAGLIARI,,01/INFO-01,INFO-01/A,INF/01,01/B1,MATEMATICA E INFORMATICA,,,https://openalex.org/A5013428460,Alessandro Giuliani,0000-0002-4640-804X,53.0,284.0,662.0,13119.0,Istituto Superiore di Sanità
Ricercatore a t.d. - t.pieno (L. 79/2022),GIULIANO Fabrizio,GIULIANO Fabrizio,GIULIANO,Giuliano,Fabrizio,M,PALERMO,,01/INFO-01,INFO-01/A,MAT/01,01/A1,MATEMATICA E INFORMATICA,,,https://openalex.org/A5055473658,Fabrizio Giuliano,0000-0001-5784-6902,12.0,15.0,56.0,702.0,University of Palermo
Associato,GLIOZZI Valentina,GLIOZZI Valentina,GLIOZZI,Gliozzi,Valentina,F,TORINO,,01/INFO-01,INFO-01/A,INF/01,01/B1,Informatica,,,https://openalex.org/A5055132165,Valentina Gliozzi,0000-0003-1045-8018,19.0,31.0,106.0,1131.0,University of Turin
Ordinario,GOLDWURM Massimiliano,GOLDWURM Massimiliano,GOLDWURM,Goldwurm,Massimiliano,M,MILANO,,01/INFO-01,INFO-01/A,INF/01,01/B1,Matematica 'Federigo Enriques',,,https://openalex.org/A5063769823,Massimiliano Goldwurm,0000-0003-0903-4699,11.0,12.0,61.0,410.0,University of Milan
Associato,GORI Roberta,GORI Roberta,GORI,Gori,Roberta,F,PISA,,01/INFO-01,INFO-01/A,INF/01,01/B1,INFORMATICA,,,https://openalex.org/A5090195630,Roberta Gori,0000-0002-7424-9576,14.0,25.0,99.0,723.0,University of Pisa
Associato confermato,GORLA Daniele,GORLA Daniele,GORLA,Gorla,Daniele,M,"ROMA ""La Sapienza""",,01/INFO-01,INFO-01/A,INF/01,01/B1,Informatica,,,https://openalex.org/A5070497799,Daniele Gorla,0000-0001-8859-9844,17.0,29.0,103.0,953.0,Sapienza University of Rome
Ordinario,GORRIERI Roberto,GORRIERI Roberto,GORRIERI,Gorrieri,Roberto,M,BOLOGNA,,01/INFO-01,INFO-01/A,INF/01,01/B1,Informatica - Scienza e Ingegneria,,,https://openalex.org/A5000720054,Roberto Gorrieri,0000-0001-5502-0584,37.0,116.0,247.0,5260.0,University of Bologna
Ordinario,GOTTLOB Georg,GOTTLOB Georg,GOTTLOB,Gottlob,Georg,M,della CALABRIA,,01/INFO-01,INFO-01/A,INF/01,01/B1,Matematica e Informatica - DeMaCS,,,https://openalex.org/A5050151740,Georg Gottlob,0000-0002-2353-5230,71.0,280.0,573.0,21346.0,University of Calabria
Ricercatore a t.d. - t.pieno (art. 24 c.3-a L. 240/10),GRABMAYER Clemens Armin,GRABMAYER Clemens Armin,GRABMAYER,Grabmayer,Clemens Armin,M,Gran Sasso Science Institute,,01/INFO-01,INFO-01/A,INF/01,01/B1,Non disponibile,,,https://openalex.org/A5078432736,Clemens Grabmayer,,12.0,14.0,71.0,399.0,Gran Sasso Science Institute
Ordinario,GRANGETTO Marco,GRANGETTO Marco,GRANGETTO,Grangetto,Marco,M,TORINO,,01/INFO-01,INFO-01/A,INF/01,01/B1,Informatica,,,https://openalex.org/A5079141778,Marco Grangetto,0000-0002-2709-7864,27.0,81.0,265.0,3052.0,University of Turin
Ricercatore a t.d. - t.pieno (art. 24 c.3-a L. 240/10),GRASSI Elena,GRASSI Elena,GRASSI,Grassi,Elena,F,TORINO,,01/INFO-01,INFO-01/A,INF/01,01/B1,ONCOLOGIA,,,https://openalex.org/A5049648750,Elena Grassi,0000-0003-1066-927X,22.0,33.0,206.0,1622.0,University of Turin
Associato,GRASSO Giovanni,GRASSO Giovanni,GRASSO,Grasso,Giovanni,M,della CALABRIA,,01/INFO-01,INFO-01/A,INF/01,01/B1,Matematica e Informatica - DeMaCS,,,https://openalex.org/A5061049828,Giovanni Grasso,0000-0001-5362-0092,39.0,124.0,336.0,6873.0,University of Palermo
Associato,GRAUDENZI Alex,GRAUDENZI Alex,GRAUDENZI,Graudenzi,Alex,M,MILANO-BICOCCA,,01/INFO-01,INFO-01/A,INF/01,01/B1,"INFORMATICA, SISTEMISTICA E COMUNICAZIONE",,,https://openalex.org/A5055916343,Alex Graudenzi,0000-0001-5452-1918,21.0,39.0,170.0,1722.0,Institute of Molecular Bioimaging and Physiology
Ordinario,GRAVINO Carmine,GRAVINO Carmine,GRAVINO,Gravino,Carmine,M,SALERNO,,01/INFO-01,INFO-01/A,INF/01,01/B1,Informatica,,,https://openalex.org/A5012888719,Carmine Gravino,0000-0002-4394-9035,29.0,73.0,178.0,2429.0,University of Salerno
Ricercatore a t.d. - t.pieno (art. 24 c.3-a L. 240/10),GRECO Danilo,GRECO Danilo,GRECO,Greco,Danilo,M,Politecnico di MILANO,,01/INFO-01,INFO-01/A,INF/01,01/B1,INGEGNERIA GESTIONALE,,,https://openalex.org/A5063846401,Danilo Greco,0000-0002-0011-7001,4.0,1.0,28.0,55.0,Politecnico di Milano
Ordinario,GRECO Gianluigi,GRECO Gianluigi,GRECO,Greco,Gianluigi,M,della CALABRIA,,01/INFO-01,INFO-01/A,INF/01,01/B1,Matematica e Informatica - DeMaCS,,,https://openalex.org/A5087340443,Gianluigi Greco,0000-0002-5799-6828,27.0,80.0,240.0,3268.0,University of Calabria
Associato,GROSSI Giuliano,GROSSI Giuliano,GROSSI,Grossi,Giuliano,M,MILANO,,01/INFO-01,INFO-01/A,INF/01,01/B1,Informatica 'Giovanni Degli Antoni',,,https://openalex.org/A5037883962,Giuliano Grossi,0000-0001-9274-4047,16.0,32.0,101.0,1228.0,University of Milan
Ordinario,GROSSI Roberto,GROSSI Roberto,GROSSI,Grossi,Roberto,M,PISA,,01/INFO-01,INFO-01/A,INF/01,01/B1,INFORMATICA,,,https://openalex.org/A5006984021,Roberto Grossi,0000-0002-7985-4222,30.0,92.0,255.0,4656.0,University of Pisa
Associato,GUALA' Luciano,GUALÀ Luciano,GUALÀ,Gualà,Luciano,M,"ROMA ""Tor Vergata""",,01/INFO-01,INFO-01/A,INF/01,01/B1,"Ingegneria dell'Impresa ""Mario Lucertini""",,,https://openalex.org/A5027447341,Luciano Gualà,0000-0001-6976-5579,13.0,20.0,110.0,533.0,University of Rome Tor Vergata
Ricercatore a t.d. - t.pieno (art. 24 c.3-a L. 240/10),GUARNERA Francesco,GUARNERA Francesco,GUARNERA,Guarnera,Francesco,M,CATANIA,,01/INFO-01,INFO-01/A,INF/01,01/B1,MATEMATICA E INFORMATICA,,,https://openalex.org/A5076442017,Francesco Guarnera,0000-0002-7703-3367,8.0,5.0,40.0,220.0,University of Catania
Ricercatore a t.d. - t.pieno (art. 24 c.3-a L. 240/10),GUARNERA Luca,GUARNERA Luca,GUARNERA,Guarnera,Luca,M,CATANIA,,01/INFO-01,INFO-01/A,INF/01,,MATEMATICA E INFORMATICA,,,https://openalex.org/A5060702304,Luca Guarnera,0000-0001-8315-351X,12.0,17.0,40.0,683.0,University of Catania
Associato,GUAZZONE Marco,GUAZZONE Marco,GUAZZONE,Guazzone,Marco,M,PIEMONTE ORIENTALE,,01/INFO-01,INFO-01/A,INF/01,01/B1,Scienze e Innovazione Tecnologica (DISIT),,,https://openalex.org/A5030319667,Marco Guazzone,0000-0002-6387-4691,14.0,18.0,49.0,623.0,Università degli Studi del Piemonte Orientale “Amedeo Avogadro”
Ricercatore a t.d. - t.pieno (L. 79/2022),GUERRIERO Antonio,GUERRIERO Antonio,GUERRIERO,Guerriero,Antonio,M,SALERNO,,01/INFO-01,INFO-01/A,INF/01,01/B1,INFORMATICA,,,https://openalex.org/A5054616046,Antonio Guerriero,0000-0002-8104-3832,30.0,77.0,171.0,2869.0,University of Naples Federico II
Ordinario,GUERRINI Giovanna,GUERRINI Giovanna,GUERRINI,Guerrini,Giovanna,F,GENOVA,,01/INFO-01,INFO-01/A,INF/01,01/B1,"Informatica, bioingegneria,robotica e ingegneria dei sistemi (DIBRIS)",,,https://openalex.org/A5020065998,Giovanna Guerrini,0000-0001-9125-9867,21.0,42.0,185.0,1566.0,University of Genoa
Ricercatore a t.d. - t.pieno (art. 24 c.3-a L. 240/10),GUERRINI Veronica,GUERRINI Veronica,GUERRINI,Guerrini,Veronica,F,PISA,,01/INFO-01,INFO-01/A,INF/01,01/B1,INFORMATICA,,,https://openalex.org/A5091484790,Veronica Guerrini,0000-0001-8888-9243,6.0,3.0,31.0,125.0,University of Pisa
Ricercatore a t.d. - t.pieno (art. 24 c.3-a L. 240/10),GUGLIELMO Luca,GUGLIELMO Luca,GUGLIELMO,Guglielmo,Luca,M,MILANO-BICOCCA,,01/INFO-01,INFO-01/A,,,"INFORMATICA, SISTEMISTICA E COMUNICAZIONE",,,https://openalex.org/A5060442771,Luca Pradotto,0000-0003-1103-1964,15.0,21.0,36.0,692.0,University of Turin
Associato,GUIDI Barbara,GUIDI Barbara,GUIDI,Guidi,Barbara,F,PISA,,01/INFO-01,INFO-01/A,INF/01,01/B1,INFORMATICA,,,https://openalex.org/A5010577433,Barbara Guidi,0000-0002-0151-6469,19.0,42.0,103.0,1316.0,University of Pisa
Ricercatore a t.d. - t.pieno (art. 24 c.3-a L. 240/10),GUIDOTTI Dario,GUIDOTTI Dario,GUIDOTTI,Guidotti,Dario,M,SASSARI,,01/INFO-01,INFO-01/A,INF/01,01/B1,SCIENZE UMANISTICHE E SOCIALI,,,https://openalex.org/A5056397445,Dario Guidotti,0000-0001-8284-5266,7.0,4.0,29.0,138.0,University of Sassari
Associato,GUIDOTTI Riccardo,GUIDOTTI Riccardo,GUIDOTTI,Guidotti,Riccardo,M,PISA,,01/INFO-01,INFO-01/A,INF/01,01/B1,INFORMATICA,,,https://openalex.org/A5091251187,Riccardo Guidotti,0000-0002-2827-7613,27.0,49.0,170.0,7921.0,"Istituto di Scienza e Tecnologie dell'Informazione ""Alessandro Faedo"""
Associato,GULLO Francesco,GULLO Francesco,GULLO,Gullo,Francesco,M,L'AQUILA,,01/INFO-01,INFO-01/A,INF/01,01/B1,Ingegneria e scienze dell'informazione e matematica,,,https://openalex.org/A5026420819,Francesco Gullo,0000-0002-7052-1114,27.0,43.0,112.0,2154.0,University of L'Aquila
Associato confermato,GUNETTI Daniele,GUNETTI Daniele,GUNETTI,Gunetti,Daniele,M,TORINO,,01/INFO-01,INFO-01/A,INF/01,01/B1,Informatica,,,https://openalex.org/A5083448763,Daniele Gunetti,0000-0002-9757-0821,13.0,14.0,36.0,1510.0,University of Turin
Ricercatore a t.d. - t.pieno (art. 24 c.3-a L. 240/10),HACHEM Fatme,HACHEM Fatme,HACHEM,Hachem,Fatme,F,MILANO,,01/INFO-01,INFO-01/A,INF/01,01/B1,INFORMATICA 'GIOVANNI DEGLI ANTONI',,,https://openalex.org/A5077131482,Fatme Hachem,,3.0,0.0,8.0,21.0,Wayne State University
Ricercatore a t.d. - t.pieno (art. 24 c.3-a L. 240/10),HEIBI Ivan,HEIBI Ivan,HEIBI,Heibi,Ivan,M,BOLOGNA,,01/INFO-01,INFO-01/A,INF/01,01/B1,FILOLOGIA CLASSICA E ITALIANISTICA,,,https://openalex.org/A5006728922,Ivan Heibi,0000-0001-5366-5194,8.0,7.0,101.0,198.0,University of Bologna
Ricercatore a t.d. - t.pieno (art. 24 c.3-a L. 240/10),HITAJ Dorjan,HITAJ Dorjan,HITAJ,Hitaj,Dorjan,M,"ROMA ""La Sapienza""",,01/INFO-01,INFO-01/A,INF/01,01/B1,INFORMATICA,,,https://openalex.org/A5080694735,Dorjan Hitaj,0000-0001-5686-3831,8.0,8.0,36.0,225.0,Sapienza University of Rome
Ricercatore a t.d. - t.pieno (art. 24 c.3-a L. 240/10),HOFER Florian,HOFER Florian,HOFER,Hofer,Florian,M,Libera Università di BOLZANO,Ingegneria,01/INFO-01,INFO-01/A,INF/01,01/B1,Non disponibile,,,https://openalex.org/A5027700888,Florian Hofer,0000-0003-2532-0919,16.0,21.0,77.0,745.0,Universität Innsbruck
Ordinario,HONSELL Furio,HONSELL Furio,HONSELL,Honsell,Furio,M,UDINE,,01/INFO-01,INFO-01/A,INF/01,01/B1,"Scienze Matematiche, Informatiche e Fisiche",,,https://openalex.org/A5000680961,Furio Honsell,0000-0001-8937-1892,23.0,50.0,164.0,3254.0,University of Udine
Associato,HORVATH Andras,HORVATH Andras,HORVATH,Horvath,Andras,M,TORINO,,01/INFO-01,INFO-01/A,INF/01,01/B1,Informatica,,,https://openalex.org/A5055547076,András Horváth,0000-0002-8210-545X,24.0,48.0,184.0,2065.0,University of Turin
Ricercatore a t.d. - t.pieno (art. 24 c.3-a L. 240/10),HOSSEINZADEH Mohammad Mehdi,HOSSEINZADEH Mohammad Mehdi,HOSSEINZADEH,Hosseinzadeh,Mohammad Mehdi,M,BERGAMO,,01/INFO-01,INFO-01/A,INF/01,01/B1,"LETTERE, FILOSOFIA, COMUNICAZIONE",,,https://openalex.org/A5034996367,Mohammad Mehdi Hosseinzadeh,0000-0003-3275-6286,7.0,5.0,21.0,117.0,University of Bergamo
Ordinario,IANNI Giovambattista,IANNI Giovambattista,IANNI,Ianni,Giovambattista,M,della CALABRIA,,01/INFO-01,INFO-01/A,INF/01,01/B1,Matematica e Informatica - DeMaCS,,,https://openalex.org/A5070729128,Giovambattista Ianni,0000-0003-0534-6425,24.0,49.0,110.0,2851.0,University of Calabria
Ricercatore a t.d. - t.pieno (art. 24 c.3-a L. 240/10),IELO Antonio,IELO Antonio,IELO,Ielo,Antonio,M,della CALABRIA,,01/INFO-01,INFO-01/A,,,MATEMATICA E INFORMATICA - DEMACS,,,https://openalex.org/A5089816326,Antonio Ielo,0009-0006-9644-7975,1.0,0.0,11.0,7.0,University of Calabria
Ricercatore a t.d. - t.pieno (L. 79/2022),INCERTO Emilio,INCERTO Emilio,INCERTO,Incerto,Emilio,M,Scuola IMT Alti Studi LUCCA,Altre Strutture,01/INFO-01,INFO-01/A,INF/01,,Non disponibile,,,https://openalex.org/A5032978708,Emilio Incerto,0000-0001-6895-6517,7.0,4.0,31.0,132.0,IMT School for Advanced Studies Lucca
Ordinario,INVERARDI Paola,INVERARDI Paola,INVERARDI,Inverardi,Paola,F,Gran Sasso Science Institute,,01/INFO-01,INFO-01/A,INF/01,01/B1,Area di Informatica,,,https://openalex.org/A5039484805,Paola Inverardi,0000-0001-6734-1318,30.0,66.0,169.0,5564.0,Gran Sasso Science Institute
Associato,INVERSO Omar,INVERSO Omar,INVERSO,Inverso,Omar,M,Gran Sasso Science Institute,,01/INFO-01,INFO-01/A,INF/01,01/B1,Area di Informatica,,,https://openalex.org/A5036578213,Omar Inverso,0000-0002-9348-1979,13.0,19.0,60.0,615.0,Gran Sasso Science Institute
Ricercatore a t.d. - t.pieno (art. 24 c.3-a L. 240/10),IOTTI Eleonora,IOTTI Eleonora,IOTTI,Iotti,Eleonora,F,PARMA,,01/INFO-01,INFO-01/A,INF/01,01/B1,"SCIENZE MATEMATICHE, FISICHE E INFORMATICHE",,,https://openalex.org/A5080101687,Eleonora Iotti,0000-0001-7670-2226,7.0,6.0,33.0,254.0,University of Parma
Associato,IOVINO Ludovico,IOVINO Ludovico,IOVINO,Iovino,Ludovico,M,Gran Sasso Science Institute,,01/INFO-01,INFO-01/A,INF/01,01/B1,Area di Informatica,,,https://openalex.org/A5035041500,Ludovico Iovino,0000-0001-6552-2609,20.0,39.0,124.0,1333.0,Gran Sasso Science Institute
Associato,ISGRO' Francesco,ISGRÒ Francesco,ISGRÒ,Isgrò,Francesco,M,Napoli Federico II,,01/INFO-01,INFO-01/A,INF/01,01/B1,Ingegneria Elettrica e delle Tecnologie dell'Informazione,,,https://openalex.org/A5032731543,Francesco Isgrò,0000-0001-9342-5291,23.0,49.0,150.0,1998.0,University of Naples Federico II
Associato,JANES Andrea Alexander,JANES Andrea Alexander,JANES,Janes,Andrea Alexander,M,Libera Università di BOLZANO,Ingegneria,01/INFO-01,INFO-01/A,INF/01,01/B1,FACOLTA' DI INGEGNERIA,,,,,,,,,,
Ricercatore a t.d. - t.pieno (art. 24 c.3-a L. 240/10),KHEIRATI ROONIZI Arman,KHEIRATI ROONIZI Arman,KHEIRATI ROONIZI,Kheirati Roonizi,Arman,M,MILANO,,01/INFO-01,INFO-01/A,INF/01,01/B1,INFORMATICA 'GIOVANNI DEGLI ANTONI',,,https://openalex.org/A5014957461,Arman Kheirati Roonizi,,11.0,12.0,49.0,360.0,Fasa University
Associato,KIZILTAN Zeynep,KIZILTAN Zeynep,KIZILTAN,Kiziltan,Zeynep,F,BOLOGNA,,01/INFO-01,INFO-01/A,INF/01,01/B1,Informatica - Scienza e Ingegneria,,,https://openalex.org/A5033859818,Zeynep Kiziltan,0000-0003-0412-4396,19.0,28.0,99.0,1202.0,University of Bologna
Ricercatore a t.d. - t.pieno (art. 24 c.3-a L. 240/10),KOCIAN Alexander,KOCIAN Alexander,KOCIAN,Kocian,Alexander,M,PISA,,01/INFO-01,INFO-01/A,INF/01,01/B1,INFORMATICA,,,https://openalex.org/A5057467649,Alexander Kocian,0000-0001-8847-0768,11.0,11.0,61.0,485.0,University of Pisa
Associato confermato,KUPER Gabriel Mark,KUPER Gabriel Mark,KUPER,Kuper,Gabriel Mark,M,TRENTO,,01/INFO-01,INFO-01/A,INF/01,01/B1,Ingegneria e Scienza dell'Informazione,,,https://openalex.org/A5053234439,Gabriel M. Kuper,0000-0002-0666-0662,25.0,41.0,83.0,3105.0,University of Trento
Associato,KUTZ Oliver,KUTZ Oliver,KUTZ,Kutz,Oliver,M,Libera Università di BOLZANO,Ingegneria,01/INFO-01,INFO-01/A,INF/01,01/B1,FACOLTA' DI INGEGNERIA,,,https://openalex.org/A5032241029,Oliver Kutz,0000-0003-1517-7354,24.0,50.0,139.0,2622.0,Free University of Bozen-Bolzano
Ricercatore a t.d. - t.pieno (L. 79/2022),LA MORGIA Massimo,LA MORGIA Massimo,LA MORGIA,La Morgia,Massimo,M,"ROMA ""La Sapienza""",,01/INFO-01,INFO-01/A,INF/01,01/B1,INFORMATICA,,,https://openalex.org/A5064723462,Massimo La Morgia,0000-0001-7132-078X,10.0,10.0,31.0,266.0,Sapienza University of Rome
Ricercatore a t.d. - t.pieno (art. 24 c.3-a L. 240/10),LA ROSA Francesco,LA ROSA Francesco,LA ROSA,La Rosa,Francesco,M,MESSINA,,01/INFO-01,INFO-01/A,INF/01,01/B1,"SCIENZE MATEMATICHE ED INFORMATICHE, SCIENZE FISICHE E SCIENZE DELLA TERRA",,,https://openalex.org/A5004258520,Francesco La Rosa,0000-0002-9224-4664,28.0,59.0,198.0,2828.0,Icahn School of Medicine at Mount Sinai
Ordinario,LA TORRE Salvatore,LA TORRE Salvatore,LA TORRE,La Torre,Salvatore,M,SALERNO,,01/INFO-01,INFO-01/A,INF/01,01/B1,Informatica,,,https://openalex.org/A5078894561,Salvatore La Torre,0000-0002-4978-4307,24.0,52.0,126.0,2424.0,University of Salerno
Ricercatore,LAGORIO Giovanni,LAGORIO Giovanni,LAGORIO,Lagorio,Giovanni,M,GENOVA,,01/INFO-01,INFO-01/A,INF/01,01/B1,"Informatica, bioingegneria,robotica e ingegneria dei sistemi (DIBRIS)",,,https://openalex.org/A5039372480,Giovanni Lagorio,0000-0002-6632-1523,16.0,23.0,57.0,985.0,University of Genoa
Ricercatore a t.d. - t.pieno (art. 24 c.3-b L. 240/10),LAI Mirko,LAI Mirko,LAI,Lai,Mirko,M,PIEMONTE ORIENTALE,,01/INFO-01,INFO-01/A,INF/01,01/B1,SCIENZE E INNOVAZIONE TECNOLOGICA (DISIT),,,https://openalex.org/A5024569490,Mirko Lai,0000-0003-1042-0861,14.0,20.0,41.0,621.0,University of Turin
Associato,LANESE Ivan,LANESE Ivan,LANESE,Lanese,Ivan,M,BOLOGNA,,01/INFO-01,INFO-01/A,INF/01,01/B1,Informatica - Scienza e Ingegneria,,,https://openalex.org/A5030878839,Ivan Lanese,0000-0003-2527-9995,30.0,67.0,215.0,2982.0,University of Bologna
Ordinario,LANEVE Cosimo,LANEVE Cosimo,LANEVE,Laneve,Cosimo,M,BOLOGNA,,01/INFO-01,INFO-01/A,INF/01,01/B1,Informatica - Scienza e Ingegneria,,,https://openalex.org/A5010877867,Cosimo Laneve,0000-0002-0052-4061,26.0,61.0,176.0,2696.0,University of Bologna
Associato,LANOTTE Ruggero,LANOTTE Ruggero,LANOTTE,Lanotte,Ruggero,M,INSUBRIA,,01/INFO-01,INFO-01/A,INF/01,01/B1,Scienze Umane e dell'Innovazione per il Territorio,,,https://openalex.org/A5090347665,Ruggero Lanotte,0000-0002-3335-234X,16.0,28.0,103.0,877.0,University of Insubria
Ordinario,LANUBILE Filippo,LANUBILE Filippo,LANUBILE,Lanubile,Filippo,M,BARI,,01/INFO-01,INFO-01/A,INF/01,01/B1,Informatica,,,https://openalex.org/A5072863196,Filippo Lanubile,0000-0003-3373-7589,36.0,106.0,231.0,5437.0,University of Bari Aldo Moro
Associato,LANZI Andrea,LANZI Andrea,LANZI,Lanzi,Andrea,M,MILANO,,01/INFO-01,INFO-01/A,INF/01,01/B1,Informatica 'Giovanni Degli Antoni',,,https://openalex.org/A5017862259,Andrea Lanzi,0000-0002-1544-3758,21.0,33.0,70.0,2452.0,University of Milan
Ordinario,LANZILOTTI Rosa,LANZILOTTI Rosa,LANZILOTTI,Lanzilotti,Rosa,F,BARI,,01/INFO-01,INFO-01/A,INF/01,01/B1,Informatica,,,https://openalex.org/A5090655171,Rosa Lanzilotti,0000-0002-2039-8162,30.0,69.0,180.0,3141.0,University of Bari Aldo Moro
Associato confermato,LAPEGNA Marco,LAPEGNA Marco,LAPEGNA,Lapegna,Marco,M,Napoli Federico II,,01/INFO-01,INFO-01/A,INF/01,01/B1,"Matematica e Applicazioni ""Renato Caccioppoli""",,,https://openalex.org/A5039119880,Marco Lapegna,0000-0001-9953-1319,16.0,25.0,89.0,571.0,University of Naples Federico II
Associato,LAURIA Mario,LAURIA Mario,LAURIA,Lauria,Mario,M,TRENTO,,01/INFO-01,INFO-01/A,INF/01,01/B1,Matematica,,,https://openalex.org/A5026481712,Mario Lauria,0000-0001-5983-7292,22.0,43.0,89.0,2165.0,The Microsoft Research - University of Trento Centre for Computational and Systems Biology
Associato,LAURIA Massimo,LAURIA Massimo,LAURIA,Lauria,Massimo,M,"ROMA ""La Sapienza""",,01/INFO-01,INFO-01/A,INF/01,01/B1,Scienze statistiche,,,https://openalex.org/A5024267515,Massimo Lauria,0000-0003-4003-3168,15.0,21.0,89.0,665.0,Sapienza University of Rome
Associato confermato,LENISA Marina,LENISA Marina,LENISA,Lenisa,Marina,F,UDINE,,01/INFO-01,INFO-01/A,INF/01,01/B1,"Scienze Matematiche, Informatiche e Fisiche",,,https://openalex.org/A5111459665,Marina Lenisa,,14.0,17.0,77.0,546.0,University of Udine
Ricercatore,LENZITTI Biagio,LENZITTI Biagio,LENZITTI,Lenzitti,Biagio,M,PALERMO,,01/INFO-01,INFO-01/A,INF/01,01/B1,Matematica e Informatica,,,https://openalex.org/A5030968239,Biagio Lenzitti,0000-0003-2664-7788,9.0,6.0,57.0,202.0,University of Palermo
Associato,LEONARDI Giorgio,LEONARDI Giorgio,LEONARDI,Leonardi,Giorgio,M,PIEMONTE ORIENTALE,,01/INFO-01,INFO-01/A,INF/01,01/B1,Scienze e Innovazione Tecnologica (DISIT),,,https://openalex.org/A5006546094,Giorgio Leonardi,0000-0002-9533-9722,14.0,22.0,75.0,666.0,Università degli Studi del Piemonte Orientale “Amedeo Avogadro”
Ordinario,LEONCINI Mauro,LEONCINI Mauro,LEONCINI,Leoncini,Mauro,M,MODENA e REGGIO EMILIA,,01/INFO-01,INFO-01/A,INF/01,01/B1,"Scienze fisiche, informatiche e matematiche",,,https://openalex.org/A5082430235,Mauro Leoncini,0000-0002-1999-3132,17.0,28.0,131.0,1310.0,University of Modena and Reggio Emilia
Ordinario,LEONE Nicola,LEONE Nicola,LEONE,Leone,Nicola,M,della CALABRIA,,01/INFO-01,INFO-01/A,INF/01,01/B1,Matematica e Informatica - DeMaCS,,,https://openalex.org/A5002604860,Nicola Leone,0000-0002-9742-1252,49.0,155.0,402.0,10312.0,University of Calabria
Ricercatore a t.d. - t.pieno (art. 24 c.3-b L. 240/10),LEOTTA Maurizio,LEOTTA Maurizio,LEOTTA,Leotta,Maurizio,M,GENOVA,,01/INFO-01,INFO-01/A,INF/01,01/B1,"INFORMATICA, BIOINGEGNERIA,ROBOTICA E INGEGNERIA DEI SISTEMI (DIBRIS)",,,https://openalex.org/A5057891774,Maurizio Leotta,0000-0001-5267-0602,22.0,45.0,127.0,1569.0,Ingegneria dei Sistemi (Italy)
Associato,LEPORATI Alberto Ottavio,LEPORATI Alberto Ottavio,LEPORATI,Leporati,Alberto Ottavio,M,MILANO-BICOCCA,,01/INFO-01,INFO-01/A,INF/01,01/B1,"INFORMATICA, SISTEMISTICA E COMUNICAZIONE",,,,,,,,,,
Associato,LEPORINI Barbara,LEPORINI Barbara,LEPORINI,Leporini,Barbara,F,PISA,,01/INFO-01,INFO-01/A,INF/01,01/B1,INFORMATICA,,,https://openalex.org/A5050312593,Barbara Leporini,0000-0003-2469-9648,24.0,58.0,155.0,1789.0,"Istituto di Scienza e Tecnologie dell'Informazione ""Alessandro Faedo"""
Associato,LEUCCI Stefano,LEUCCI Stefano,LEUCCI,Leucci,Stefano,M,L'AQUILA,,01/INFO-01,INFO-01/A,INF/01,01/B1,Ingegneria e scienze dell'informazione e matematica,,,https://openalex.org/A5028702811,Stefano Leucci,,15.0,19.0,113.0,657.0,University of L'Aquila
Associato confermato,LEVI Francesca,LEVI Francesca,LEVI,Levi,Francesca,F,PISA,,01/INFO-01,INFO-01/A,INF/01,01/B1,INFORMATICA,,,https://openalex.org/A5054584900,Francesca Levi‐Schaffer,0000-0003-0620-2810,71.0,244.0,433.0,18988.0,Hebrew University of Jerusalem
Associato,LIETO Antonio,LIETO Antonio,LIETO,Lieto,Antonio,M,SALERNO,,01/INFO-01,INFO-01/A,INF/01,01/B1,Scienze Politiche e della Comunicazione,,,https://openalex.org/A5033602352,Antonio Lieto,0000-0002-8323-8764,20.0,39.0,187.0,1297.0,University of Salerno
Associato,LIN Jianyi,LIN Jianyi,LIN,Lin,Jianyi,M,Cattolica del Sacro Cuore,Economia,01/INFO-01,INFO-01/A,INF/01,01/B1,SCIENZE STATISTICHE,,,https://openalex.org/A5102023593,Jianyi Lin,0000-0002-0525-9746,84.0,189.0,249.0,29850.0,Institute of Urban Environment
Associato,LIPTAK Zsuzsanna,LIPTAK Zsuzsanna,LIPTAK,Liptak,Zsuzsanna,F,VERONA,,01/INFO-01,INFO-01/A,INF/01,01/B1,Informatica,,,https://openalex.org/A5017689080,Zsuzsanna Lipták,0000-0002-3233-0691,16.0,24.0,85.0,1129.0,University of Verona
Associato,LISANTI Giuseppe,LISANTI Giuseppe,LISANTI,Lisanti,Giuseppe,M,BOLOGNA,,01/INFO-01,INFO-01/A,INF/01,01/B1,Informatica - Scienza e Ingegneria,,,https://openalex.org/A5036430028,Giuseppe Lisanti,0000-0002-0785-9972,16.0,25.0,74.0,1348.0,University of Bologna
Associato,LISI Francesca Alessandra,LISI Francesca Alessandra,LISI,Lisi,Francesca Alessandra,F,BARI,,01/INFO-01,INFO-01/A,INF/01,01/B1,Informatica,,,https://openalex.org/A5079129060,Francesca A. Lisi,0000-0001-5414-5844,17.0,33.0,133.0,1100.0,University of Florence
Associato,LISSANDRINI Matteo,LISSANDRINI Matteo,LISSANDRINI,Lissandrini,Matteo,M,VERONA,,01/INFO-01,INFO-01/A,INF/01,01/B1,Lingue e letterature straniere,,,https://openalex.org/A5084898176,Matteo Lissandrini,0000-0001-7922-5998,13.0,21.0,90.0,582.0,Aalborg University
Associato,LIVRAGA Giovanni,LIVRAGA Giovanni,LIVRAGA,Livraga,Giovanni,M,MILANO,,01/INFO-01,INFO-01/A,INF/01,01/B1,Informatica 'Giovanni Degli Antoni',,,https://openalex.org/A5089266346,Giovanni Livraga,0000-0003-2661-8573,15.0,23.0,95.0,715.0,University of Milan
Ordinario,LO BOSCO Giosue',LO BOSCO Giosuè,LO BOSCO,Lo Bosco,Giosuè,M,PALERMO,,01/INFO-01,INFO-01/A,INF/01,01/B1,Matematica e Informatica,,,https://openalex.org/A5089392019,Giosué Lo Bosco,0000-0002-1602-0693,22.0,51.0,158.0,1957.0,University of Palermo
Ricercatore a t.d. - t.pieno (art. 24 c.3-a L. 240/10),LO SCUDO Fabrizio,LO SCUDO Fabrizio,LO SCUDO,Lo Scudo,Fabrizio,M,della CALABRIA,,01/INFO-01,INFO-01/A,INF/01,01/B1,MATEMATICA E INFORMATICA - DEMACS,,,https://openalex.org/A5069354072,Fabrizio Lo Scudo,0000-0001-9092-8918,3.0,2.0,6.0,118.0,University of Calabria
Associato,LOCORO Angela,LOCORO Angela,LOCORO,Locoro,Angela,F,BRESCIA,,01/INFO-01,INFO-01/A,INF/01,01/B1,ECONOMIA E MANAGEMENT,,,https://openalex.org/A5027351667,Angela Locoro,0000-0002-6740-8620,13.0,18.0,96.0,1136.0,University of Brescia
Ricercatore a t.d. - t.pieno (art. 24 c.3-a L. 240/10),LODDO Andrea,LODDO Andrea,LODDO,Loddo,Andrea,M,CAGLIARI,,01/INFO-01,INFO-01/A,INF/01,01/B1,MATEMATICA E INFORMATICA,,,https://openalex.org/A5010294470,Andrea Loddo,0000-0002-6571-3816,15.0,19.0,80.0,913.0,University of Cagliari
Ricercatore a t.d. - t.pieno (art. 24 c.3-a L. 240/10),LODI Michael,LODI Michael,LODI,Lodi,Michael,M,BOLOGNA,,01/INFO-01,INFO-01/A,INF/01,01/B1,INFORMATICA - SCIENZA E INGEGNERIA,,,https://openalex.org/A5026925758,Michael Lodi,0000-0002-3330-3089,9.0,9.0,42.0,428.0,Jain University
Ordinario,LOIA Vincenzo,LOIA Vincenzo,LOIA,Loia,Vincenzo,M,SALERNO,,01/INFO-01,INFO-01/A,INF/01,01/B1,Scienze Aziendali - Management & Innovation Systems,,,https://openalex.org/A5036423849,Vincenzo Loia,0000-0003-4807-8942,48.0,199.0,541.0,10086.0,University of Salerno
Associato,LOLLINI Paolo,LOLLINI Paolo,LOLLINI,Lollini,Paolo,M,FIRENZE,,01/INFO-01,INFO-01/A,INF/01,01/B1,Matematica e Informatica “Ulisse Dini”(DIMAI),,,https://openalex.org/A5089287870,Paolo Lollini,0000-0002-2364-2538,14.0,29.0,106.0,694.0,University of Florence
Ricercatore a t.d. - t.pieno (art. 24 c.3-a L. 240/10),LOMBARDI Tiziano,LOMBARDI Tiziano,LOMBARDI,Lombardi,Tiziano,M,L'AQUILA,,01/INFO-01,INFO-01/A,INF/01,01/B1,INGEGNERIA E SCIENZE DELL'INFORMAZIONE E MATEMATICA,,,https://openalex.org/A5021509620,Tiziano Lombardi,,2.0,0.0,6.0,10.0,University of L'Aquila
Ordinario,LOMBARDO Vincenzo,LOMBARDO Vincenzo,LOMBARDO,Lombardo,Vincenzo,M,TORINO,,01/INFO-01,INFO-01/A,INF/01,01/B1,Informatica,,,https://openalex.org/A5107848982,V. Lombardo,,64.0,242.0,454.0,15295.0,University of Milan
Ricercatore a t.d. - t.pieno (L. 79/2022),LOMONACO Vincenzo,LOMONACO Vincenzo,LOMONACO,Lomonaco,Vincenzo,M,PISA,,01/INFO-01,INFO-01/A,INF/01,01/B1,INFORMATICA,,,https://openalex.org/A5023471278,Vincenzo Lomonaco,0000-0001-8308-6599,22.0,42.0,142.0,2273.0,University of Pisa
Ricercatore,LONATI Violetta,LONATI Violetta,LONATI,Lonati,Violetta,F,MILANO,,01/INFO-01,INFO-01/A,INF/01,01/B1,Informatica 'Giovanni Degli Antoni',,,https://openalex.org/A5102775777,Violetta Lonati,0000-0002-4722-244X,14.0,21.0,96.0,725.0,University of Milan
Ordinario,LOPS Pasquale,LOPS Pasquale,LOPS,Lops,Pasquale,M,BARI,,01/INFO-01,INFO-01/A,INF/01,01/B1,Informatica,,,https://openalex.org/A5011978745,Pasquale Lops,0000-0002-6866-9451,36.0,95.0,284.0,5974.0,University of Bari Aldo Moro
Ordinario,LORETI Michele,LORETI Michele,LORETI,Loreti,Michele,M,CAMERINO,,01/INFO-01,INFO-01/A,INF/01,01/B1,SCUOLA DI SCIENZE E TECNOLOGIE,,,https://openalex.org/A5069085203,Michele Loreti,0000-0003-3061-863X,28.0,62.0,181.0,2558.0,Università di Camerino
Ricercatore a t.d. - t.pieno (art. 24 c.3-b L. 240/10),LOSIOUK Eleonora,LOSIOUK Eleonora,LOSIOUK,Losiouk,Eleonora,F,PADOVA,,01/INFO-01,INFO-01/A,INF/01,01/B1,"MATEMATICA ""TULLIO LEVI-CIVITA"" - DM",,omonimia,https://openalex.org/A5067504505,Eleonora Losiouk,0000-0002-2315-7823,12.0,15.0,66.0,539.0,University of Padua
Associato,LOSIOUK Eleonora,LOSIOUK Eleonora,LOSIOUK,Losiouk,Eleonora,F,PADOVA,,01/INFO-01,INFO-01/A,INF/01,01/B1,"MATEMATICA ""TULLIO LEVI-CIVITA"" - DM",,omonimia,https://openalex.org/A5067504505,Eleonora Losiouk,0000-0002-2315-7823,12.0,15.0,66.0,539.0,University of Padua
Associato confermato,LUCCIO Flaminia,LUCCIO Flaminia,LUCCIO,Luccio,Flaminia,F,"""Ca' Foscari"" VENEZIA",,01/INFO-01,INFO-01/A,INF/01,01/B1,"Scienze Ambientali, Informatica e Statistica",,,https://openalex.org/A5031937441,Flaminia L. Luccio,0000-0002-5409-5039,19.0,38.0,132.0,1432.0,Ca' Foscari University of Venice
Ricercatore,LUCENTEFORTE Maurizio,LUCENTEFORTE Maurizio,LUCENTEFORTE,Lucenteforte,Maurizio,M,TORINO,,01/INFO-01,INFO-01/A,INF/01,01/B1,Informatica,,,https://openalex.org/A5037325301,Maurizio Lucenteforte,0000-0001-6102-3474,13.0,17.0,77.0,432.0,University of Turin
Associato,LUDOVICO Luca Andrea,LUDOVICO Luca Andrea,LUDOVICO,Ludovico,Luca Andrea,M,MILANO,,01/INFO-01,INFO-01/A,INF/01,01/B1,Informatica 'Giovanni Degli Antoni',,,https://openalex.org/A5039972328,Luca A. Ludovico,0000-0002-8251-2231,13.0,25.0,186.0,996.0,University of Milan
Ricercatore a t.d. - t.pieno (art. 24 c.3-a L. 240/10),LUNESU Maria Ilaria,LUNESU Maria Ilaria,LUNESU,Lunesu,Maria Ilaria,F,CAGLIARI,,01/INFO-01,INFO-01/A,INF/01,01/B1,MATEMATICA E INFORMATICA,,,https://openalex.org/A5001446748,Maria Ilaria Lunesu,0000-0002-2552-4228,17.0,20.0,54.0,838.0,University of Cagliari
Ricercatore a t.d. - t.pieno (L. 79/2022),LUPERTO Matteo,LUPERTO Matteo,LUPERTO,Luperto,Matteo,M,MILANO,,01/INFO-01,INFO-01/A,INF/01,01/B1,INFORMATICA 'GIOVANNI DEGLI ANTONI',,,https://openalex.org/A5020142519,Matteo Luperto,0000-0002-8976-2073,12.0,15.0,60.0,447.0,University of Milan
Associato,MADDALENA Eddy,MADDALENA Eddy,MADDALENA,Maddalena,Eddy,M,UDINE,,01/INFO-01,INFO-01/A,INF/01,01/B1,"Scienze Matematiche, Informatiche e Fisiche",,,https://openalex.org/A5020871436,Eddy Maddalena,0000-0002-5423-8669,14.0,16.0,49.0,661.0,University of Udine
Associato,MADONIA Maria Serafina,MADONIA Maria Serafina,MADONIA,Madonia,Maria Serafina,F,CATANIA,,01/INFO-01,INFO-01/A,INF/01,01/B1,Matematica e Informatica,,,,,,,,,,
Ricercatore a t.d. - t.defin. (L. 79/2022),MAGGIOLI Filippo,MAGGIOLI Filippo,MAGGIOLI,Maggioli,Filippo,M,Univ. Telematica PEGASO,Ingegneria e informatica,01/INFO-01,INFO-01/A,INF/01,01/B1,SCIENZE E TECNOLOGIE DELL'INFORMAZIONE,,,https://openalex.org/A5034685669,Filippo Maggioli,0000-0001-8008-8468,4.0,1.0,19.0,46.0,University of Milano-Bicocca
Associato,MAGGIORINI Dario,MAGGIORINI Dario,MAGGIORINI,Maggiorini,Dario,M,MILANO,,01/INFO-01,INFO-01/A,INF/01,01/B1,Informatica 'Giovanni Degli Antoni',,,https://openalex.org/A5047648362,Dario Maggiorini,0000-0002-7460-2966,22.0,38.0,138.0,1699.0,University of Milan
Ricercatore a t.d. - t.pieno (art. 24 c.3-a L. 240/10),MAGHOOL Samira,MAGHOOL Samira,MAGHOOL,Maghool,Samira,F,MILANO,,01/INFO-01,INFO-01/A,INF/01,01/B1,INFORMATICA 'GIOVANNI DEGLI ANTONI',,,https://openalex.org/A5002165190,Samira Maghool,0000-0001-8310-2050,6.0,3.0,31.0,109.0,University of Milan
Associato confermato,MAGILLO Paola,MAGILLO Paola,MAGILLO,Magillo,Paola,F,GENOVA,,01/INFO-01,INFO-01/A,INF/01,01/B1,"Informatica, bioingegneria,robotica e ingegneria dei sistemi (DIBRIS)",,,https://openalex.org/A5027120705,Paola Magillo,0000-0001-5088-034X,19.0,41.0,100.0,1543.0,University of Genoa
Ricercatore,MAGRO Diego,MAGRO Diego,MAGRO,Magro,Diego,M,TORINO,,01/INFO-01,INFO-01/A,INF/01,01/B1,Informatica,,,https://openalex.org/A5082432511,Diego Magro,0000-0001-9681-0080,11.0,12.0,55.0,368.0,University of Turin
Ordinario,MAINETTI Luca,MAINETTI Luca,MAINETTI,Mainetti,Luca,M,SALENTO,,01/INFO-01,INFO-01/A,INF/01,01/B1,Ingegneria dell'Innovazione,,,https://openalex.org/A5006930217,Luca Mainetti,0000-0001-9387-9277,29.0,79.0,207.0,4480.0,Innovation Engineering (Italy)
Associato,MALANDRINO Delfina,MALANDRINO Delfina,MALANDRINO,Malandrino,Delfina,F,SALERNO,,01/INFO-01,INFO-01/A,INF/01,01/B1,Informatica,,,https://openalex.org/A5035407958,Delfina Malandrino,0000-0003-2693-0196,23.0,51.0,140.0,1666.0,University of Salerno
Ricercatore a t.d. - t.pieno (art. 24 c.3-a L. 240/10),MALAVOLTA Giulio,MALAVOLTA Giulio,MALAVOLTA,Malavolta,Giulio,M,Bocconi MILANO,Economia,01/INFO-01,INFO-01/A,INF/01,01/B1,SCIENZE DELLA COMPUTAZIONE - DEPARTMENT OF COMPUTING SCIENCES (DCS),,,https://openalex.org/A5007500399,Giulio Malavolta,0009-0009-9737-0094,21.0,46.0,161.0,2068.0,Bocconi University
Associato confermato,MALCHIODI Dario,MALCHIODI Dario,MALCHIODI,Malchiodi,Dario,M,MILANO,,01/INFO-01,INFO-01/A,INF/01,01/B1,Informatica 'Giovanni Degli Antoni',,,https://openalex.org/A5005837237,Dario Malchiodi,0000-0002-7574-697X,15.0,28.0,144.0,859.0,University of Milan
Ordinario,MALIZIA Alessio,MALIZIA Alessio,MALIZIA,Malizia,Alessio,M,PISA,,01/INFO-01,INFO-01/A,INF/01,01/B1,INFORMATICA,,,https://openalex.org/A5060199482,Alessio Malizia,0000-0002-2601-7009,22.0,48.0,184.0,2127.0,University of Pisa
Associato,MALIZIA Enrico,MALIZIA Enrico,MALIZIA,Malizia,Enrico,M,BOLOGNA,,01/INFO-01,INFO-01/A,INF/01,01/B1,Informatica - Scienza e Ingegneria,,,https://openalex.org/A5066443441,Enrico Malizia,0000-0002-6780-4711,12.0,17.0,44.0,396.0,University of Bologna
Ricercatore a t.d. - t.pieno (art. 24 c.3-a L. 240/10),MALLARDI Giulio,MALLARDI Giulio,MALLARDI,Mallardi,Giulio,M,BARI,,01/INFO-01,INFO-01/A,INF/01,01/B1,INFORMATICA,,,https://openalex.org/A5025463578,Giulio Mallardi,0000-0001-5847-117X,5.0,3.0,17.0,71.0,University of Bari Aldo Moro
Ricercatore a t.d. - t.pieno (art. 24 c.3-a L. 240/10),MALLOCI Francesca Maridina,MALLOCI Francesca Maridina,MALLOCI,Malloci,Francesca Maridina,F,CAGLIARI,,01/INFO-01,INFO-01/A,INF/01,01/B1,MATEMATICA E INFORMATICA,,,https://openalex.org/A5008333131,Francesca Maridina Malloci,0000-0003-3287-4450,9.0,9.0,23.0,425.0,University of Cagliari
Ricercatore a t.d. - t.pieno (art. 24 c.3-a L. 240/10),MANCA Marco Manolo,MANCA Marco Manolo,MANCA,Manca,Marco Manolo,M,CAGLIARI,,01/INFO-01,INFO-01/A,INF/01,01/B1,MATEMATICA E INFORMATICA,,,https://openalex.org/A5030883152,Marco Manca,0000-0003-1029-9934,15.0,24.0,67.0,883.0,"Istituto di Scienza e Tecnologie dell'Informazione ""Alessandro Faedo"""
Ordinario,MANCARELLA Paolo Maria,MANCARELLA Paolo Maria,MANCARELLA,Mancarella,Paolo Maria,M,PISA,,01/INFO-01,INFO-01/A,INF/01,01/B1,INFORMATICA,,,https://openalex.org/A5112465732,Paolo Mancarella,,22.0,42.0,99.0,2177.0,University of Pisa
Ricercatore a t.d. - t.pieno (art. 24 c.3-a L. 240/10),MANCINELLI Claudio,MANCINELLI Claudio,MANCINELLI,Mancinelli,Claudio,M,GENOVA,,01/INFO-01,INFO-01/A,INF/01,01/B1,"INFORMATICA, BIOINGEGNERIA,ROBOTICA E INGEGNERIA DEI SISTEMI (DIBRIS)",,,https://openalex.org/A5035716554,Claudio Mancinelli,0000-0001-7935-3500,5.0,2.0,13.0,58.0,University of Genoa
Ordinario,MANCINI Luigi Vincenzo,MANCINI Luigi Vincenzo,MANCINI,Mancini,Luigi Vincenzo,M,"ROMA ""La Sapienza""",,01/INFO-01,INFO-01/A,INF/01,01/B1,Informatica,,,https://openalex.org/A5046905749,Luigi V. Mancini,0000-0003-4859-2191,38.0,95.0,222.0,6157.0,Sapienza University of Rome
Ricercatore a t.d. - t.pieno (art. 24 c.3-b L. 240/10),MANCINI Massimiliano,MANCINI Massimiliano,MANCINI,Mancini,Massimiliano,M,TRENTO,,01/INFO-01,INFO-01/A,INF/01,01/B1,INGEGNERIA E SCIENZA DELL'INFORMAZIONE,,,https://openalex.org/A5101520339,Massimiliano Mancini,0000-0001-7465-2229,22.0,31.0,76.0,2038.0,Sapienza University of Rome
Associato,MANCINI Maurizio,MANCINI Maurizio,MANCINI,Mancini,Maurizio,M,"ROMA ""La Sapienza""",,01/INFO-01,INFO-01/A,INF/01,01/B1,Informatica,,,https://openalex.org/A5004267627,Maurizio Mancini,0000-0002-9933-8583,26.0,69.0,206.0,3040.0,Sapienza University of Rome
Ordinario,MANCINI Toni,MANCINI Toni,MANCINI,Mancini,Toni,M,"ROMA ""La Sapienza""",,01/INFO-01,INFO-01/A,INF/01,01/B1,Informatica,,,https://openalex.org/A5084753554,Toni Mancini,0000-0003-3355-2170,25.0,60.0,135.0,2218.0,Sapienza University of Rome
Ordinario,MANIEZZO Vittorio,MANIEZZO Vittorio,MANIEZZO,Maniezzo,Vittorio,M,BOLOGNA,,01/INFO-01,INFO-01/A,INF/01,01/B1,Informatica - Scienza e Ingegneria,,,https://openalex.org/A5035750085,Vittorio Maniezzo,0000-0002-1220-1235,37.0,67.0,151.0,21401.0,University of Bologna
Ordinario,MANNA Marco,MANNA Marco,MANNA,Manna,Marco,M,della CALABRIA,,01/INFO-01,INFO-01/A,INF/01,01/B1,Matematica e Informatica - DeMaCS,,,https://openalex.org/A5013892564,Marco Pio La Manna,0000-0002-3327-9541,19.0,31.0,75.0,1390.0,University of Palermo
Ricercatore a t.d. - t.pieno (art. 24 c.3-a L. 240/10),MANNARO Katiuscia,MANNARO Katiuscia,MANNARO,Mannaro,Katiuscia,F,CAGLIARI,,01/INFO-01,INFO-01/A,INF/01,01/B1,MATEMATICA E INFORMATICA,,,https://openalex.org/A5008686056,Katiuscia Mannaro,0000-0002-3939-9042,13.0,13.0,38.0,719.0,University of Cagliari
Associato confermato,MANTACI Sabrina,MANTACI Sabrina,MANTACI,Mantaci,Sabrina,F,PALERMO,,01/INFO-01,INFO-01/A,INF/01,01/B1,Matematica e Informatica,,,https://openalex.org/A5076830561,Sabrina Mantaci,0000-0002-9200-0520,11.0,11.0,54.0,589.0,University of Palermo
Ricercatore a t.d. - t.pieno (art. 24 c.3-a L. 240/10),MANTOVANI Matteo,MANTOVANI Matteo,MANTOVANI,Mantovani,Matteo,M,VERONA,,01/INFO-01,INFO-01/A,INF/01,01/B1,INFORMATICA,,,https://openalex.org/A5027238889,Matteo Mantovani,0000-0002-9042-8785,17.0,20.0,66.0,966.0,National Research Council
Ordinario,MANZINI Giovanni,MANZINI Giovanni,MANZINI,Manzini,Giovanni,M,PISA,,01/INFO-01,INFO-01/A,INF/01,01/B1,INFORMATICA,,,https://openalex.org/A5049381844,Giovanni Manzini,0000-0002-5047-0196,34.0,67.0,200.0,5946.0,University of Pisa
Associato,MANZONI Luca,MANZONI Luca,MANZONI,Manzoni,Luca,M,TRIESTE,,01/INFO-01,INFO-01/A,INF/01,01/B1,"Matematica, Informatica e Geoscienze",,,https://openalex.org/A5064452080,Luca Manzoni,0000-0001-6312-7728,25.0,57.0,228.0,2349.0,University of Trieste
Associato,MANZONI Sara Lucia,MANZONI Sara Lucia,MANZONI,Manzoni,Sara Lucia,F,MILANO-BICOCCA,,01/INFO-01,INFO-01/A,INF/01,01/B1,"INFORMATICA, SISTEMISTICA E COMUNICAZIONE",,,https://openalex.org/A5102913859,Sara Manzoni,0000-0002-6406-536X,17.0,35.0,158.0,1270.0,University of Milano-Bicocca
Ricercatore a t.d. - t.pieno (art. 24 c.3-a L. 240/10),MARASTONI Niccolo',MARASTONI Niccolò,MARASTONI,Marastoni,Niccolò,M,VERONA,,01/INFO-01,INFO-01/A,INF/01,01/B1,INFORMATICA,,,https://openalex.org/A5066787411,Niccoló Marastoni,0000-0001-6988-1203,3.0,3.0,14.0,99.0,University of Verona
Ricercatore,MARATEA Antonio,MARATEA Antonio,MARATEA,Maratea,Antonio,M,"""Parthenope"" di NAPOLI",,01/INFO-01,INFO-01/A,INF/01,01/B1,SCIENZE E TECNOLOGIE,,,https://openalex.org/A5000690288,Antonio Maratea,0000-0001-7997-0613,10.0,11.0,57.0,496.0,Parthenope University of Naples
Ordinario,MARATEA Marco,MARATEA Marco,MARATEA,Maratea,Marco,M,della CALABRIA,,01/INFO-01,INFO-01/A,INF/01,01/B1,Matematica e Informatica - DeMaCS,,,https://openalex.org/A5077756388,Marco Maratea,0000-0002-9034-2527,26.0,47.0,183.0,2222.0,University of Calabria
Ricercatore a t.d. - t.pieno (art. 24 c.3-a L. 240/10),MARCELLETTI Alessandro,MARCELLETTI Alessandro,MARCELLETTI,Marcelletti,Alessandro,M,CAMERINO,,01/INFO-01,INFO-01/A,INF/01,01/B1,SCUOLA DI SCIENZE E TECNOLOGIE,,,https://openalex.org/A5080164618,Alessandro Marcelletti,0000-0003-1192-6696,4.0,4.0,21.0,128.0,Università di Camerino
Ricercatore a t.d. - t.pieno (art. 24 c.3-a L. 240/10),MARCHESI Lodovica,MARCHESI Lodovica,MARCHESI,Marchesi,Lodovica,F,CAGLIARI,,01/INFO-01,INFO-01/A,INF/01,01/B1,MATEMATICA E INFORMATICA,,,https://openalex.org/A5057548819,Lodovica Marchesi,0000-0002-0627-5043,11.0,11.0,36.0,636.0,University of Cagliari
Associato confermato,MARCHIORI Massimo,MARCHIORI Massimo,MARCHIORI,Marchiori,Massimo,M,PADOVA,,01/INFO-01,INFO-01/A,INF/01,01/B1,"MATEMATICA ""TULLIO LEVI-CIVITA"" - DM",,,https://openalex.org/A5048136336,Massimo Marchiori,0000-0002-4107-4132,25.0,37.0,119.0,11767.0,University of Padua
Associato confermato,MARCUGINI Stefano,MARCUGINI Stefano,MARCUGINI,Marcugini,Stefano,M,PERUGIA,,01/INFO-01,INFO-01/A,INF/01,01/B1,MATEMATICA E INFORMATICA,,,https://openalex.org/A5028598034,Stefano Marcugini,0000-0002-7961-0260,17.0,41.0,224.0,1114.0,University of Perugia
Ricercatore a t.d. - t.pieno (art. 24 c.3-a L. 240/10),MARELLI Davide,MARELLI Davide,MARELLI,Marelli,Davide,M,MILANO-BICOCCA,,01/INFO-01,INFO-01/A,INF/01,01/B1,"INFORMATICA, SISTEMISTICA E COMUNICAZIONE",,,https://openalex.org/A5091562647,Davide Marelli,0000-0003-2389-0301,7.0,5.0,15.0,270.0,University of Milano-Bicocca
Ricercatore,MARENGO Agostino,MARENGO Agostino,MARENGO,Marengo,Agostino,M,FOGGIA,,01/INFO-01,INFO-01/A,INF/01,01/B1,"SCIENZE AGRARIE, ALIMENTI, RISORSE NATURALI E INGEGNERIA",,,https://openalex.org/A5006995271,Agostino Marengo,0000-0003-2769-5642,12.0,15.0,68.0,668.0,University of Foggia
Ricercatore a t.d. - t.pieno (L. 79/2022),MARENGO Elisa,MARENGO Elisa,MARENGO,Marengo,Elisa,F,TORINO,,01/INFO-01,INFO-01/A,INF/01,01/B1,INFORMATICA,,,https://openalex.org/A5011559626,Elisa Marengo,0000-0003-1879-2088,11.0,13.0,60.0,466.0,University of Turin
Ordinario,MARFIA Gustavo,MARFIA Gustavo,MARFIA,Marfia,Gustavo,M,BOLOGNA,,01/INFO-01,INFO-01/A,INF/01,01/B1,delle Arti,,,https://openalex.org/A5012845043,Gustavo Marfia,0000-0003-3058-8004,25.0,53.0,186.0,2294.0,University of Bologna
Ordinario,MARGARA Luciano,MARGARA Luciano,MARGARA,Margara,Luciano,M,BOLOGNA,,01/INFO-01,INFO-01/A,INF/01,01/B1,Informatica - Scienza e Ingegneria,,,https://openalex.org/A5061123241,Luciano Margara,0000-0001-7816-1937,25.0,43.0,107.0,1606.0,University of Bologna
Associato,MARI Federico,MARI Federico,MARI,Mari,Federico,M,"ROMA ""Foro Italico""",,01/INFO-01,INFO-01/A,INF/01,01/B1,"SCIENZE MOTORIE, UMANE E DELLA SALUTE",,,https://openalex.org/A5052419841,Federico Mari,0000-0003-4289-9301,16.0,25.0,66.0,626.0,Foro Italico University of Rome
Ricercatore a t.d. - t.pieno (art. 24 c.3-a L. 240/10),MARINI Marco Raoul,MARINI Marco Raoul,MARINI,Marini,Marco Raoul,M,"ROMA ""La Sapienza""",,01/INFO-01,INFO-01/A,INF/01,01/B1,INFORMATICA,,,https://openalex.org/A5069310487,Marco Raoul Marini,0000-0002-2540-2570,9.0,9.0,45.0,402.0,Sapienza University of Rome
Associato,MARINO Andrea,MARINO Andrea,MARINO,Marino,Andrea,M,FIRENZE,,01/INFO-01,INFO-01/A,INF/01,01/B1,"Statistica, Informatica e Applicazioni 'G.Parenti' (DISIA)",,,https://openalex.org/A5035852380,Andrea Marino,0000-0002-9854-7885,24.0,60.0,175.0,1894.0,University of Florence
Ricercatore a t.d. - t.pieno (L. 79/2022),MARRAS Mirko,MARRAS Mirko,MARRAS,Marras,Mirko,M,CAGLIARI,,01/INFO-01,INFO-01/A,INF/01,01/B1,MATEMATICA E INFORMATICA,,,https://openalex.org/A5019764103,Mirko Marras,0000-0003-1989-6057,18.0,36.0,142.0,1155.0,University of Cagliari
Associato,MARRONE Stefano,MARRONE Stefano,MARRONE,Marrone,Stefano,M,"CAMPANIA - ""L. VANVITELLI""",,01/INFO-01,INFO-01/A,INF/01,01/B1,MATEMATICA E FISICA (DMF),,,https://openalex.org/A5056137267,S. Marrone,0000-0003-1927-6173,38.0,109.0,310.0,4877.0,"University of Campania ""Luigi Vanvitelli"""
Ricercatore a t.d. - t.pieno (art. 24 c.3-a L. 240/10),MARTE Cinzia,MARTE Cinzia,MARTE,Marte,Cinzia,F,della CALABRIA,,01/INFO-01,INFO-01/A,,,MATEMATICA E INFORMATICA - DEMACS,,,https://openalex.org/A5067207542,Cinzia Marte,0000-0003-3920-8186,2.0,0.0,13.0,20.0,University of Calabria
Associato,MARTINEL Niki,MARTINEL Niki,MARTINEL,Martinel,Niki,M,UDINE,,01/INFO-01,INFO-01/A,INF/01,01/B1,"Scienze Matematiche, Informatiche e Fisiche",,,https://openalex.org/A5005142628,Niki Martinel,0000-0002-6962-8643,25.0,50.0,108.0,2464.0,University of Udine
Ordinario,MARTINI Barbara,MARTINI Barbara,MARTINI,Martini,Barbara,F,"Univ. Telematica ""Universitas MERCATORUM""",Scienze tecnologiche e dell'innovazione,01/INFO-01,INFO-01/A,INF/01,01/B1,INGEGNERIA E SCIENZE,,,https://openalex.org/A5083072051,Barbara Martini,0000-0002-0413-591X,23.0,57.0,148.0,1715.0,Mercatorum University
Ordinario,MARTINI Simone,MARTINI Simone,MARTINI,Martini,Simone,M,BOLOGNA,,01/INFO-01,INFO-01/A,INF/01,01/B1,Informatica - Scienza e Ingegneria,,,https://openalex.org/A5086707385,Simone Martini,0000-0002-9834-1940,26.0,54.0,205.0,2552.0,Presidio Ospedaliero
Ricercatore a t.d. - t.pieno (art. 24 c.3-a L. 240/10),MARTINO Alessio,MARTINO Alessio,MARTINO,Martino,Alessio,M,Luiss Guido Carli,,01/INFO-01,INFO-01/A,INF/01,01/B1,IMPRESA E MANAGEMENT,,,https://openalex.org/A5102864628,Alessio Martino,0000-0003-1730-5436,16.0,26.0,68.0,753.0,Libera Università Internazionale degli Studi Sociali Guido Carli
Associato,MARZOLLA Moreno,MARZOLLA Moreno,MARZOLLA,Marzolla,Moreno,M,BOLOGNA,,01/INFO-01,INFO-01/A,INF/01,01/B1,Informatica - Scienza e Ingegneria,,,https://openalex.org/A5001098303,Moreno Marzolla,0000-0002-2151-5287,26.0,47.0,140.0,3640.0,University of Bologna
Associato,MASCARDI Viviana,MASCARDI Viviana,MASCARDI,Mascardi,Viviana,F,GENOVA,,01/INFO-01,INFO-01/A,INF/01,01/B1,"Informatica, bioingegneria,robotica e ingegneria dei sistemi (DIBRIS)",,,https://openalex.org/A5022301074,Viviana Mascardi,0000-0002-2261-9926,24.0,53.0,202.0,2048.0,University of Genoa
Associato,MASCETTI Sergio,MASCETTI Sergio,MASCETTI,Mascetti,Sergio,M,MILANO,,01/INFO-01,INFO-01/A,INF/01,01/B1,Informatica 'Giovanni Degli Antoni',,,https://openalex.org/A5000621430,Sergio Mascetti,0000-0002-8416-4023,24.0,46.0,127.0,1785.0,University of Milan
Associato,MASELLI Gaia,MASELLI Gaia,MASELLI,Maselli,Gaia,F,"ROMA ""La Sapienza""",,01/INFO-01,INFO-01/A,INF/01,01/B1,Informatica,,,https://openalex.org/A5016487554,Gaia Maselli,0000-0003-3915-6371,15.0,22.0,61.0,1107.0,Sapienza University of Rome
Associato,MASI Iacopo,MASI Iacopo,MASI,Masi,Iacopo,M,"ROMA ""La Sapienza""",,01/INFO-01,INFO-01/A,INF/01,01/B1,Informatica,,,https://openalex.org/A5089059382,Iacopo Masi,0000-0003-0444-7646,25.0,40.0,84.0,4772.0,Sapienza University of Rome
Ordinario,MASINI Andrea,MASINI Andrea,MASINI,Masini,Andrea,M,VERONA,,01/INFO-01,INFO-01/A,INF/01,01/B1,Informatica,,,https://openalex.org/A5020986142,Andrea Masini,0000-0002-8365-5306,18.0,27.0,69.0,1546.0,HEC Paris
Ricercatore a t.d. - t.pieno (art. 24 c.3-a L. 240/10),MASSA Silvia Maria,MASSA Silvia Maria,MASSA,Massa,Silvia Maria,F,CAGLIARI,,01/INFO-01,INFO-01/A,INF/01,01/B1,MATEMATICA E INFORMATICA,,,https://openalex.org/A5072729981,Silvia M. Massa,0000-0002-3285-8971,5.0,1.0,13.0,51.0,University of Cagliari
Associato confermato,MASSAZZA Paolo,MASSAZZA Paolo,MASSAZZA,Massazza,Paolo,M,INSUBRIA,,01/INFO-01,INFO-01/A,INF/01,01/B1,Scienze Teoriche e Applicate,,,https://openalex.org/A5081766943,Paolo Massazza,,6.0,3.0,47.0,129.0,University of Insubria
Associato confermato,MASSINI Annalisa,MASSINI Annalisa,MASSINI,Massini,Annalisa,F,"ROMA ""La Sapienza""",,01/INFO-01,INFO-01/A,INF/01,01/B1,Informatica,,,https://openalex.org/A5061205069,Annalisa Massini,0000-0001-8343-8929,16.0,24.0,78.0,637.0,Sapienza University of Rome
Associato,MASTROENI Isabella,MASTROENI Isabella,MASTROENI,Mastroeni,Isabella,F,VERONA,,01/INFO-01,INFO-01/A,INF/01,01/B1,Informatica,,,https://openalex.org/A5031780173,Isabella Mastroeni,0000-0003-1213-536X,17.0,28.0,102.0,934.0,University of Verona
Associato,MASUCCI Barbara,MASUCCI Barbara,MASUCCI,Masucci,Barbara,F,SALERNO,,01/INFO-01,INFO-01/A,INF/01,01/B1,Informatica,,,https://openalex.org/A5042750745,Barbara Masucci,0000-0002-1570-8576,20.0,31.0,65.0,1191.0,University of Salerno
Straordinario tempo determinato,MATTA Walter,MATTA Walter,MATTA,Matta,Walter,M,LINK CAMPUS,,01/INFO-01,INFO-01/A,INF/01,01/B1,SCIENZE UMANE,,,https://openalex.org/A5047394947,W. Matta,,4.0,1.0,16.0,86.0,Link Campus University
Ordinario,MAURINO Andrea,MAURINO Andrea,MAURINO,Maurino,Andrea,M,MILANO-BICOCCA,,01/INFO-01,INFO-01/A,INF/01,01/B1,"INFORMATICA, SISTEMISTICA E COMUNICAZIONE",,,https://openalex.org/A5067371383,Andrea Maurino,0000-0001-9803-3668,21.0,48.0,135.0,3000.0,University of Milano-Bicocca
Ricercatore a t.d. - t.pieno (L. 79/2022),MAURO Noemi,MAURO Noemi,MAURO,Mauro,Noemi,F,TORINO,,01/INFO-01,INFO-01/A,INF/01,01/B1,INFORMATICA,,,https://openalex.org/A5026309879,Noemi Mauro,0000-0001-8234-3266,11.0,11.0,73.0,507.0,University of Turin
Associato confermato,MAZZANTI Stefano,MAZZANTI Stefano,MAZZANTI,Mazzanti,Stefano,M,Università IUAV di VENEZIA,,01/INFO-01,INFO-01/A,INF/01,01/B1,Culture del progetto,,,https://openalex.org/A5039043143,Stefano Mazzanti,0000-0002-8704-051X,9.0,9.0,16.0,534.0,Max Planck Institute of Colloids and Interfaces
Associato,MAZZEI Alessandro,MAZZEI Alessandro,MAZZEI,Mazzei,Alessandro,M,TORINO,,01/INFO-01,INFO-01/A,INF/01,01/B1,Informatica,,,https://openalex.org/A5013143796,Alessandro Mazzei,0000-0003-3072-0108,16.0,26.0,134.0,801.0,University of Turin
Associato,MAZZEI Daniele,MAZZEI Daniele,MAZZEI,Mazzei,Daniele,M,PISA,,01/INFO-01,INFO-01/A,INF/01,01/B1,INFORMATICA,,,https://openalex.org/A5024349725,Daniele Mazzei,0000-0001-8383-3355,22.0,46.0,99.0,1534.0,University of Pisa
Ricercatore a t.d. - t.pieno (art. 24 c.3-a L. 240/10),MAZZOTTA Giuseppe,MAZZOTTA Giuseppe,MAZZOTTA,Mazzotta,Giuseppe,M,della CALABRIA,,01/INFO-01,INFO-01/A,INF/01,01/B1,MATEMATICA E INFORMATICA - DEMACS,,,https://openalex.org/A5055577457,Cosimo Mazzotta,0000-0002-1829-9288,35.0,61.0,149.0,5378.0,University of Siena
Ricercatore a t.d. - t.pieno (art. 24 c.3-a L. 240/10),MAZZULLO Andrea,MAZZULLO Andrea,MAZZULLO,Mazzullo,Andrea,M,Libera Università di BOLZANO,Ingegneria,01/INFO-01,INFO-01/A,INF/01,01/B1,Non disponibile,,,https://openalex.org/A5039642263,Andrea Mazzullo,0000-0001-8512-1933,4.0,1.0,35.0,60.0,Free University of Bozen-Bolzano
Ricercatore,MEDAGLIA Carlo Maria,MEDAGLIA Carlo Maria,MEDAGLIA,Medaglia,Carlo Maria,M,Univ. Telematica IUL,Scienze della Formazione,01/INFO-01,INFO-01/A,INF/01,01/B1,SCIENZE UMANE,,,https://openalex.org/A5084380002,Carlo Maria Medaglia,,23.0,41.0,127.0,2213.0,Link Campus University
Ricercatore a t.d. - t.pieno (art. 24 c.3-a L. 240/10),MEDIC Doriana,MEDIC Doriana,MEDIC,Medic,Doriana,F,TORINO,,01/INFO-01,INFO-01/A,INF/01,01/B1,INFORMATICA,,,https://openalex.org/A5012227584,Doriana Medić,0000-0002-7163-5375,7.0,6.0,28.0,135.0,University of Turin
Ordinario,MEI Alessandro,MEI Alessandro,MEI,Mei,Alessandro,M,"ROMA ""La Sapienza""",,01/INFO-01,INFO-01/A,INF/01,01/B1,Informatica,,,https://openalex.org/A5050834543,Alessandro Mei,0000-0003-1215-9644,20.0,29.0,82.0,1925.0,Sapienza University of Rome
Associato,MELATTI Igor,MELATTI Igor,MELATTI,Melatti,Igor,M,L'AQUILA,,01/INFO-01,INFO-01/A,INF/01,01/B1,Ingegneria e scienze dell'informazione e matematica,,,https://openalex.org/A5085357809,Igor Melatti,0000-0002-6273-6190,18.0,34.0,85.0,943.0,University of L'Aquila
Associato,MELE Valeria,MELE Valeria,MELE,Mele,Valeria,F,Napoli Federico II,,01/INFO-01,INFO-01/A,INF/01,01/B1,"Matematica e Applicazioni ""Renato Caccioppoli""",,,https://openalex.org/A5061211606,Valeria Mele,0000-0002-2643-3483,13.0,17.0,49.0,338.0,University of Naples Federico II
Ricercatore a t.d. - t.pieno (art. 24 c.3-a L. 240/10),MELEGATI GONCALVES Jorge Augusto,MELEGATI GONCALVES Jorge Augusto,MELEGATI GONCALVES,Melegati Goncalves,Jorge Augusto,M,Libera Università di BOLZANO,Ingegneria,01/INFO-01,INFO-01/A,INF/01,01/B1,Non disponibile,,,https://openalex.org/A5080688605,Jorge Augusto Melegati Gonçalves,,0.0,0.0,1.0,0.0,
Ricercatore,MELIDEO Giovanna,MELIDEO Giovanna,MELIDEO,Melideo,Giovanna,F,L'AQUILA,,01/INFO-01,INFO-01/A,INF/01,01/B1,Ingegneria e scienze dell'informazione e matematica,,,https://openalex.org/A5085474278,Giovanna Melideo,0000-0002-3208-8938,9.0,7.0,40.0,197.0,University of L'Aquila
Ricercatore a t.d. - t.pieno (art. 24 c.3-a L. 240/10),MELIS Andrea,MELIS Andrea,MELIS,Melis,Andrea,M,BOLOGNA,,01/INFO-01,INFO-01/A,INF/01,01/B1,INFORMATICA - SCIENZA E INGEGNERIA,,,https://openalex.org/A5065028664,A. Melis,0000-0002-6558-1315,19.0,29.0,131.0,2677.0,University of Bologna
Associato,MELONIO Alessandra,MELONIO Alessandra,MELONIO,Melonio,Alessandra,F,"""Ca' Foscari"" VENEZIA",,01/INFO-01,INFO-01/A,INF/01,01/B1,"Scienze Ambientali, Informatica e Statistica",,,https://openalex.org/A5070005027,Alessandra Melonio,0000-0001-6655-1946,15.0,22.0,69.0,643.0,Ca' Foscari University of Venice
Associato,MENCAGLI Gabriele,MENCAGLI Gabriele,MENCAGLI,Mencagli,Gabriele,M,PISA,,01/INFO-01,INFO-01/A,INF/01,01/B1,INFORMATICA,,,https://openalex.org/A5047226405,Gabriele Mencagli,0000-0002-6263-7723,18.0,41.0,124.0,1472.0,University of Pisa
Associato,MENCAR Corrado,MENCAR Corrado,MENCAR,Mencar,Corrado,M,BARI,,01/INFO-01,INFO-01/A,INF/01,01/B1,Informatica,,,https://openalex.org/A5059641282,Corrado Mencar,0000-0001-8712-023X,25.0,52.0,136.0,1925.0,University of Bari Aldo Moro
Ricercatore a t.d. - t.pieno (art. 24 c.3-a L. 240/10),MENENDEZ BLANCO Maria,MENENDEZ BLANCO Maria,MENENDEZ BLANCO,Menendez Blanco,Maria,F,Libera Università di BOLZANO,Ingegneria,01/INFO-01,INFO-01/A,INF/01,01/B1,Non disponibile,,,https://openalex.org/A5070894448,María Menéndez-Blanco,0000-0002-7353-5183,13.0,21.0,62.0,535.0,Free University of Bozen-Bolzano
Ricercatore a t.d. - t.defin. (art. 24 c.3-a L. 240/10),MENSA Enrico,MENSA Enrico,MENSA,Mensa,Enrico,M,TORINO,,01/INFO-01,INFO-01/A,INF/01,01/B1,INFORMATICA,,,https://openalex.org/A5007187027,Enrico Mensa,0000-0001-7743-4999,8.0,7.0,31.0,162.0,University of Turin
Ordinario,MEO Maria Chiara,MEO Maria Chiara,MEO,Meo,Maria Chiara,F,CHIETI-PESCARA,,01/INFO-01,INFO-01/A,INF/01,01/B1,Economia,,,https://openalex.org/A5028249343,Maria Chiara Meo,0000-0002-3700-3788,14.0,23.0,78.0,697.0,University of Chieti-Pescara
Ordinario,MEO Rosa,MEO Rosa,MEO,Meo,Rosa,F,TORINO,,01/INFO-01,INFO-01/A,INF/01,01/B1,Informatica,,,https://openalex.org/A5055176140,Rosa Meo,0000-0002-0434-4850,21.0,31.0,143.0,1522.0,University of Turin
Ricercatore a t.d. - t.pieno (art. 24 c.3-a L. 240/10),MERCANTI Ivan,MERCANTI Ivan,MERCANTI,Mercanti,Ivan,M,PERUGIA,,01/INFO-01,INFO-01/A,INF/01,01/B1,MATEMATICA E INFORMATICA,,,https://openalex.org/A5022016183,Ivan Mercanti,0000-0002-9774-1600,6.0,4.0,17.0,110.0,University of Perugia
Associato confermato,MEREGHETTI Carlo,MEREGHETTI Carlo,MEREGHETTI,Mereghetti,Carlo,M,MILANO,,01/INFO-01,INFO-01/A,INF/01,01/B1,Informatica 'Giovanni Degli Antoni',,,https://openalex.org/A5084595302,Carlo Mereghetti,0000-0002-7778-7257,18.0,33.0,97.0,1029.0,University of Milan
Ordinario,MERELLI Emanuela,MERELLI Emanuela,MERELLI,Merelli,Emanuela,F,CAMERINO,,01/INFO-01,INFO-01/A,INF/01,01/B1,SCUOLA DI SCIENZE E TECNOLOGIE,,,https://openalex.org/A5018586673,Emanuela Merelli,0000-0002-1321-4134,24.0,50.0,240.0,2019.0,Università di Camerino
Associato confermato,MERLINI Donatella,MERLINI Donatella,MERLINI,Merlini,Donatella,F,FIRENZE,,01/INFO-01,INFO-01/A,INF/01,01/B1,"Statistica, Informatica e Applicazioni 'G.Parenti' (DISIA)",,,https://openalex.org/A5089697248,Donatella Merlini,0000-0001-8109-4077,16.0,30.0,85.0,1213.0,University of Florence
Ordinario,MERRO Massimo,MERRO Massimo,MERRO,Merro,Massimo,M,VERONA,,01/INFO-01,INFO-01/A,INF/01,01/B1,Informatica,,,https://openalex.org/A5051857172,Massimo Merro,0000-0002-1712-7492,24.0,43.0,102.0,1584.0,University of Verona
Associato,MESITI Marco,MESITI Marco,MESITI,Mesiti,Marco,M,MILANO,,01/INFO-01,INFO-01/A,INF/01,01/B1,Informatica 'Giovanni Degli Antoni',,,https://openalex.org/A5089929382,Marco Mesiti,0000-0001-5701-0080,24.0,46.0,155.0,2725.0,University of Milan
Associato,MESSINA Fabrizio,MESSINA Fabrizio,MESSINA,Messina,Fabrizio,M,CATANIA,,01/INFO-01,INFO-01/A,INF/01,01/B1,Matematica e Informatica,,,https://openalex.org/A5081980522,Fabrizio Messina,0000-0002-2130-0120,30.0,62.0,171.0,3019.0,University of Palermo
Associato,MEZZINA Claudio Antares,MEZZINA Claudio Antares,MEZZINA,Mezzina,Claudio Antares,M,Urbino Carlo Bo,,01/INFO-01,INFO-01/A,INF/01,01/B1,Scienze Pure e Applicate (DiSPeA),,,https://openalex.org/A5009589984,Claudio Antares Mezzina,0000-0003-1556-2623,15.0,27.0,96.0,931.0,University of Urbino
Ricercatore,MEZZINI Mauro,MEZZINI Mauro,MEZZINI,Mezzini,Mauro,M,ROMA TRE,,01/INFO-01,INFO-01/A,INF/01,01/B1,Scienze della Formazione,,,https://openalex.org/A5011861806,Mauro Mezzini,0000-0002-5308-0097,10.0,10.0,45.0,294.0,Roma Tre University
Ricercatore a t.d. - t.pieno (art. 24 c.3-b L. 240/10),MICALE Giovanni,MICALE Giovanni,MICALE,Micale,Giovanni,M,CATANIA,,01/INFO-01,INFO-01/A,,,MEDICINA CLINICA E SPERIMENTALE,,,https://openalex.org/A5076955221,Giovanni Micale,0000-0002-4953-026X,9.0,8.0,41.0,233.0,University of Catania
Associato,MICALIZIO Roberto,MICALIZIO Roberto,MICALIZIO,Micalizio,Roberto,M,TORINO,,01/INFO-01,INFO-01/A,INF/01,01/B1,Informatica,,,https://openalex.org/A5074928148,Roberto Micalizio,0000-0001-9336-0651,13.0,17.0,111.0,608.0,University of Turin
Ordinario,MICHELI Alessio,MICHELI Alessio,MICHELI,Micheli,Alessio,M,PISA,,01/INFO-01,INFO-01/A,INF/01,01/B1,INFORMATICA,,,https://openalex.org/A5010923663,Alessio Micheli,0000-0001-5764-5238,35.0,97.0,312.0,5646.0,University of Pisa
Ricercatore a t.d. - t.pieno (L. 79/2022),MICHIENZI Andrea,MICHIENZI Andrea,MICHIENZI,Michienzi,Andrea,M,PISA,,01/INFO-01,INFO-01/A,,,INFORMATICA,,,https://openalex.org/A5088118500,Andrea Michienzi,0000-0001-8005-8701,14.0,22.0,58.0,605.0,University of Pisa
Associato confermato,MICULAN Marino,MICULAN Marino,MICULAN,Miculan,Marino,M,UDINE,,01/INFO-01,INFO-01/A,INF/01,01/B1,"Scienze Matematiche, Informatiche e Fisiche",,,https://openalex.org/A5024162879,Marino Miculan,0000-0003-0755-3444,17.0,36.0,133.0,1023.0,University of Udine
Ordinario,MIGNOSI Filippo,MIGNOSI Filippo,MIGNOSI,Mignosi,Filippo,M,L'AQUILA,,01/INFO-01,INFO-01/A,INF/01,01/B1,Ingegneria e scienze dell'informazione e matematica,,,https://openalex.org/A5076592750,Filippo Mignosi,0000-0001-9599-5730,22.0,47.0,124.0,1992.0,University of L'Aquila
Associato,MILANI Alfredo,MILANI Alfredo,MILANI,Milani,Alfredo,M,LINK CAMPUS,,01/INFO-01,INFO-01/A,INF/01,01/B1,SCIENZE UMANE,,,https://openalex.org/A5110419753,Alfredo L. Milani,,25.0,38.0,61.0,2945.0,Reinier de Graaf Hospital
Associato,MILAZZO Paolo,MILAZZO Paolo,MILAZZO,Milazzo,Paolo,M,PISA,,01/INFO-01,INFO-01/A,INF/01,01/B1,INFORMATICA,,,https://openalex.org/A5102949701,P. M. Milazzo,0000-0001-8999-9161,38.0,106.0,409.0,4520.0,Istituto Nazionale di Fisica Nucleare
Ricercatore a t.d. - t.pieno (art. 24 c.3-a L. 240/10),MILELLA Frida,MILELLA Frida,MILELLA,Milella,Frida,F,MILANO-BICOCCA,,01/INFO-01,INFO-01/A,INF/01,01/B1,"INFORMATICA, SISTEMISTICA E COMUNICAZIONE",,,https://openalex.org/A5044965940,Frida Milella,0000-0002-0522-2804,6.0,4.0,22.0,134.0,University of Milano-Bicocca
Ricercatore,MIROLO Claudio,MIROLO Claudio,MIROLO,Mirolo,Claudio,M,UDINE,,01/INFO-01,INFO-01/A,INF/01,01/B1,"Scienze Matematiche, Informatiche e Fisiche",,,https://openalex.org/A5051013397,Claudio Mirolo,0000-0002-1462-8304,11.0,13.0,62.0,833.0,University of Udine
Ordinario,MIRRI Silvia,MIRRI Silvia,MIRRI,Mirri,Silvia,F,BOLOGNA,,01/INFO-01,INFO-01/A,INF/01,01/B1,Informatica - Scienza e Ingegneria,,,https://openalex.org/A5012162579,Silvia Mirri,0000-0002-5385-4734,27.0,65.0,206.0,2285.0,University of Bologna
Associato,MOGAVERO Fabio,MOGAVERO Fabio,MOGAVERO,Mogavero,Fabio,M,Napoli Federico II,,01/INFO-01,INFO-01/A,INF/01,01/B1,Ingegneria Elettrica e delle Tecnologie dell'Informazione,,,https://openalex.org/A5052215915,Fabio Mogavero,0000-0002-5140-5783,16.0,26.0,94.0,1069.0,University of Naples Federico II
Ordinario,MOGGI Eugenio,MOGGI Eugenio,MOGGI,Moggi,Eugenio,M,GENOVA,,01/INFO-01,INFO-01/A,INF/01,01/B1,"Informatica, bioingegneria,robotica e ingegneria dei sistemi (DIBRIS)",,,https://openalex.org/A5060518986,Eugenio Moggi,0000-0001-8018-6543,26.0,49.0,94.0,4396.0,University of Genoa
Associato,MOMIGLIANO Alberto,MOMIGLIANO Alberto,MOMIGLIANO,Momigliano,Alberto,M,MILANO,,01/INFO-01,INFO-01/A,INF/01,01/B1,Informatica 'Giovanni Degli Antoni',,,https://openalex.org/A5021883093,Alberto Momigliano,0000-0003-0942-4777,17.0,27.0,105.0,791.0,University of Milan
Associato,MONACO Gianpiero,MONACO Gianpiero,MONACO,Monaco,Gianpiero,M,CHIETI-PESCARA,,01/INFO-01,INFO-01/A,INF/01,01/B1,Economia,,,https://openalex.org/A5051227299,Gianpiero Monaco,0000-0002-0998-5649,16.0,29.0,98.0,844.0,University of Chieti-Pescara
Associato confermato,MONGA Mattia,MONGA Mattia,MONGA,Monga,Mattia,M,MILANO,,01/INFO-01,INFO-01/A,INF/01,01/B1,Informatica 'Giovanni Degli Antoni',,,https://openalex.org/A5005806240,Mattia Monga,0000-0003-4852-0067,22.0,44.0,153.0,1737.0,University of Milan
Associato,MONGIOVI' Misael,MONGIOVÌ Misael,MONGIOVÌ,Mongiovì,Misael,M,CATANIA,,01/INFO-01,INFO-01/A,INF/01,01/B1,Matematica e Informatica,,,https://openalex.org/A5007291317,Misael Mongiovı̀,0000-0003-0528-5490,17.0,26.0,72.0,1185.0,National Research Council
Associato,MONREALE Anna,MONREALE Anna,MONREALE,Monreale,Anna,F,PISA,,01/INFO-01,INFO-01/A,INF/01,01/B1,INFORMATICA,,,https://openalex.org/A5003777693,Anna Monreale,0000-0001-8541-0284,30.0,60.0,173.0,7845.0,University of Pisa
Ordinario,MONTANARI Angelo,MONTANARI Angelo,MONTANARI,Montanari,Angelo,M,UDINE,,01/INFO-01,INFO-01/A,INF/01,01/B1,"Scienze Matematiche, Informatiche e Fisiche",TRENTO 25%,,https://openalex.org/A5015702335,Angelo Montanari,0000-0002-4322-769X,30.0,109.0,308.0,4183.0,University of Udine
Ordinario,MONTANELLI Stefano,MONTANELLI Stefano,MONTANELLI,Montanelli,Stefano,M,MILANO,,01/INFO-01,INFO-01/A,INF/01,01/B1,Informatica 'Giovanni Degli Antoni',,,https://openalex.org/A5007380154,Stefano Montanelli,0000-0002-6594-6644,21.0,32.0,130.0,1462.0,University of Milan
Associato,MONTANGERO Manuela,MONTANGERO Manuela,MONTANGERO,Montangero,Manuela,F,MODENA e REGGIO EMILIA,,01/INFO-01,INFO-01/A,INF/01,01/B1,"Scienze fisiche, informatiche e matematiche",,,https://openalex.org/A5002315056,Manuela Montangero,0000-0001-8827-5495,16.0,28.0,96.0,1065.0,University of Modena and Reggio Emilia
Ordinario,MONTANI Stefania,MONTANI Stefania,MONTANI,Montani,Stefania,F,PIEMONTE ORIENTALE,,01/INFO-01,INFO-01/A,INF/01,01/B1,Scienze e Innovazione Tecnologica (DISIT),,,https://openalex.org/A5068568650,Stefania Montani,0000-0002-5992-6735,33.0,85.0,209.0,3552.0,Università degli Studi del Piemonte Orientale “Amedeo Avogadro”
Associato,MONTELLA Raffaele,MONTELLA Raffaele,MONTELLA,Montella,Raffaele,M,"""Parthenope"" di NAPOLI",,01/INFO-01,INFO-01/A,INF/01,01/B1,SCIENZE E TECNOLOGIE,,,https://openalex.org/A5078057144,Raffaele Montella,0000-0002-4767-2045,23.0,46.0,113.0,1478.0,Parthenope University of Naples
Ordinario,MONTESI Danilo,MONTESI Danilo,MONTESI,Montesi,Danilo,M,BOLOGNA,,01/INFO-01,INFO-01/A,INF/01,01/B1,Informatica - Scienza e Ingegneria,,,https://openalex.org/A5059792053,Danilo Montesi,0000-0002-4748-6867,21.0,48.0,191.0,1937.0,University of Bologna
Associato confermato,MONTI Angelo,MONTI Angelo,MONTI,Monti,Angelo,M,"ROMA ""La Sapienza""",,01/INFO-01,INFO-01/A,INF/01,01/B1,Informatica,,,https://openalex.org/A5027315672,Angelo Monti,0000-0002-3309-8249,16.0,28.0,105.0,1512.0,Sapienza University of Rome
Ricercatore a t.d. - t.pieno (art. 24 c.3-b L. 240/10),MONTORI Federico,MONTORI Federico,MONTORI,Montori,Federico,M,BOLOGNA,,01/INFO-01,INFO-01/A,INF/01,01/B1,INFORMATICA - SCIENZA E INGEGNERIA,,,https://openalex.org/A5040308565,Federico Montori,0000-0002-9943-4209,15.0,22.0,75.0,979.0,University of Bologna
Ordinario,MONTRESOR Alberto,MONTRESOR Alberto,MONTRESOR,Montresor,Alberto,M,TRENTO,,01/INFO-01,INFO-01/A,INF/01,01/B1,Ingegneria e Scienza dell'Informazione,,,https://openalex.org/A5045508421,Alberto Montresor,0000-0001-5820-8216,32.0,87.0,200.0,6821.0,University of Trento
Ricercatore a t.d. - t.pieno (L. 79/2022),MOR Andrea,MOR Andrea,MOR,Mor,Andrea,M,Politecnico di MILANO,,01/INFO-01,INFO-01/A,INF/01,01/B1,INGEGNERIA GESTIONALE,,,https://openalex.org/A5056509955,Andrea Mor,0000-0001-6131-7229,7.0,7.0,21.0,356.0,Politecnico di Milano
Ricercatore a t.d. - t.pieno (art. 24 c.3-a L. 240/10),MORADI Leila,MORADI Leila,MORADI,Moradi,Leila,F,SALERNO,,01/INFO-01,INFO-01/A,INF/01,01/B1,INFORMATICA,,,https://openalex.org/A5055776342,Leila Moradi,,17.0,32.0,66.0,995.0,University of Kashan
Associato,MORICHETTA Andrea,MORICHETTA Andrea,MORICHETTA,Morichetta,Andrea,M,CAMERINO,,01/INFO-01,INFO-01/A,INF/01,01/B1,SCUOLA DI SCIENZE E TECNOLOGIE,,,https://openalex.org/A5088062736,Andrea Morichetta,0000-0003-3765-3067,11.0,13.0,48.0,466.0,TU Wien
Ricercatore a t.d. - t.pieno (art. 24 c.3-a L. 240/10),MORO Matteo,MORO Matteo,MORO,Moro,Matteo,M,GENOVA,,01/INFO-01,INFO-01/A,INF/01,01/B1,"INFORMATICA, BIOINGEGNERIA,ROBOTICA E INGEGNERIA DEI SISTEMI (DIBRIS)",,,https://openalex.org/A5087652318,Matteo Moro,0000-0001-5398-6000,23.0,41.0,78.0,1614.0,Vita-Salute San Raffaele University
Ricercatore,MORPURGO Anna Chiara Giovanna,MORPURGO Anna Chiara Giovanna,MORPURGO,Morpurgo,Anna Chiara Giovanna,F,MILANO,,01/INFO-01,INFO-01/A,INF/01,01/B1,Informatica 'Giovanni Degli Antoni',,,,,,,,,,
Associato,MOSCARDELLI Luca,MOSCARDELLI Luca,MOSCARDELLI,Moscardelli,Luca,M,CHIETI-PESCARA,,01/INFO-01,INFO-01/A,INF/01,01/B1,Economia,,,https://openalex.org/A5032872563,Luca Moscardelli,0000-0002-9256-481X,20.0,45.0,108.0,1279.0,University of Chieti-Pescara
Associato,MOSTARDA Leonardo,MOSTARDA Leonardo,MOSTARDA,Mostarda,Leonardo,M,PERUGIA,,01/INFO-01,INFO-01/A,INF/01,01/B1,MATEMATICA E INFORMATICA,,,https://openalex.org/A5016526188,Leonardo Mostarda,0000-0001-8852-8317,29.0,64.0,165.0,3249.0,University of Perugia
Ordinario,MUCCINI Henry,MUCCINI Henry,MUCCINI,Muccini,Henry,M,L'AQUILA,,01/INFO-01,INFO-01/A,INF/01,01/B1,Ingegneria e scienze dell'informazione e matematica,,,https://openalex.org/A5030457541,Henry Muccini,0000-0001-6365-6515,32.0,92.0,274.0,3654.0,University of L'Aquila
Associato,MUNARO Andrea,MUNARO Andrea,MUNARO,Munaro,Andrea,M,PARMA,,01/INFO-01,INFO-01/A,INF/01,01/B1,"Scienze Matematiche, Fisiche e Informatiche",,,https://openalex.org/A5084259822,Andrea Munaro,0000-0003-1509-8832,7.0,4.0,41.0,151.0,Queen's University Belfast
Ordinario,MURANO Aniello,MURANO Aniello,MURANO,Murano,Aniello,M,Napoli Federico II,,01/INFO-01,INFO-01/A,INF/01,01/B1,Ingegneria Elettrica e delle Tecnologie dell'Informazione,,,https://openalex.org/A5055415505,Aniello Murano,0000-0003-4876-3448,27.0,79.0,264.0,2632.0,University of Naples Federico II
Ricercatore a t.d. - t.pieno (art. 24 c.3-a L. 240/10),MURGIA Maurizio,MURGIA Maurizio,MURGIA,Murgia,Maurizio,M,Gran Sasso Science Institute,,01/INFO-01,INFO-01/A,INF/01,01/B1,AREA DI INFORMATICA,,,https://openalex.org/A5034330560,Maurizio Murgia,0000-0001-7613-621X,13.0,15.0,92.0,1199.0,Free University of Bozen-Bolzano
Ordinario,MURINO Vittorio,MURINO Vittorio,MURINO,Murino,Vittorio,M,VERONA,,01/INFO-01,INFO-01/A,INF/01,01/B1,Informatica,,,https://openalex.org/A5007242502,Vittorio Murino,0000-0002-8645-2328,57.0,273.0,670.0,16184.0,Italian Institute of Technology
Associato,MUSTO Cataldo,MUSTO Cataldo,MUSTO,Musto,Cataldo,M,BARI,,01/INFO-01,INFO-01/A,INF/01,01/B1,Informatica,,,https://openalex.org/A5052446168,Cataldo Musto,0000-0001-6089-928X,30.0,66.0,167.0,2854.0,University of Bari Aldo Moro
Associato,NAPOLETANO Paolo,NAPOLETANO Paolo,NAPOLETANO,Napoletano,Paolo,M,MILANO-BICOCCA,,01/INFO-01,INFO-01/A,INF/01,01/B1,"INFORMATICA, SISTEMISTICA E COMUNICAZIONE",,,https://openalex.org/A5053344554,Paolo Napoletano,0000-0001-9112-0574,34.0,72.0,188.0,4837.0,University of Milano-Bicocca
Ordinario,NAPPI Michele,NAPPI Michele,NAPPI,Nappi,Michele,M,SALERNO,,01/INFO-01,INFO-01/A,INF/01,01/B1,Informatica,,,https://openalex.org/A5057168111,Michele Nappi,0000-0002-2517-2867,39.0,126.0,347.0,6249.0,University of Salerno
Ordinario,NARDELLI Enrico,NARDELLI Enrico,NARDELLI,Nardelli,Enrico,M,"ROMA ""Tor Vergata""",,01/INFO-01,INFO-01/A,INF/01,01/B1,Matematica,,,https://openalex.org/A5058595042,Enrico Nardelli,0000-0001-9451-2899,23.0,51.0,177.0,2647.0,University of Rome Tor Vergata
Associato,NARDUCCI Fabio,NARDUCCI Fabio,NARDUCCI,Narducci,Fabio,M,SALERNO,,01/INFO-01,INFO-01/A,INF/01,01/B1,Informatica,,,https://openalex.org/A5034412164,Fabio Narducci,0000-0003-4879-7138,18.0,30.0,88.0,1068.0,University of Salerno
Ricercatore a t.d. - t.pieno (art. 24 c.3-a L. 240/10),NARETTO Francesca,NARETTO Francesca,NARETTO,Naretto,Francesca,F,PISA,,01/INFO-01,INFO-01/A,INF/01,01/B1,INFORMATICA,,,https://openalex.org/A5082937374,Francesca Naretto,0000-0003-1301-7787,5.0,3.0,16.0,226.0,University of Pisa
Associato,NAVARIN Nicolo',NAVARIN Nicolò,NAVARIN,Navarin,Nicolò,M,PADOVA,,01/INFO-01,INFO-01/A,INF/01,01/B1,"MATEMATICA ""TULLIO LEVI-CIVITA"" - DM",,,https://openalex.org/A5088959189,Nicolò Navarin,0000-0002-4108-1754,19.0,35.0,121.0,2420.0,University of Padua
Ordinario,NAVARRA Alfredo,NAVARRA Alfredo,NAVARRA,Navarra,Alfredo,M,PERUGIA,,01/INFO-01,INFO-01/A,INF/01,01/B1,MATEMATICA E INFORMATICA,,,https://openalex.org/A5023681870,Alfredo Navarra,0000-0001-8547-5934,26.0,91.0,232.0,2670.0,University of Perugia
Ordinario,NAVIGLI Roberto,NAVIGLI Roberto,NAVIGLI,Navigli,Roberto,M,"ROMA ""La Sapienza""",,01/INFO-01,INFO-01/A,INF/01,01/B1,"Ingegneria Informatica, Automatica e Gestionale “Antonio Ruberti“",,,https://openalex.org/A5026648049,Roberto Navigli,0000-0003-3831-9706,64.0,162.0,339.0,18511.0,Sapienza University of Rome
Ricercatore a t.d. - t.pieno (art. 24 c.3-a L. 240/10),NEGRINI Luca,NEGRINI Luca,NEGRINI,Negrini,Luca,M,"""Ca' Foscari"" VENEZIA",,01/INFO-01,INFO-01/A,INF/01,01/B1,"SCIENZE AMBIENTALI, INFORMATICA E STATISTICA",,,https://openalex.org/A5004173744,Luca Negrini,0000-0001-9930-8854,7.0,4.0,22.0,99.0,Ca' Foscari University of Venice
Ricercatore a t.d. - t.pieno (art. 24 c.3-a L. 240/10),NEMMI Eugenio Nerio,NEMMI Eugenio Nerio,NEMMI,Nemmi,Eugenio Nerio,M,"ROMA ""La Sapienza""",,01/INFO-01,INFO-01/A,INF/01,01/B1,INFORMATICA,,,https://openalex.org/A5086175063,Eugenio Nerio Nemmi,0000-0001-6518-7863,5.0,3.0,18.0,84.0,Sapienza University of Rome
Associato confermato,NERI Filippo,NERI Filippo,NERI,Neri,Filippo,M,Napoli Federico II,,01/INFO-01,INFO-01/A,INF/01,01/B1,Ingegneria Elettrica e delle Tecnologie dell'Informazione,,,https://openalex.org/A5064499030,Filippo Neri,0000-0002-2529-2287,25.0,61.0,235.0,2839.0,University of Naples Federico II
Associato confermato,NESI Monica,NESI Monica,NESI,Nesi,Monica,F,L'AQUILA,,01/INFO-01,INFO-01/A,INF/01,01/B1,Ingegneria e scienze dell'informazione e matematica,,,https://openalex.org/A5108850768,Monica Nesi,,9.0,8.0,27.0,168.0,University of L'Aquila
Associato,NGUYEN Thanh Phuong,NGUYEN Thanh Phuong,NGUYEN,Nguyen,Thanh Phuong,M,L'AQUILA,,01/INFO-01,INFO-01/A,INF/01,01/B1,Ingegneria e scienze dell'informazione e matematica,,,https://openalex.org/A5085593383,Thanh Thi Nguyen,0000-0001-9709-1663,43.0,89.0,230.0,11501.0,Hallym University
Ricercatore a t.d. - t.pieno (L. 79/2022),NICOLAZZO Serena,NICOLAZZO Serena,NICOLAZZO,Nicolazzo,Serena,F,PIEMONTE ORIENTALE,,01/INFO-01,INFO-01/A,,,SCIENZE E INNOVAZIONE TECNOLOGICA (DISIT),,,https://openalex.org/A5038688486,Serena Nicolazzo,0000-0003-2719-9526,13.0,15.0,60.0,497.0,University of Milan
Associato,NOBILE Marco Salvatore,NOBILE Marco Salvatore,NOBILE,Nobile,Marco Salvatore,M,"""Ca' Foscari"" VENEZIA",,01/INFO-01,INFO-01/A,INF/01,01/B1,"Scienze Ambientali, Informatica e Statistica",,,https://openalex.org/A5043650939,Marco S. Nobile,0000-0002-7692-7203,23.0,45.0,166.0,2317.0,Ca' Foscari University of Venice
Ricercatore a t.d. - t.pieno (art. 24 c.3-a L. 240/10),NOCE Marialaura,NOCE Marialaura,NOCE,Noce,Marialaura,F,SALERNO,,01/INFO-01,INFO-01/A,INF/01,01/B1,INFORMATICA,,,https://openalex.org/A5061704102,Marialaura Noce,0000-0002-3729-8598,5.0,0.0,58.0,65.0,University of Salerno
Associato,NOCETI Nicoletta,NOCETI Nicoletta,NOCETI,Noceti,Nicoletta,F,GENOVA,,01/INFO-01,INFO-01/A,INF/01,01/B1,"Informatica, bioingegneria,robotica e ingegneria dei sistemi (DIBRIS)",,,https://openalex.org/A5070475631,Nicoletta Noceti,0000-0002-6482-4768,13.0,20.0,134.0,677.0,University of Genoa
Associato confermato,NOTA Giancarlo,NOTA Giancarlo,NOTA,Nota,Giancarlo,M,SALERNO,,01/INFO-01,INFO-01/A,INF/01,01/B1,Scienze Aziendali - Management & Innovation Systems,,,https://openalex.org/A5057546741,Giancarlo Nota,0000-0002-4829-9967,11.0,11.0,55.0,496.0,University of Salerno
Associato,NOVIELLI Nicole,NOVIELLI Nicole,NOVIELLI,Novielli,Nicole,F,BARI,,01/INFO-01,INFO-01/A,INF/01,01/B1,Informatica,,,https://openalex.org/A5030063602,Nicole Novielli,0000-0003-1160-2608,31.0,72.0,192.0,3158.0,University of Bari Aldo Moro
Associato,NTALAMPIRAS Stavros,NTALAMPIRAS Stavros,NTALAMPIRAS,Ntalampiras,Stavros,M,MILANO,,01/INFO-01,INFO-01/A,INF/01,01/B1,Informatica 'Giovanni Degli Antoni',,,https://openalex.org/A5013285272,Stavros Ntalampiras,0000-0003-3482-9215,26.0,55.0,175.0,2193.0,University of Milan
Associato,NUCITA Andrea,NUCITA Andrea,NUCITA,Nucita,Andrea,M,MESSINA,,01/INFO-01,INFO-01/A,INF/01,01/B1,"Scienze Cognitive, Psicologiche, Pedagogiche e degli Studi Culturali",,,https://openalex.org/A5065500880,Andrea Nucita,0000-0001-6257-5529,15.0,20.0,47.0,672.0,University of Messina
Ordinario,NUTT Werner,NUTT Werner,NUTT,Nutt,Werner,M,Libera Università di BOLZANO,Ingegneria,01/INFO-01,INFO-01/A,INF/01,01/B1,FACOLTA' DI INGEGNERIA,,,https://openalex.org/A5038176802,Werner Nutt,0000-0002-9347-1885,32.0,65.0,191.0,3975.0,Free University of Bozen-Bolzano
Ordinario,ODONE Francesca,ODONE Francesca,ODONE,Odone,Francesca,F,GENOVA,,01/INFO-01,INFO-01/A,INF/01,01/B1,"Informatica, bioingegneria,robotica e ingegneria dei sistemi (DIBRIS)",,,https://openalex.org/A5032083229,Francesca Odone,0000-0002-3463-2263,28.0,65.0,246.0,2861.0,University of Genoa
Associato,OLIVETTI Dennis,OLIVETTI Dennis,OLIVETTI,Olivetti,Dennis,M,Gran Sasso Science Institute,,01/INFO-01,INFO-01/A,INF/01,01/B1,Area di Informatica,,,https://openalex.org/A5042405670,Dennis Olivetti,0000-0002-6600-6443,15.0,24.0,104.0,587.0,Gran Sasso Science Institute
Ricercatore a t.d. - t.pieno (art. 24 c.3-a L. 240/10),OLIVIERI Luca,OLIVIERI Luca,OLIVIERI,Olivieri,Luca,M,"""Ca' Foscari"" VENEZIA",,01/INFO-01,INFO-01/A,INF/01,01/B1,"SCIENZE AMBIENTALI, INFORMATICA E STATISTICA",,,https://openalex.org/A5068271251,Luca M. Olivieri,0000-0003-0484-7332,12.0,16.0,139.0,1200.0,Ca' Foscari University of Venice
Ordinario,ORCIUOLI Francesco,ORCIUOLI Francesco,ORCIUOLI,Orciuoli,Francesco,M,SALERNO,,01/INFO-01,INFO-01/A,INF/01,01/B1,Scienze Aziendali - Management & Innovation Systems,,,https://openalex.org/A5084287110,Francesco Orciuoli,0000-0001-6899-4396,28.0,71.0,191.0,2567.0,University of Salerno
Ricercatore a t.d. - t.pieno (art. 24 c.3-a L. 240/10),ORIGLIA Antonio,ORIGLIA Antonio,ORIGLIA,Origlia,Antonio,M,Napoli Federico II,,01/INFO-01,INFO-01/A,INF/01,01/B1,INGEGNERIA ELETTRICA E DELLE TECNOLOGIE DELL'INFORMAZIONE,,,https://openalex.org/A5055939080,Antonio Origlia,0000-0002-8635-1623,13.0,19.0,92.0,630.0,University of Naples Federico II
Ordinario,ORLANDO Salvatore,ORLANDO Salvatore,ORLANDO,Orlando,Salvatore,M,"""Ca' Foscari"" VENEZIA",,01/INFO-01,INFO-01/A,INF/01,01/B1,"Scienze Ambientali, Informatica e Statistica",,,https://openalex.org/A5066317336,Salvatore Orlando,0000-0002-4155-9797,33.0,91.0,249.0,3851.0,Ca' Foscari University of Venice
Associato,ORSENIGO Carlotta,ORSENIGO Carlotta,ORSENIGO,Orsenigo,Carlotta,F,Politecnico di MILANO,,01/INFO-01,INFO-01/A,INF/01,01/B1,Ingegneria Gestionale,,,https://openalex.org/A5088574693,Carlotta Orsenigo,0000-0001-8688-414X,15.0,20.0,51.0,976.0,Politecnico di Milano
Ricercatore a t.d. - t.pieno (art. 24 c.3-a L. 240/10),ORSINI Emmanuela,ORSINI Emmanuela,ORSINI,Orsini,Emmanuela,F,Bocconi MILANO,Economia,01/INFO-01,INFO-01/A,INF/01,01/B1,SCIENZE DELLA COMPUTAZIONE - DEPARTMENT OF COMPUTING SCIENCES (DCS),,,https://openalex.org/A5050362134,Emmanuela Orsini,0000-0002-1917-1833,21.0,31.0,74.0,1408.0,Bocconi University
Ricercatore a t.d. - t.pieno (art. 24 c.3-b L. 240/10),ORTENZI Luciano,ORTENZI Luciano,ORTENZI,Ortenzi,Luciano,M,TUSCIA,,01/INFO-01,INFO-01/A,INF/01,01/B1,SCIENZE AGRARIE E FORESTALI,,,https://openalex.org/A5063624316,Luciano Ortenzi,0000-0002-1245-8882,16.0,24.0,59.0,705.0,Sapienza University of Rome
Associato,ORTIS Alessandro,ORTIS Alessandro,ORTIS,Ortis,Alessandro,M,CATANIA,,01/INFO-01,INFO-01/A,INF/01,01/B1,Matematica e Informatica,,,https://openalex.org/A5076307306,Alessandro Ortis,0000-0003-3461-4679,17.0,24.0,92.0,785.0,University of Catania
Associato,PACI Federica Maria,PACI Federica Maria,PACI,Paci,Federica Maria,F,VERONA,,01/INFO-01,INFO-01/A,INF/01,01/B1,Informatica,,,,,,,,,,
Ricercatore a t.d. - t.pieno (art. 24 c.3-a L. 240/10),PADOAN Tommaso,PADOAN Tommaso,PADOAN,Padoan,Tommaso,M,TRIESTE,,01/INFO-01,INFO-01/A,INF/01,01/B1,"MATEMATICA, INFORMATICA E GEOSCIENZE",,,https://openalex.org/A5020071127,Tommaso Padoan,0000-0001-7814-1485,3.0,1.0,25.0,39.0,University of Trieste
Ordinario,PADOVANI Luca,PADOVANI Luca,PADOVANI,Padovani,Luca,M,BOLOGNA,,01/INFO-01,INFO-01/A,INF/01,01/B1,Informatica - Scienza e Ingegneria,,,https://openalex.org/A5047694866,Luca Padovani,0000-0001-9097-1297,26.0,52.0,132.0,2415.0,Università di Camerino
Associato,PAGANELLI Federica,PAGANELLI Federica,PAGANELLI,Paganelli,Federica,F,PISA,,01/INFO-01,INFO-01/A,INF/01,01/B1,INFORMATICA,,,https://openalex.org/A5027846158,Federica Paganelli,0000-0002-2931-2804,22.0,42.0,125.0,1750.0,University of Pisa
Associato confermato,PAGANI Elena,PAGANI Elena,PAGANI,Pagani,Elena,F,MILANO,,01/INFO-01,INFO-01/A,INF/01,01/B1,Informatica 'Giovanni Degli Antoni',,,https://openalex.org/A5022625741,Elena Pagani,0000-0002-3359-8921,21.0,28.0,57.0,5072.0,Istituto Dermopatico dell'Immacolata
Ricercatore a t.d. - t.defin. (art. 24 c.3-a L. 240/10),PAGANO Alessandro,PAGANO Alessandro,PAGANO,Pagano,Alessandro,M,BARI,,01/INFO-01,INFO-01/A,INF/01,01/B1,INFORMATICA,,,https://openalex.org/A5045107384,Alessandro Pagano,0000-0002-2511-9396,23.0,29.0,74.0,2010.0,Polytechnic University of Bari
Ricercatore a t.d. - t.pieno (art. 24 c.3-a L. 240/10),PAGLIARINI Roberto,PAGLIARINI Roberto,PAGLIARINI,Pagliarini,Roberto,M,UDINE,,01/INFO-01,INFO-01/A,INF/01,01/B1,"SCIENZE MATEMATICHE, INFORMATICHE E FISICHE",,,https://openalex.org/A5090655084,Roberto Pagliarini,,9.0,9.0,31.0,298.0,Vita-Salute San Raffaele University
Ordinario,PAHL Claus,PAHL Claus,PAHL,Pahl,Claus,M,Libera Università di BOLZANO,Ingegneria,01/INFO-01,INFO-01/A,INF/01,01/B1,FACOLTA' DI INGEGNERIA,,,https://openalex.org/A5003596976,Claus Pahl,0000-0002-9049-212X,44.0,135.0,428.0,8088.0,Free University of Bozen-Bolzano
Associato,PALANO Beatrice,PALANO Beatrice,PALANO,Palano,Beatrice,F,MILANO,,01/INFO-01,INFO-01/A,INF/01,01/B1,Informatica 'Giovanni Degli Antoni',,,https://openalex.org/A5073652157,Beatrice Palano,0000-0003-3948-4658,16.0,26.0,86.0,722.0,University of Milan
Ordinario,PALAZZI Claudio Enrico,PALAZZI Claudio Enrico,PALAZZI,Palazzi,Claudio Enrico,M,PADOVA,,01/INFO-01,INFO-01/A,INF/01,01/B1,"MATEMATICA ""TULLIO LEVI-CIVITA"" - DM",,,https://openalex.org/A5001978900,Claudio E. Palazzi,0000-0002-8877-0848,30.0,83.0,249.0,3366.0,University of Padua
Associato,PALMERO APROSIO Alessio,PALMERO APROSIO Alessio,PALMERO APROSIO,Palmero Aprosio,Alessio,M,TRENTO,,01/INFO-01,INFO-01/A,INF/01,01/B1,Psicologia e Scienze Cognitive,,,https://openalex.org/A5057630576,Alessio Palmero Aprosio,0000-0002-1484-0882,16.0,22.0,80.0,715.0,Fondazione Bruno Kessler
Ordinario,PALMIERI Francesco,PALMIERI Francesco,PALMIERI,Palmieri,Francesco,M,SALERNO,,01/INFO-01,INFO-01/A,INF/01,01/B1,Informatica,,,https://openalex.org/A5039135286,Francesco Palmieri,0000-0003-1760-5527,42.0,158.0,354.0,7499.0,University of Salerno
Associato,PALMONARI Matteo Luigi Salvatore Gaspare,PALMONARI Matteo Luigi Salvatore Gaspare,PALMONARI,Palmonari,Matteo Luigi Salvatore Gaspare,M,MILANO-BICOCCA,,01/INFO-01,INFO-01/A,INF/01,01/B1,"INFORMATICA, SISTEMISTICA E COMUNICAZIONE",,,,,,,,,,
Associato,PALOMBA Fabio,PALOMBA Fabio,PALOMBA,Palomba,Fabio,M,SALERNO,,01/INFO-01,INFO-01/A,INF/01,01/B1,Informatica,,,https://openalex.org/A5033738898,Fabio Palomba,0000-0001-9337-5116,52.0,129.0,406.0,8813.0,University of Salerno
Ordinario,PANCONESI Alessandro,PANCONESI Alessandro,PANCONESI,Panconesi,Alessandro,M,"ROMA ""La Sapienza""",,01/INFO-01,INFO-01/A,INF/01,01/B1,Informatica,,,https://openalex.org/A5063633119,Alessandro Panconesi,0000-0002-2169-3067,40.0,85.0,189.0,6187.0,Sapienza University of Rome
Ricercatore a t.d. - t.pieno (art. 24 c.3-b L. 240/10),PANDOLFO Laura,PANDOLFO Laura,PANDOLFO,Pandolfo,Laura,F,SASSARI,,01/INFO-01,INFO-01/A,INF/01,01/B1,SCIENZE UMANISTICHE E SOCIALI,,,https://openalex.org/A5086461859,Laura Pandolfo,0000-0002-5785-5638,5.0,2.0,29.0,96.0,University of Sassari
Associato confermato,PANIZZI Emanuele,PANIZZI Emanuele,PANIZZI,Panizzi,Emanuele,M,"ROMA ""La Sapienza""",,01/INFO-01,INFO-01/A,INF/01,01/B1,Informatica,,,https://openalex.org/A5060183769,Emanuele Panizzi,0000-0002-7442-8451,12.0,18.0,90.0,744.0,Sapienza University of Rome
Ricercatore a t.d. - t.pieno (art. 24 c.3-a L. 240/10),PANNONE Daniele,PANNONE Daniele,PANNONE,Pannone,Daniele,M,Univ. Studi Internazionali di ROMA (UNINT),,01/INFO-01,INFO-01/A,INF/01,01/B1,SCIENZE UMANISTICHE E SOCIALI INTERNAZIONALI,,,https://openalex.org/A5029149912,Daniele Pannone,0000-0001-6446-6473,15.0,18.0,37.0,730.0,Sapienza University of Rome
Ricercatore a t.d. - t.pieno (art. 24 c.3-a L. 240/10),PAOLINI Emilio,PAOLINI Emilio,PAOLINI,Paolini,Emilio,M,Scuola Superiore Sant'Anna,,01/INFO-01,INFO-01/A,INF/01,,CLASSE ACCADEMICA DI SCIENZE SPERIMENTALI E APPLICATE,,,https://openalex.org/A5090403527,Eduardo E. Paolini,0000-0003-1658-8948,12.0,24.0,97.0,683.0,Universidad Nacional del Sur
Associato,PAOLINI Luca Luigi,PAOLINI Luca Luigi,PAOLINI,Paolini,Luca Luigi,M,TORINO,,01/INFO-01,INFO-01/A,INF/01,01/B1,Informatica,,,https://openalex.org/A5078201674,Luca Paolini,0000-0002-4126-0170,15.0,23.0,106.0,606.0,University of Turin
Ricercatore a t.d. - t.pieno (art. 24 c.3-a L. 240/10),PAPETTI Daniele Maria,PAPETTI Daniele Maria,PAPETTI,Papetti,Daniele Maria,M,MILANO-BICOCCA,,01/INFO-01,INFO-01/A,INF/01,01/B1,"INFORMATICA, SISTEMISTICA E COMUNICAZIONE",,,,,,,,,,
Ordinario,PAPPALARDO Francesco,PAPPALARDO Francesco,PAPPALARDO,Pappalardo,Francesco,M,CATANIA,,01/INFO-01,INFO-01/A,INF/01,01/B1,Scienze del Farmaco e della Salute,,,https://openalex.org/A5044340074,Francesco Pappalardo,0000-0003-1668-3320,37.0,82.0,251.0,3838.0,University of Catania
Ordinario,PAPPALARDO Giuseppe,PAPPALARDO Giuseppe,PAPPALARDO,Pappalardo,Giuseppe,M,CATANIA,,01/INFO-01,INFO-01/A,INF/01,01/B1,Matematica e Informatica,,,https://openalex.org/A5078252196,Giuseppe Pappalardo,0000-0001-7328-3492,36.0,176.0,500.0,6003.0,National Research Council
Ordinario,PARENTE Domenico,PARENTE Domenico,PARENTE,Parente,Domenico,M,SALERNO,,01/INFO-01,INFO-01/A,INF/01,01/B1,Scienze Aziendali - Management & Innovation Systems,,,https://openalex.org/A5056422946,Mimmo Parente,0000-0002-4935-6003,19.0,33.0,109.0,1055.0,University of Salerno
Associato confermato,PARESCHI Remo,PARESCHI Remo,PARESCHI,Pareschi,Remo,M,MOLISE,,01/INFO-01,INFO-01/A,INF/01,01/B1,Bioscienze e Territorio,,,https://openalex.org/A5039062411,Remo Pareschi,0000-0002-4912-582X,21.0,32.0,126.0,1782.0,University of Molise
Ordinario,PARLATO Gennaro,PARLATO Gennaro,PARLATO,Parlato,Gennaro,M,MOLISE,,01/INFO-01,INFO-01/A,INF/01,01/B1,Bioscienze e Territorio,,,https://openalex.org/A5048623277,Gennaro Parlato,0000-0002-8697-2980,23.0,43.0,93.0,1795.0,University of Molise
Ricercatore a t.d. - t.pieno (art. 24 c.3-b L. 240/10),PASA Luca,PASA Luca,PASA,Pasa,Luca,M,PADOVA,,01/INFO-01,INFO-01/A,INF/01,01/B1,"MATEMATICA ""TULLIO LEVI-CIVITA"" - DM",,,https://openalex.org/A5065003610,Luca Pasa,0000-0002-3023-3046,9.0,9.0,49.0,257.0,University of Padua
Ordinario,PASI Gabriella,PASI Gabriella,PASI,Pasi,Gabriella,F,MILANO-BICOCCA,,01/INFO-01,INFO-01/A,INF/01,01/B1,"INFORMATICA, SISTEMISTICA E COMUNICAZIONE",,,https://openalex.org/A5066756066,Gabriella Pasi,0000-0002-6080-8170,41.0,140.0,491.0,7950.0,University of Milano-Bicocca
Ricercatore a t.d. - t.pieno (L. 79/2022),PASQUA Michele,PASQUA Michele,PASQUA,Pasqua,Michele,M,VERONA,,01/INFO-01,INFO-01/A,INF/01,01/B1,INFORMATICA,,,https://openalex.org/A5042532202,Michele Pasqua,0000-0002-9475-4836,10.0,10.0,38.0,269.0,University of Verona
Associato,PASQUALE Francesco,PASQUALE Francesco,PASQUALE,Pasquale,Francesco,M,"ROMA ""Tor Vergata""",,01/INFO-01,INFO-01/A,INF/01,01/B1,"Ingegneria dell'Impresa ""Mario Lucertini""",,,https://openalex.org/A5077978945,Francesco de Pasquale,0000-0003-1109-3305,21.0,36.0,79.0,5865.0,Fondazione Santa Lucia
Ordinario,PASSERINI Andrea,PASSERINI Andrea,PASSERINI,Passerini,Andrea,M,TRENTO,,01/INFO-01,INFO-01/A,INF/01,01/B1,Ingegneria e Scienza dell'Informazione,,,https://openalex.org/A5066187890,Andrea Passerini,0000-0002-2765-5395,28.0,68.0,248.0,3833.0,University of Trento
Ricercatore a t.d. - t.pieno (art. 24 c.3-a L. 240/10),PASTORE Vito Paolo,PASTORE Vito Paolo,PASTORE,Pastore,Vito Paolo,M,GENOVA,,01/INFO-01,INFO-01/A,INF/01,01/B1,"INFORMATICA, BIOINGEGNERIA,ROBOTICA E INGEGNERIA DEI SISTEMI (DIBRIS)",,,https://openalex.org/A5073140566,Vito Paolo Pastore,0000-0002-5827-5571,12.0,15.0,68.0,620.0,University of Genoa
Associato,PATRIGNANI Marco,PATRIGNANI Marco,PATRIGNANI,Patrignani,Marco,M,TRENTO,,01/INFO-01,INFO-01/A,INF/01,01/B1,Ingegneria e Scienza dell'Informazione,,,https://openalex.org/A5023276491,Marco Patrignani,0000-0003-3411-9678,15.0,22.0,75.0,691.0,University of Trento
Associato,PATTI Viviana,PATTI Viviana,PATTI,Patti,Viviana,F,TORINO,,01/INFO-01,INFO-01/A,INF/01,01/B1,Informatica,,,https://openalex.org/A5024664329,Viviana Patti,0000-0001-5991-370X,37.0,107.0,263.0,5850.0,University of Turin
Ordinario,PAU Giovanni,PAU Giovanni,PAU,Pau,Giovanni,M,BOLOGNA,,01/INFO-01,INFO-01/A,INF/01,01/B1,Informatica - Scienza e Ingegneria,,,https://openalex.org/A5048063581,Giovanni Pau,0000-0003-2216-7170,37.0,96.0,257.0,5467.0,"University of California, Los Angeles"
Ricercatore a t.d. - t.pieno (art. 24 c.3-a L. 240/10),PAVONE Arianna Maria,PAVONE Arianna Maria,PAVONE,Pavone,Arianna Maria,F,PALERMO,,01/INFO-01,INFO-01/A,INF/01,01/B1,MATEMATICA E INFORMATICA,,,,,,,,,,
Associato,PAVONE Mario Francesco,PAVONE Mario Francesco,PAVONE,Pavone,Mario Francesco,M,CATANIA,,01/INFO-01,INFO-01/A,INF/01,01/B1,Matematica e Informatica,,,https://openalex.org/A5059851427,Mario Pavone,0000-0003-3421-3293,18.0,26.0,94.0,1382.0,University of Catania
Associato confermato,PEDERSINI Federico,PEDERSINI Federico,PEDERSINI,Pedersini,Federico,M,MILANO,,01/INFO-01,INFO-01/A,INF/01,01/B1,Informatica 'Giovanni Degli Antoni',,,https://openalex.org/A5016573065,Federico Pedersini,0000-0001-7367-6114,14.0,19.0,73.0,771.0,University of Milan
Ordinario,PEDRESCHI Dino,PEDRESCHI Dino,PEDRESCHI,Pedreschi,Dino,M,PISA,,01/INFO-01,INFO-01/A,INF/01,01/B1,INFORMATICA,,,https://openalex.org/A5044898565,Dino Pedreschi,0000-0003-4801-3225,61.0,185.0,398.0,17406.0,University of Pisa
Ricercatore a t.d. - t.pieno (art. 24 c.3-a L. 240/10),PEIKOS Georgios,PEIKOS Georgios,PEIKOS,Peikos,Georgios,M,MILANO-BICOCCA,,01/INFO-01,INFO-01/A,INF/01,01/B1,"INFORMATICA, SISTEMISTICA E COMUNICAZIONE",,,https://openalex.org/A5048103560,Georgios Peikos,,4.0,1.0,15.0,42.0,University of Milano-Bicocca
Associato confermato,PELAGATTI Susanna,PELAGATTI Susanna,PELAGATTI,Pelagatti,Susanna,F,PISA,,01/INFO-01,INFO-01/A,INF/01,01/B1,INFORMATICA,,,https://openalex.org/A5042850228,Susanna Pelagatti,0000-0001-8278-546X,18.0,30.0,86.0,1154.0,University of Pisa
Ordinario,PELILLO Marcello,PELILLO Marcello,PELILLO,Pelillo,Marcello,M,"""Ca' Foscari"" VENEZIA",,01/INFO-01,INFO-01/A,INF/01,01/B1,"Scienze Ambientali, Informatica e Statistica",,,https://openalex.org/A5088359990,Marcello Pelillo,0000-0001-8992-9243,44.0,129.0,395.0,10589.0,European Centre for Living Technology
Ordinario,PELLACINI Fabio,PELLACINI Fabio,PELLACINI,Pellacini,Fabio,M,MODENA e REGGIO EMILIA,,01/INFO-01,INFO-01/A,INF/01,01/B1,"Scienze fisiche, informatiche e matematiche",,,https://openalex.org/A5058560612,Fabio Pellacini,0000-0003-4861-9809,35.0,68.0,147.0,4228.0,University of Modena and Reggio Emilia
Ricercatore a t.d. - t.pieno (L. 79/2022),PELLEGRINO Maria Angela,PELLEGRINO Maria Angela,PELLEGRINO,Pellegrino,Maria Angela,F,SALERNO,,01/INFO-01,INFO-01/A,INF/01,01/B1,INFORMATICA,,,https://openalex.org/A5082018397,Maria Angela Pellegrino,0000-0001-8927-5833,8.0,5.0,55.0,208.0,University of Salerno
Ordinario,PELLICCIONE Patrizio,PELLICCIONE Patrizio,PELLICCIONE,Pelliccione,Patrizio,M,Gran Sasso Science Institute,,01/INFO-01,INFO-01/A,INF/01,01/B1,Area di Informatica,,,https://openalex.org/A5013103539,Patrizio Pelliccione,0000-0002-5438-2281,33.0,112.0,298.0,3999.0,Gran Sasso Science Institute
Ricercatore a t.d. - t.pieno (art. 24 c.3-a L. 240/10),PELLUNGRINI Roberto,PELLUNGRINI Roberto,PELLUNGRINI,Pellungrini,Roberto,M,Scuola Normale Superiore di PISA,,01/INFO-01,INFO-01/A,INF/01,01/B1,CLASSE DI SCIENZE,,,https://openalex.org/A5012682000,Roberto Pellungrini,0000-0003-3268-9271,8.0,8.0,43.0,299.0,Scuola Normale Superiore
Associato,PENALOZA NYSSEN Rafael,PENALOZA NYSSEN Rafael,PENALOZA NYSSEN,Penaloza Nyssen,Rafael,M,MILANO-BICOCCA,,01/INFO-01,INFO-01/A,INF/01,01/B1,"INFORMATICA, SISTEMISTICA E COMUNICAZIONE",,,https://openalex.org/A5077804637,Rafael Peñaloza Nyssen,,1.0,1.0,1.0,30.0,
Associato,PENNISI Marzio Alfio,PENNISI Marzio Alfio,PENNISI,Pennisi,Marzio Alfio,M,PIEMONTE ORIENTALE,,01/INFO-01,INFO-01/A,INF/01,01/B1,Scienze e Innovazione Tecnologica (DISIT),,,https://openalex.org/A5003874484,Marzio Pennisi,0000-0003-0231-7653,27.0,50.0,144.0,1860.0,Università degli Studi del Piemonte Orientale “Amedeo Avogadro”
Associato,PENSA Ruggero Gaetano,PENSA Ruggero Gaetano,PENSA,Pensa,Ruggero Gaetano,M,TORINO,,01/INFO-01,INFO-01/A,INF/01,01/B1,Informatica,,,https://openalex.org/A5015661882,Ruggero G. Pensa,0000-0001-5145-3438,23.0,41.0,141.0,1525.0,University of Turin
Associato,PERELLI Giuseppe,PERELLI Giuseppe,PERELLI,Perelli,Giuseppe,M,"ROMA ""La Sapienza""",,01/INFO-01,INFO-01/A,INF/01,01/B1,Informatica,,,https://openalex.org/A5066350298,Giuseppe Perelli,0000-0002-8687-6323,16.0,22.0,82.0,841.0,Sapienza University of Rome
Ricercatore a t.d. - t.pieno (art. 24 c.3-a L. 240/10),PEREZ GORT Maikel Lazaro,PEREZ GORT Maikel Lazaro,PEREZ GORT,Perez Gort,Maikel Lazaro,M,"""Ca' Foscari"" VENEZIA",,01/INFO-01,INFO-01/A,INF/01,01/B1,"SCIENZE AMBIENTALI, INFORMATICA E STATISTICA",,,https://openalex.org/A5054723444,Maikel Lázaro Pérez Gort,0000-0002-8818-7767,6.0,4.0,17.0,107.0,Ca' Foscari University of Venice
Ordinario,PERGOLA Elisa,PERGOLA Elisa,PERGOLA,Pergola,Elisa,F,FIRENZE,,01/INFO-01,INFO-01/A,INF/01,01/B1,Matematica e Informatica “Ulisse Dini”(DIMAI),,,https://openalex.org/A5107701414,Elisa Pergola,,16.0,24.0,76.0,920.0,University of Florence
Ricercatore a t.d. - t.pieno (art. 24 c.3-a L. 240/10),PERINI BROGI Cosimo,PERINI BROGI Cosimo,PERINI BROGI,Perini Brogi,Cosimo,M,Scuola IMT Alti Studi LUCCA,Altre Strutture,01/INFO-01,INFO-01/A,INF/01,01/B1,Non disponibile,,,https://openalex.org/A5017324321,Cosimo Perini Brogi,0000-0001-7883-5727,2.0,0.0,17.0,12.0,IMT School for Advanced Studies Lucca
Ricercatore,PERLASCA Paolo,PERLASCA Paolo,PERLASCA,Perlasca,Paolo,M,MILANO,,01/INFO-01,INFO-01/A,INF/01,01/B1,Informatica 'Giovanni Degli Antoni',,,https://openalex.org/A5018030981,Paolo Perlasca,0000-0001-6674-2822,9.0,8.0,32.0,1010.0,University of Milan
Ricercatore a t.d. - t.pieno (art. 24 c.3-a L. 240/10),PERNICE Simone,PERNICE Simone,PERNICE,Pernice,Simone,M,TORINO,,01/INFO-01,INFO-01/A,INF/01,01/B1,INFORMATICA,,,https://openalex.org/A5082219669,Simone Pernice,0000-0001-7124-4676,7.0,3.0,49.0,134.0,University of Turin
Ricercatore a t.d. - t.pieno (art. 24 c.3-a L. 240/10),PERO Chiara,PERO Chiara,PERO,Pero,Chiara,F,SALERNO,,01/INFO-01,INFO-01/A,INF/01,01/B1,SCIENZE AZIENDALI - MANAGEMENT & INNOVATION SYSTEMS,,,https://openalex.org/A5074877643,Chiara Pero,0000-0002-5517-2198,10.0,12.0,53.0,414.0,University of Salerno
Ordinario,PERON Adriano,PERON Adriano,PERON,Peron,Adriano,M,TRIESTE,,01/INFO-01,INFO-01/A,INF/01,01/B1,"Matematica, Informatica e Geoscienze",,,https://openalex.org/A5000697088,Adriano Peron,0000-0002-7111-3171,17.0,38.0,145.0,1099.0,University of Trieste
Associato,PERONI Silvio,PERONI Silvio,PERONI,Peroni,Silvio,M,BOLOGNA,,01/INFO-01,INFO-01/A,INF/01,01/B1,Filologia Classica e Italianistica,,,https://openalex.org/A5031461768,Silvio Peroni,0000-0003-0530-4305,27.0,84.0,509.0,3083.0,University of Bologna
Associato,PERRI Simona,PERRI Simona,PERRI,Perri,Simona,F,della CALABRIA,,01/INFO-01,INFO-01/A,INF/01,01/B1,Matematica e Informatica - DeMaCS,,,https://openalex.org/A5052577422,Simona Perri,0000-0002-8036-5709,20.0,29.0,104.0,2303.0,University of Calabria
Associato,PERSIA Fabio,PERSIA Fabio,PERSIA,Persia,Fabio,M,L'AQUILA,,01/INFO-01,INFO-01/A,INF/01,01/B1,Ingegneria e scienze dell'informazione e matematica,,,https://openalex.org/A5010558925,Fabio Persia,0000-0002-1798-0215,16.0,28.0,128.0,914.0,University of L'Aquila
Ordinario,PERSIANO Giuseppe,PERSIANO Giuseppe,PERSIANO,Persiano,Giuseppe,M,SALERNO,,01/INFO-01,INFO-01/A,INF/01,01/B1,Scienze Aziendali - Management & Innovation Systems,,,https://openalex.org/A5050503720,Giuseppe Persiano,0000-0001-6579-4807,30.0,81.0,243.0,6552.0,University of Salerno
Associato,PESCINI Dario,PESCINI Dario,PESCINI,Pescini,Dario,M,MILANO-BICOCCA,,01/INFO-01,INFO-01/A,INF/01,01/B1,STATISTICA E METODI QUANTITATIVI,,,https://openalex.org/A5065568541,Dario Pescini,0000-0002-3090-4823,21.0,31.0,95.0,1293.0,University of Milano-Bicocca
Ordinario,PETRIOLI Chiara,PETRIOLI Chiara,PETRIOLI,Petrioli,Chiara,F,"ROMA ""La Sapienza""",,01/INFO-01,INFO-01/A,INF/01,01/B1,"Ingegneria Informatica, Automatica e Gestionale “Antonio Ruberti“",,,https://openalex.org/A5006971837,Chiara Petrioli,0000-0002-3240-5075,42.0,132.0,230.0,6686.0,Sapienza University of Rome
Ricercatore a t.d. - t.pieno (art. 24 c.3-b L. 240/10),PETROV Tatjana,PETROV Tatjana,PETROV,Petrov,Tatjana,F,TRIESTE,,01/INFO-01,INFO-01/A,INF/01,01/B1,"MATEMATICA, INFORMATICA E GEOSCIENZE",,,https://openalex.org/A5091695783,Tatjana Petrov,0000-0002-9041-0905,16.0,24.0,91.0,793.0,Zuse Institute Berlin
Ordinario,PIAZZA Carla,PIAZZA Carla,PIAZZA,Piazza,Carla,F,UDINE,,01/INFO-01,INFO-01/A,INF/01,01/B1,"Scienze Matematiche, Informatiche e Fisiche",,,https://openalex.org/A5027009916,Carla Piazza,0000-0002-2072-1628,21.0,42.0,150.0,1676.0,University of Udine
Associato,PIBIRI Giulio Ermanno,PIBIRI Giulio Ermanno,PIBIRI,Pibiri,Giulio Ermanno,M,"""Ca' Foscari"" VENEZIA",,01/INFO-01,INFO-01/A,INF/01,01/B1,"Scienze Ambientali, Informatica e Statistica",,,https://openalex.org/A5010860687,Giulio Ermanno Pibiri,0000-0003-0724-7092,12.0,15.0,64.0,426.0,"Istituto di Scienza e Tecnologie dell'Informazione ""Alessandro Faedo"""
Ricercatore,PICARDI Claudia,PICARDI Claudia,PICARDI,Picardi,Claudia,F,TORINO,,01/INFO-01,INFO-01/A,INF/01,01/B1,Informatica,,,https://openalex.org/A5056949757,Claudia Picardi,,15.0,20.0,57.0,1541.0,University of Turin
Associato,PICCIALLI Francesco,PICCIALLI Francesco,PICCIALLI,Piccialli,Francesco,M,Napoli Federico II,,01/INFO-01,INFO-01/A,INF/01,01/B1,"Matematica e Applicazioni ""Renato Caccioppoli""",,,https://openalex.org/A5016445191,Francesco Piccialli,0000-0002-5179-2496,44.0,103.0,233.0,6922.0,University of Naples Federico II
Associato,PICCINNO Antonio,PICCINNO Antonio,PICCINNO,Piccinno,Antonio,M,BARI,,01/INFO-01,INFO-01/A,INF/01,01/B1,Informatica,,,https://openalex.org/A5075890991,Antonio Piccinno,0000-0003-1561-7073,27.0,60.0,161.0,2404.0,University of Bari Aldo Moro
Ricercatore a t.d. - t.pieno (art. 24 c.3-a L. 240/10),PICCOLI Flavio,PICCOLI Flavio,PICCOLI,Piccoli,Flavio,M,MILANO-BICOCCA,,01/INFO-01,INFO-01/A,INF/01,01/B1,"INFORMATICA, SISTEMISTICA E COMUNICAZIONE",,,https://openalex.org/A5066752349,Flavio Piccoli,0000-0001-7432-4284,12.0,14.0,39.0,657.0,University of Milano-Bicocca
Ricercatore a t.d. - t.pieno (art. 24 c.3-a L. 240/10),PICCOLO Sebastiano Antonio,PICCOLO Sebastiano Antonio,PICCOLO,Piccolo,Sebastiano Antonio,M,della CALABRIA,,01/INFO-01,INFO-01/A,INF/01,01/B1,MATEMATICA E INFORMATICA - DEMACS,,,https://openalex.org/A5076008639,Sebastiano Piccolo,0000-0002-6986-3344,9.0,9.0,33.0,255.0,University of Copenhagen
Associato,PICIARELLI Claudio,PICIARELLI Claudio,PICIARELLI,Piciarelli,Claudio,M,UDINE,,01/INFO-01,INFO-01/A,INF/01,01/B1,"Scienze Matematiche, Informatiche e Fisiche",,,https://openalex.org/A5004078798,Claudio Piciarelli,0000-0001-5305-1520,24.0,42.0,90.0,2282.0,University of Udine
Ordinario,PIERANTONIO Alfonso,PIERANTONIO Alfonso,PIERANTONIO,Pierantonio,Alfonso,M,L'AQUILA,,01/INFO-01,INFO-01/A,INF/01,01/B1,Ingegneria e scienze dell'informazione e matematica,,,https://openalex.org/A5081084005,Alfonso Pierantonio,0000-0002-5231-3952,33.0,84.0,250.0,3842.0,University of L'Aquila
Ordinario,PIETRACAPRINA Andrea Alberto,PIETRACAPRINA Andrea Alberto,PIETRACAPRINA,Pietracaprina,Andrea Alberto,M,PADOVA,,01/INFO-01,INFO-01/A,INF/01,01/B1,INGEGNERIA DELL'INFORMAZIONE - DEI,,,https://openalex.org/A5036587129,Andrea Pietracaprina,0000-0002-9189-9618,19.0,36.0,202.0,1318.0,University of Padua
Ordinario,PIGHIZZINI Giovanni,PIGHIZZINI Giovanni,PIGHIZZINI,Pighizzini,Giovanni,M,MILANO,,01/INFO-01,INFO-01/A,INF/01,01/B1,Informatica 'Giovanni Degli Antoni',,,https://openalex.org/A5029400752,Giovanni Pighizzini,0000-0002-7509-7842,19.0,35.0,165.0,1415.0,University of Milan
Associato,PINELLI Fabio,PINELLI Fabio,PINELLI,Pinelli,Fabio,M,Scuola IMT Alti Studi LUCCA,Altre Strutture,01/INFO-01,INFO-01/A,INF/01,01/B1,COMPUTER SCIENCE AND APPLICATIONS,,,https://openalex.org/A5036237095,Fabio Pinelli,0000-0003-1058-6917,17.0,30.0,69.0,2994.0,IMT School for Advanced Studies Lucca
Ricercatore a t.d. - t.pieno (art. 24 c.3-a L. 240/10),PINNA Andrea,PINNA Andrea,PINNA,Pinna,Andrea,M,CAGLIARI,,01/INFO-01,INFO-01/A,INF/01,01/B1,MATEMATICA E INFORMATICA,,,https://openalex.org/A5043520448,Andrea Pinna,0000-0002-7530-0521,19.0,27.0,88.0,2133.0,University of Cagliari
Associato confermato,PINNA Giovanni Michele,PINNA Giovanni Michele,PINNA,Pinna,Giovanni Michele,M,CAGLIARI,,01/INFO-01,INFO-01/A,INF/01,01/B1,Matematica e Informatica,,,https://openalex.org/A5032075589,G. Pinna,0000-0001-8911-1580,32.0,85.0,223.0,3786.0,King's College London
Ordinario,PINOTTI Maria Cristina,PINOTTI Maria Cristina,PINOTTI,Pinotti,Maria Cristina,F,PERUGIA,,01/INFO-01,INFO-01/A,INF/01,01/B1,MATEMATICA E INFORMATICA,,,https://openalex.org/A5066308534,Cristina M. Pinotti,0000-0002-8674-868X,22.0,59.0,226.0,1892.0,University of Perugia
Associato,PIO Gianvito,PIO Gianvito,PIO,Pio,Gianvito,M,BARI,,01/INFO-01,INFO-01/A,INF/01,01/B1,Informatica,,,https://openalex.org/A5059781945,Gianvito Pio,0000-0003-2520-3616,18.0,26.0,82.0,965.0,University of Bari Aldo Moro
Ricercatore a t.d. - t.pieno (art. 24 c.3-b L. 240/10),PIOVESAN Luca,PIOVESAN Luca,PIOVESAN,Piovesan,Luca,M,PIEMONTE ORIENTALE,,01/INFO-01,INFO-01/A,INF/01,01/B1,SCIENZE E INNOVAZIONE TECNOLOGICA (DISIT),,,https://openalex.org/A5030137665,Luca Piovesan,0000-0002-5923-5061,10.0,10.0,54.0,316.0,Università degli Studi del Piemonte Orientale “Amedeo Avogadro”
Associato confermato,PIPERNO Adolfo,PIPERNO Adolfo,PIPERNO,Piperno,Adolfo,M,"ROMA ""La Sapienza""",,01/INFO-01,INFO-01/A,INF/01,01/B1,Informatica,,,https://openalex.org/A5077196285,Adolfo Piperno,,12.0,17.0,42.0,2138.0,Sapienza University of Rome
Associato,PIROLA Yuri,PIROLA Yuri,PIROLA,Pirola,Yuri,M,MILANO-BICOCCA,,01/INFO-01,INFO-01/A,INF/01,01/B1,"INFORMATICA, SISTEMISTICA E COMUNICAZIONE",,,https://openalex.org/A5079127373,Yuri Pirola,0000-0002-8479-7592,14.0,22.0,74.0,729.0,University of Milano-Bicocca
Associato,PIRRO' Giuseppe,PIRRÒ Giuseppe,PIRRÒ,Pirrò,Giuseppe,M,della CALABRIA,,01/INFO-01,INFO-01/A,INF/01,01/B1,Matematica e Informatica - DeMaCS,,,https://openalex.org/A5086627069,Giuseppe Pirró,0000-0002-7499-5798,19.0,31.0,113.0,1481.0,University of Calabria
Associato,PISANTI Nadia,PISANTI Nadia,PISANTI,Pisanti,Nadia,F,PISA,,01/INFO-01,INFO-01/A,INF/01,01/B1,INFORMATICA,,,https://openalex.org/A5081785647,Nadia Pisanti,0000-0003-3915-7665,19.0,35.0,138.0,2274.0,University of Pisa
Ricercatore a t.d. - t.pieno (art. 24 c.3-a L. 240/10),PISTELLATO Mara,PISTELLATO Mara,PISTELLATO,Pistellato,Mara,F,"""Ca' Foscari"" VENEZIA",,01/INFO-01,INFO-01/A,INF/01,01/B1,"SCIENZE AMBIENTALI, INFORMATICA E STATISTICA",,,https://openalex.org/A5003153967,Mara Pistellato,0000-0001-6273-290X,8.0,6.0,30.0,145.0,Ca' Foscari University of Venice
Ricercatore a t.d. - t.pieno (art. 24 c.3-a L. 240/10),PITONI Valentina,PITONI Valentina,PITONI,Pitoni,Valentina,F,L'AQUILA,,01/INFO-01,INFO-01/A,INF/01,01/B1,INGEGNERIA E SCIENZE DELL'INFORMAZIONE E MATEMATICA,,,https://openalex.org/A5022525755,Valentina Pitoni,0000-0002-4245-4073,3.0,0.0,21.0,35.0,University of L'Aquila
Associato,PITTARELLO Fabio,PITTARELLO Fabio,PITTARELLO,Pittarello,Fabio,M,"""Ca' Foscari"" VENEZIA",,01/INFO-01,INFO-01/A,INF/01,01/B1,"Scienze Ambientali, Informatica e Statistica",,,https://openalex.org/A5019615414,Fabio Pittarello,0000-0003-2825-9754,13.0,19.0,130.0,806.0,Ca' Foscari University of Venice
Associato,PLACIDI Giuseppe,PLACIDI Giuseppe,PLACIDI,Placidi,Giuseppe,M,L'AQUILA,,01/INFO-01,INFO-01/A,INF/01,01/B1,"Medicina clinica, sanità pubblica, scienze della vita e dell'ambiente",,,https://openalex.org/A5037825805,Giuseppe Placidi,0000-0002-4790-4029,25.0,51.0,153.0,2253.0,University of L'Aquila
Ricercatore,PLANTAMURA Paola,PLANTAMURA Paola,PLANTAMURA,Plantamura,Paola,F,BARI,,01/INFO-01,INFO-01/A,INF/01,01/B1,Informatica,,,https://openalex.org/A5072212214,Paola Plantamura,0000-0001-6172-9557,6.0,5.0,26.0,159.0,University of Bari Aldo Moro
Ricercatore a t.d. - t.pieno (art. 24 c.3-a L. 240/10),PODDA Alessandro Sebastian,PODDA Alessandro Sebastian,PODDA,Podda,Alessandro Sebastian,M,CAGLIARI,,01/INFO-01,INFO-01/A,INF/01,01/B1,MATEMATICA E INFORMATICA,,,https://openalex.org/A5033462784,Alessandro Sebastian Podda,0000-0002-7862-8362,16.0,23.0,67.0,1078.0,University of Cagliari
Ricercatore a t.d. - t.pieno (art. 24 c.3-a L. 240/10),PODDA Marco,PODDA Marco,PODDA,Podda,Marco,M,PISA,,01/INFO-01,INFO-01/A,INF/01,01/B1,INFORMATICA,,,https://openalex.org/A5050701989,Gian Marco Podda,0000-0002-1791-8905,24.0,49.0,133.0,2055.0,Ospedale San Paolo
Ricercatore a t.d. - t.pieno (art. 24 c.3-a L. 240/10),POLAK Adam Teodor,POLAK Adam Teodor,POLAK,Polak,Adam Teodor,M,Bocconi MILANO,Economia,01/INFO-01,INFO-01/A,INF/01,01/B1,SCIENZE DELLA COMPUTAZIONE - DEPARTMENT OF COMPUTING SCIENCES (DCS),,,,,,,,,,
Ricercatore a t.d. - t.pieno (art. 24 c.3-a L. 240/10),POLATO Mirko,POLATO Mirko,POLATO,Polato,Mirko,M,TORINO,,01/INFO-01,INFO-01/A,INF/01,01/B1,INFORMATICA,,,https://openalex.org/A5009738158,Mirko Polato,0000-0003-4890-5020,14.0,19.0,73.0,843.0,University of Turin
Ordinario,POLESE Giuseppe,POLESE Giuseppe,POLESE,Polese,Giuseppe,M,SALERNO,,01/INFO-01,INFO-01/A,INF/01,01/B1,Informatica,,,https://openalex.org/A5041872893,Giuseppe Polese,0000-0002-8496-2658,23.0,44.0,146.0,1536.0,University of Salerno
Ordinario,POLICRITI Alberto,POLICRITI Alberto,POLICRITI,Policriti,Alberto,M,UDINE,,01/INFO-01,INFO-01/A,INF/01,01/B1,"Scienze Matematiche, Informatiche e Fisiche",,,https://openalex.org/A5042115100,Alberto Policriti,0000-0001-8502-5896,31.0,82.0,262.0,8268.0,University of Udine
Ricercatore a t.d. - t.pieno (art. 24 c.3-a L. 240/10),POLIGNANO Marco,POLIGNANO Marco,POLIGNANO,Polignano,Marco,M,BARI,,01/INFO-01,INFO-01/A,INF/01,01/B1,INFORMATICA,,,https://openalex.org/A5014793020,Marco Polignano,0000-0002-3939-0136,15.0,23.0,88.0,924.0,University of Bari Aldo Moro
Ordinario,POLINI Andrea,POLINI Andrea,POLINI,Polini,Andrea,M,CAMERINO,,01/INFO-01,INFO-01/A,INF/01,01/B1,SCUOLA DI SCIENZE E TECNOLOGIE,,,https://openalex.org/A5016180635,Andrea Polini,0000-0002-2840-7561,26.0,63.0,194.0,2291.0,Università di Camerino
Ricercatore a t.d. - t.pieno (art. 24 c.3-a L. 240/10),POLLACCI Laura,POLLACCI Laura,POLLACCI,Pollacci,Laura,F,PISA,,01/INFO-01,INFO-01/A,INF/01,01/B1,INFORMATICA,,,https://openalex.org/A5033722315,Laura Pollacci,0000-0001-9914-1943,4.0,4.0,26.0,179.0,University of Pisa
Ricercatore a t.d. - t.pieno (art. 24 c.3-a L. 240/10),POLSINELLI Matteo,POLSINELLI Matteo,POLSINELLI,Polsinelli,Matteo,M,SALERNO,,01/INFO-01,INFO-01/A,INF/01,01/B1,SCIENZE AZIENDALI - MANAGEMENT & INNOVATION SYSTEMS,,,https://openalex.org/A5003946769,Matteo Polsinelli,0000-0002-4215-2630,9.0,9.0,51.0,616.0,University of Salerno
Associato confermato,POMELLO CHINAGLIA POMELLO Lucia,POMELLO CHINAGLIA POMELLO Lucia,POMELLO CHINAGLIA POMELLO,Pomello Chinaglia Pomello,Lucia,F,MILANO-BICOCCA,,01/INFO-01,INFO-01/A,INF/01,01/B1,"INFORMATICA, SISTEMISTICA E COMUNICAZIONE",,,https://openalex.org/A5039309155,Lucia Pomello,0000-0001-5651-915X,13.0,18.0,82.0,750.0,University of Milano-Bicocca
Ricercatore a t.d. - t.pieno (art. 24 c.3-a L. 240/10),POMPIANU Livio,POMPIANU Livio,POMPIANU,Pompianu,Livio,M,CAGLIARI,,01/INFO-01,INFO-01/A,INF/01,01/B1,MATEMATICA E INFORMATICA,,,https://openalex.org/A5019584956,Livio Pompianu,0000-0003-3745-4324,12.0,15.0,48.0,993.0,University of Cagliari
Associato,PONTARELLI Salvatore,PONTARELLI Salvatore,PONTARELLI,Pontarelli,Salvatore,M,"ROMA ""La Sapienza""",,01/INFO-01,INFO-01/A,INF/01,01/B1,Informatica,,,https://openalex.org/A5010562631,Salvatore Pontarelli,0000-0002-3626-6404,28.0,75.0,209.0,2600.0,Sapienza University of Rome
Ordinario,PORTINALE Luigi,PORTINALE Luigi,PORTINALE,Portinale,Luigi,M,PIEMONTE ORIENTALE,,01/INFO-01,INFO-01/A,INF/01,01/B1,Scienze e Innovazione Tecnologica (DISIT),,,https://openalex.org/A5032023872,Luigi Portinale,0000-0002-6053-4667,27.0,56.0,153.0,3534.0,Università degli Studi del Piemonte Orientale “Amedeo Avogadro”
Associato,POSENATO Roberto,POSENATO Roberto,POSENATO,Posenato,Roberto,M,VERONA,,01/INFO-01,INFO-01/A,INF/01,01/B1,Informatica,,,https://openalex.org/A5090334614,Roberto Posenato,0000-0003-0944-0419,15.0,28.0,74.0,747.0,University of Verona
Associato confermato,POSTIGLIONE Alberto,POSTIGLIONE Alberto,POSTIGLIONE,Postiglione,Alberto,M,SALERNO,,01/INFO-01,INFO-01/A,INF/01,01/B1,Scienze Aziendali - Management & Innovation Systems,,,https://openalex.org/A5029125030,A. Postiglione,0000-0001-6411-6529,25.0,48.0,148.0,2834.0,University of Salerno
Ordinario,POZZATO Gian Luca,POZZATO Gian Luca,POZZATO,Pozzato,Gian Luca,M,TORINO,,01/INFO-01,INFO-01/A,INF/01,01/B1,Informatica,,,https://openalex.org/A5017785610,Gian Luca Pozzato,0000-0002-3952-4624,19.0,39.0,141.0,1387.0,University of Turin
Associato,PRANDI Catia,PRANDI Catia,PRANDI,Prandi,Catia,F,BOLOGNA,,01/INFO-01,INFO-01/A,INF/01,01/B1,Informatica - Scienza e Ingegneria,,,https://openalex.org/A5055346443,Catia Prandi,0000-0002-5566-2269,26.0,64.0,170.0,2214.0,University of Bologna
Associato,PRENCIPE Giuseppe,PRENCIPE Giuseppe,PRENCIPE,Prencipe,Giuseppe,M,PISA,,01/INFO-01,INFO-01/A,INF/01,01/B1,INFORMATICA,,,https://openalex.org/A5031863470,Giuseppe Prencipe,0000-0001-5646-7388,31.0,52.0,135.0,4079.0,University of Pisa
Ricercatore a t.d. - t.pieno (art. 24 c.3-a L. 240/10),PRESTI Giorgio,PRESTI Giorgio,PRESTI,Presti,Giorgio,M,MILANO,,01/INFO-01,INFO-01/A,INF/01,01/B1,INFORMATICA 'GIOVANNI DEGLI ANTONI',,,https://openalex.org/A5088990428,Giorgio Presti,0000-0001-7643-9915,8.0,7.0,61.0,257.0,University of Milan
Associato,PRESUTTI Valentina,PRESUTTI Valentina,PRESUTTI,Presutti,Valentina,F,BOLOGNA,,01/INFO-01,INFO-01/A,INF/01,01/B1,"Lingue, Letterature e Culture moderne",,,https://openalex.org/A5007281490,Valentina Presutti,0000-0002-9380-5160,35.0,79.0,269.0,4004.0,University of Bologna
Ricercatore a t.d. - t.pieno (art. 24 c.3-a L. 240/10),PRETTO Niccolo,PRETTO Niccolo,PRETTO,Pretto,Niccolo,M,Libera Università di BOLZANO,Ingegneria,01/INFO-01,INFO-01/A,INF/01,01/B1,Non disponibile,,,https://openalex.org/A5058041556,Niccolò Pretto,0000-0002-3742-7150,7.0,4.0,43.0,132.0,Free University of Bozen-Bolzano
Associato,PREVETE Roberto,PREVETE Roberto,PREVETE,Prevete,Roberto,M,Napoli Federico II,,01/INFO-01,INFO-01/A,INF/01,01/B1,Ingegneria Elettrica e delle Tecnologie dell'Informazione,,,https://openalex.org/A5059881379,Roberto Prevete,0000-0002-3804-1719,19.0,36.0,120.0,1617.0,University of Naples Federico II
Associato confermato,PREZZA Nicola,PREZZA Nicola,PREZZA,Prezza,Nicola,M,"""Ca' Foscari"" VENEZIA",,01/INFO-01,INFO-01/A,INF/01,01/B1,"Scienze Ambientali, Informatica e Statistica",,,https://openalex.org/A5007324430,Nicola Prezza,0000-0003-3553-4953,19.0,30.0,153.0,1164.0,Ca' Foscari University of Venice
Ordinario,PRIAMI Corrado,PRIAMI Corrado,PRIAMI,Priami,Corrado,M,PISA,,01/INFO-01,INFO-01/A,INF/01,01/B1,INFORMATICA,,,https://openalex.org/A5028775661,Corrado Priami,0000-0002-3261-6235,33.0,126.0,355.0,4892.0,University of Pisa
Ordinario,PROIETTI Guido,PROIETTI Guido,PROIETTI,Proietti,Guido,M,L'AQUILA,,01/INFO-01,INFO-01/A,INF/01,01/B1,Ingegneria e scienze dell'informazione e matematica,,,https://openalex.org/A5087770784,Guido Proietti,0000-0003-1009-5552,19.0,48.0,184.0,1512.0,Istituto di Analisi dei Sistemi ed Informatica Antonio Ruberti
Associato,PROVETTI Alessandro,PROVETTI Alessandro,PROVETTI,Provetti,Alessandro,M,MILANO,,01/INFO-01,INFO-01/A,INF/01,01/B1,Scienze sociali e politiche,,,https://openalex.org/A5081508670,Alessandro Provetti,0000-0001-9542-4110,16.0,23.0,102.0,1653.0,"Birkbeck, University of London"
Ordinario,PUCCI Geppino,PUCCI Geppino,PUCCI,Pucci,Geppino,M,PADOVA,,01/INFO-01,INFO-01/A,INF/01,01/B1,INGEGNERIA DELL'INFORMAZIONE - DEI,,,https://openalex.org/A5048624224,Geppino Pucci,0000-0001-9189-6938,19.0,39.0,156.0,1818.0,University of Padua
Ordinario,PUGLIESE Rosario,PUGLIESE Rosario,PUGLIESE,Pugliese,Rosario,M,FIRENZE,,01/INFO-01,INFO-01/A,INF/01,01/B1,"Statistica, Informatica e Applicazioni 'G.Parenti' (DISIA)",,,https://openalex.org/A5066761763,Rosario Pugliese,0000-0002-1419-1405,30.0,73.0,146.0,3229.0,University of Florence
Associato,PUGLISI Giovanni,PUGLISI Giovanni,PUGLISI,Puglisi,Giovanni,M,CAGLIARI,,01/INFO-01,INFO-01/A,INF/01,01/B1,Matematica e Informatica,,,https://openalex.org/A5101708842,Giovanni Puglisi,0000-0002-3870-1502,54.0,173.0,279.0,9362.0,University of Catania
Ordinario,PULINA Luca,PULINA Luca,PULINA,Pulina,Luca,M,SASSARI,,01/INFO-01,INFO-01/A,INF/01,01/B1,Scienze Umanistiche e Sociali,,,https://openalex.org/A5004587018,Luca Pulina,0000-0003-0258-3222,18.0,33.0,122.0,1558.0,University of Sassari
Ordinario,PULVIRENTI Alfredo,PULVIRENTI Alfredo,PULVIRENTI,Pulvirenti,Alfredo,M,CATANIA,,01/INFO-01,INFO-01/A,INF/01,01/B1,MEDICINA CLINICA E SPERIMENTALE,,,https://openalex.org/A5057481978,Alfredo Pulvirenti,0000-0002-9764-0295,58.0,153.0,374.0,15364.0,University of Catania
Ricercatore a t.d. - t.pieno (art. 24 c.3-a L. 240/10),PUNZI Giulia,PUNZI Giulia,PUNZI,Punzi,Giulia,F,PISA,,01/INFO-01,INFO-01/A,INF/01,01/B1,INFORMATICA,,,https://openalex.org/A5103115466,Giulia Punzi,0000-0001-8738-1595,4.0,0.0,21.0,34.0,University of Pisa
Associato,PUPPIS Gabriele,PUPPIS Gabriele,PUPPIS,Puppis,Gabriele,M,UDINE,,01/INFO-01,INFO-01/A,INF/01,01/B1,"Scienze Matematiche, Informatiche e Fisiche",,,https://openalex.org/A5105824253,Gabriele Puppis,0000-0001-9831-3264,12.0,20.0,90.0,539.0,University of Udine
Ordinario,PUPPO Enrico,PUPPO Enrico,PUPPO,Puppo,Enrico,M,GENOVA,,01/INFO-01,INFO-01/A,INF/01,01/B1,"Informatica, bioingegneria,robotica e ingegneria dei sistemi (DIBRIS)",,,https://openalex.org/A5018876607,Enrico Puppo,0000-0001-9780-5283,38.0,78.0,180.0,4193.0,University of Genoa
Ricercatore a t.d. - t.pieno (art. 24 c.3-b L. 240/10),QUADRI Christian,QUADRI Christian,QUADRI,Quadri,Christian,M,MILANO,,01/INFO-01,INFO-01/A,INF/01,01/B1,INFORMATICA 'GIOVANNI DEGLI ANTONI',,,https://openalex.org/A5011198385,Christian Quadri,0000-0002-3608-8142,11.0,14.0,51.0,351.0,University of Milan
Ricercatore a t.d. - t.pieno (art. 24 c.3-a L. 240/10),QUADRINI Michela,QUADRINI Michela,QUADRINI,Quadrini,Michela,F,CAMERINO,,01/INFO-01,INFO-01/A,INF/01,01/B1,SCUOLA DI SCIENZE E TECNOLOGIE,,,https://openalex.org/A5030309728,Michela Quadrini,0000-0003-0539-0290,8.0,5.0,43.0,155.0,Università di Camerino
Associato confermato,QUAGLIA Paola,QUAGLIA Paola,QUAGLIA,Quaglia,Paola,F,TRENTO,,01/INFO-01,INFO-01/A,INF/01,01/B1,Ingegneria e Scienza dell'Informazione,,,https://openalex.org/A5026955535,Paola Quaglia,0000-0001-7127-2415,14.0,17.0,55.0,789.0,University of Trento
Ricercatore a t.d. - t.pieno (art. 24 c.3-a L. 240/10),QUARANTA Luigi,QUARANTA Luigi,QUARANTA,Quaranta,Luigi,M,BARI,,01/INFO-01,INFO-01/A,INF/01,01/B1,INFORMATICA,,,https://openalex.org/A5002259496,Luigi Quaranta,0000-0002-9221-0739,10.0,10.0,43.0,260.0,University of Bari Aldo Moro
Ordinario,QUATTROCIOCCHI Walter,QUATTROCIOCCHI Walter,QUATTROCIOCCHI,Quattrociocchi,Walter,M,"ROMA ""La Sapienza""",,01/INFO-01,INFO-01/A,INF/01,01/B1,Informatica,,,https://openalex.org/A5008291667,Walter Quattrociocchi,0000-0002-4374-9324,43.0,76.0,213.0,14309.0,Sapienza University of Rome
Associato,QUATTRONE Giovanni,QUATTRONE Giovanni,QUATTRONE,Quattrone,Giovanni,M,TORINO,,01/INFO-01,INFO-01/A,INF/01,01/B1,Informatica,,,https://openalex.org/A5074995102,Giovanni Quattrone,,21.0,32.0,84.0,1413.0,University of Turin
Associato,RADICIONI Daniele Paolo,RADICIONI Daniele Paolo,RADICIONI,Radicioni,Daniele Paolo,M,TORINO,,01/INFO-01,INFO-01/A,INF/01,01/B1,Informatica,,,https://openalex.org/A5006446756,Daniele P. Radicioni,0000-0003-0443-7720,15.0,21.0,100.0,678.0,University of Turin
Associato,RAFFAETA' Alessandra,RAFFAETÀ Alessandra,RAFFAETÀ,Raffaetà,Alessandra,F,"""Ca' Foscari"" VENEZIA",,01/INFO-01,INFO-01/A,INF/01,01/B1,"Scienze Ambientali, Informatica e Statistica",,,https://openalex.org/A5015243193,Alessandra Raffaetà,0000-0002-0295-8787,16.0,27.0,78.0,830.0,Ca' Foscari University of Venice
Associato,RAGANATO Alessandro,RAGANATO Alessandro,RAGANATO,Raganato,Alessandro,M,MILANO-BICOCCA,,01/INFO-01,INFO-01/A,INF/01,01/B1,"INFORMATICA, SISTEMISTICA E COMUNICAZIONE",,,https://openalex.org/A5053806445,Alessandro Raganato,0000-0002-7018-7515,16.0,21.0,58.0,2502.0,University of Milano-Bicocca
Associato,RAGONE Azzurra,RAGONE Azzurra,RAGONE,Ragone,Azzurra,F,BARI,,01/INFO-01,INFO-01/A,INF/01,01/B1,Informatica,,,https://openalex.org/A5038398326,Azzurra Ragone,0000-0002-3537-7663,21.0,42.0,125.0,1248.0,University of Bari Aldo Moro
Ricercatore a t.d. - t.pieno (art. 24 c.3-a L. 240/10),RAGUSA Francesco,RAGUSA Francesco,RAGUSA,Ragusa,Francesco,M,CATANIA,,01/INFO-01,INFO-01/A,INF/01,01/B1,MATEMATICA E INFORMATICA,,,https://openalex.org/A5014457455,F. Ragusa,0000-0002-4064-0489,151.0,1346.0,2109.0,118352.0,"Istituto Nazionale di Fisica Nucleare, Sezione di Milano"
Ordinario,RAIMONDI Franco,RAIMONDI Franco,RAIMONDI,Raimondi,Franco,M,Gran Sasso Science Institute,,01/INFO-01,INFO-01/A,INF/01,01/B1,Area di Informatica,,,https://openalex.org/A5009460574,Franco Raimondi,0000-0002-9508-7713,23.0,48.0,112.0,2298.0,Gran Sasso Science Institute
Associato,RAMAZZOTTI Daniele,RAMAZZOTTI Daniele,RAMAZZOTTI,Ramazzotti,Daniele,M,MILANO-BICOCCA,,01/INFO-01,INFO-01/A,INF/01,01/B1,MEDICINA E CHIRURGIA (School of Medicine and Surgery),,,https://openalex.org/A5022687646,Daniele Ramazzotti,0000-0002-6087-2666,25.0,41.0,167.0,2697.0,University of Milano-Bicocca
Ordinario,RANISE Silvio,RANISE Silvio,RANISE,Ranise,Silvio,M,TRENTO,,01/INFO-01,INFO-01/A,INF/01,01/B1,Matematica,,,https://openalex.org/A5047487115,Silvio Ranise,0000-0001-7269-9285,30.0,87.0,257.0,3083.0,Fondazione Bruno Kessler
Ordinario,RANZATO Francesco,RANZATO Francesco,RANZATO,Ranzato,Francesco,M,PADOVA,,01/INFO-01,INFO-01/A,INF/01,01/B1,"MATEMATICA ""TULLIO LEVI-CIVITA"" - DM",,,https://openalex.org/A5000629161,Francesco Ranzato,0000-0003-0159-0068,22.0,47.0,132.0,1623.0,University of Padua
Associato,RAPP Amon,RAPP Amon,RAPP,Rapp,Amon,M,TORINO,,01/INFO-01,INFO-01/A,INF/01,01/B1,Informatica,,,https://openalex.org/A5091689398,Amon Rapp,0000-0003-3855-9961,28.0,59.0,173.0,2966.0,University of Turin
Associato confermato,RAVI' Daniele,RAVÌ Daniele,RAVÌ,Ravì,Daniele,M,MESSINA,,01/INFO-01,INFO-01/A,INF/01,01/B1,"Scienze Matematiche ed Informatiche, Scienze Fisiche e Scienze della Terra",,,https://openalex.org/A5103237306,Daniele Ravì,0000-0003-0372-2677,21.0,27.0,85.0,3781.0,University of Messina
Associato,RE Barbara,RE Barbara,RE,Re,Barbara,F,CAMERINO,,01/INFO-01,INFO-01/A,INF/01,01/B1,SCUOLA DI SCIENZE E TECNOLOGIE,,,https://openalex.org/A5072737864,Barbara Re,0000-0001-5374-2364,20.0,40.0,162.0,1270.0,Università di Camerino
Associato,RE' Matteo,RÈ Matteo,RÈ,Rè,Matteo,M,MILANO,,01/INFO-01,INFO-01/A,INF/01,01/B1,Informatica 'Giovanni Degli Antoni',,,https://openalex.org/A5049315524,Matteo Ré,0000-0002-2907-2847,19.0,25.0,75.0,1724.0,University of Milan
Ricercatore a t.d. - t.pieno (art. 24 c.3-a L. 240/10),REALE Kristian,REALE Kristian,REALE,Reale,Kristian,M,della CALABRIA,,01/INFO-01,INFO-01/A,INF/01,01/B1,MATEMATICA E INFORMATICA - DEMACS,,,https://openalex.org/A5073764938,Kristian Reale,0000-0002-5988-2429,7.0,7.0,27.0,245.0,University of Calabria
Associato,REDAVID Domenico,REDAVID Domenico,REDAVID,Redavid,Domenico,M,BARI,,01/INFO-01,INFO-01/A,INF/01,01/B1,Economia e Finanza,,,https://openalex.org/A5012722671,Domenico Redavid,0000-0003-2196-7598,11.0,12.0,68.0,411.0,University of Bari Aldo Moro
Ordinario,REFORGIATO RECUPERO Diego Angelo Gaetano,REFORGIATO RECUPERO Diego Angelo Gaetano,REFORGIATO RECUPERO,Reforgiato Recupero,Diego Angelo Gaetano,M,CAGLIARI,,01/INFO-01,INFO-01/A,INF/01,01/B1,Matematica e Informatica,,,https://openalex.org/A5014673075,Diego Reforgiato Recupero,0000-0001-8646-6183,37.0,121.0,340.0,5152.0,University of Cagliari
Associato confermato,REGGIO Gianna,REGGIO Gianna,REGGIO,Reggio,Gianna,F,GENOVA,,01/INFO-01,INFO-01/A,INF/01,01/B1,"Informatica, bioingegneria,robotica e ingegneria dei sistemi (DIBRIS)",,,https://openalex.org/A5082770309,Gianna Reggio,,24.0,67.0,168.0,2088.0,University of Genoa
Associato confermato,RESCIGNO Adele Anna,RESCIGNO Adele Anna,RESCIGNO,Rescigno,Adele Anna,F,SALERNO,,01/INFO-01,INFO-01/A,INF/01,01/B1,Informatica,,,https://openalex.org/A5054224956,Adele A. Rescigno,0000-0001-9124-610X,16.0,23.0,102.0,782.0,University of Salerno
Associato confermato,RIBAUDO Marina,RIBAUDO Marina,RIBAUDO,Ribaudo,Marina,F,GENOVA,,01/INFO-01,INFO-01/A,INF/01,01/B1,"Informatica, bioingegneria,robotica e ingegneria dei sistemi (DIBRIS)",,,https://openalex.org/A5089677272,Marina Ribaudo,0000-0003-0697-2225,15.0,23.0,68.0,1045.0,Ingegneria dei Sistemi (Italy)
Associato,RIBONI Daniele,RIBONI Daniele,RIBONI,Riboni,Daniele,M,CAGLIARI,,01/INFO-01,INFO-01/A,INF/01,01/B1,Matematica e Informatica,,,https://openalex.org/A5074097123,Daniele Riboni,0000-0002-0695-2040,26.0,55.0,131.0,3590.0,University of Cagliari
Ordinario,RICCA Filippo,RICCA Filippo,RICCA,Ricca,Filippo,M,GENOVA,,01/INFO-01,INFO-01/A,INF/01,01/B1,"Informatica, bioingegneria,robotica e ingegneria dei sistemi (DIBRIS)",,,https://openalex.org/A5019306962,Filippo Ricca,0000-0002-3928-5408,39.0,119.0,229.0,5303.0,University of Genoa
Ordinario,RICCA Francesco,RICCA Francesco,RICCA,Ricca,Francesco,M,della CALABRIA,,01/INFO-01,INFO-01/A,INF/01,01/B1,Matematica e Informatica - DeMaCS,,,https://openalex.org/A5013411309,Francesco Ricca,0000-0001-8218-3178,32.0,68.0,241.0,3881.0,University of Calabria
Ordinario,RICCI Laura Emilia Maria,RICCI Laura Emilia Maria,RICCI,Ricci,Laura Emilia Maria,F,PISA,,01/INFO-01,INFO-01/A,INF/01,01/B1,INFORMATICA,,,https://openalex.org/A5015647058,Laura Ricci,0000-0002-8179-8215,29.0,106.0,355.0,4043.0,University of Pisa
Associato,RICCIARDI Stefano,RICCIARDI Stefano,RICCIARDI,Ricciardi,Stefano,M,MOLISE,,01/INFO-01,INFO-01/A,INF/01,01/B1,Bioscienze e Territorio,,,https://openalex.org/A5022728528,Stefano Ricciardi,0000-0003-2123-452X,19.0,29.0,113.0,1224.0,University of Molise
Associato,RICCIO Daniel,RICCIO Daniel,RICCIO,Riccio,Daniel,M,Napoli Federico II,,01/INFO-01,INFO-01/A,INF/01,01/B1,Ingegneria Elettrica e delle Tecnologie dell'Informazione,,,https://openalex.org/A5026226784,Daniel Riccio,0000-0002-5844-0602,29.0,58.0,151.0,4023.0,University of Naples Federico II
Ricercatore a t.d. - t.pieno (art. 24 c.3-b L. 240/10),RICCIO Vincenzo,RICCIO Vincenzo,RICCIO,Riccio,Vincenzo,M,UDINE,,01/INFO-01,INFO-01/A,INF/01,01/B1,"SCIENZE MATEMATICHE, INFORMATICHE E FISICHE",,,https://openalex.org/A5084639710,Vincenzo Riccio,0000-0002-6229-8231,17.0,25.0,62.0,1532.0,University of Udine
Ordinario,RICCOBENE Elvinia Maria,RICCOBENE Elvinia Maria,RICCOBENE,Riccobene,Elvinia Maria,F,MILANO,,01/INFO-01,INFO-01/A,INF/01,01/B1,Informatica 'Giovanni Degli Antoni',,,,,,,,,,
Associato confermato,RICCOBENE Salvatore Antonio,RICCOBENE Salvatore Antonio,RICCOBENE,Riccobene,Salvatore Antonio,M,CATANIA,,01/INFO-01,INFO-01/A,INF/01,01/B1,Matematica e Informatica,,,,,,,,,,
Ordinario,RIGUZZI Fabrizio,RIGUZZI Fabrizio,RIGUZZI,Riguzzi,Fabrizio,M,FERRARA,,01/INFO-01,INFO-01/A,INF/01,01/B1,Matematica e informatica,,,https://openalex.org/A5086909487,Fabrizio Riguzzi,0000-0003-1654-9703,26.0,75.0,287.0,2285.0,University of Ferrara
Ordinario,RINALDI Simone,RINALDI Simone,RINALDI,Rinaldi,Simone,M,SIENA,,01/INFO-01,INFO-01/A,INF/01,01/B1,Ingegneria dell’Informazione e Scienze Matematiche,,,https://openalex.org/A5048136454,Simone Rinaldi,,14.0,17.0,29.0,1550.0,Massachusetts General Hospital
Associato,RIPAMONTI Laura Anna,RIPAMONTI Laura Anna,RIPAMONTI,Ripamonti,Laura Anna,F,MILANO,,01/INFO-01,INFO-01/A,INF/01,01/B1,Informatica 'Giovanni Degli Antoni',,,https://openalex.org/A5029761033,Laura Anna Ripamonti,,12.0,19.0,125.0,583.0,University of Milan
Ricercatore a t.d. - t.pieno (art. 24 c.3-b L. 240/10),RIVOLTA Massimo Walter,RIVOLTA Massimo Walter,RIVOLTA,Rivolta,Massimo Walter,M,MILANO,,01/INFO-01,INFO-01/A,INF/01,01/B1,INFORMATICA 'GIOVANNI DEGLI ANTONI',,,https://openalex.org/A5054009456,Massimo W. Rivolta,0000-0002-8553-2414,17.0,25.0,106.0,1801.0,University of Milan
Associato,RIZZI Raffaella,RIZZI Raffaella,RIZZI,Rizzi,Raffaella,F,MILANO-BICOCCA,,01/INFO-01,INFO-01/A,INF/01,01/B1,"INFORMATICA, SISTEMISTICA E COMUNICAZIONE",,,https://openalex.org/A5086249420,Raffaella Rizzi,0000-0001-9730-7516,14.0,19.0,62.0,618.0,University of Milano-Bicocca
Associato,RIZZO Gianluca,RIZZO Gianluca,RIZZO,Rizzo,Gianluca,M,TORINO,,01/INFO-01,INFO-01/A,ING-INF/05,09/H1,Informatica,,,https://openalex.org/A5064053356,Gianluca Rizzo,0000-0002-5540-0621,27.0,41.0,98.0,2591.0,Università Cattolica del Sacro Cuore
Ordinario,ROCCETTI Marco,ROCCETTI Marco,ROCCETTI,Roccetti,Marco,M,BOLOGNA,,01/INFO-01,INFO-01/A,INF/01,01/B1,Informatica - Scienza e Ingegneria,,,https://openalex.org/A5025338247,Marco Roccetti,0000-0003-1264-8595,34.0,110.0,342.0,3772.0,University of Bologna
Ordinario,ROCCHESSO Davide,ROCCHESSO Davide,ROCCHESSO,Rocchesso,Davide,M,MILANO,,01/INFO-01,INFO-01/A,INF/01,01/B1,Informatica 'Giovanni Degli Antoni',,,https://openalex.org/A5079160098,Davide Rocchesso,0000-0002-0849-7766,29.0,65.0,212.0,3457.0,University of Milan
Ordinario,RODOLA' Emanuele,RODOLÀ Emanuele,RODOLÀ,Rodolà,Emanuele,M,"ROMA ""La Sapienza""",,01/INFO-01,INFO-01/A,INF/01,01/B1,Informatica,,,https://openalex.org/A5087051832,Emanuele Rodolà,0000-0003-0091-7241,39.0,79.0,229.0,7471.0,Sapienza University of Rome
Associato,ROMANO Marco,ROMANO Marco,ROMANO,Romano,Marco,M,Univ. Studi Internazionali di ROMA (UNINT),,01/INFO-01,INFO-01/A,INF/01,01/B1,Scienze Umanistiche e Sociali Internazionali,,,https://openalex.org/A5045864473,Marco Romano,0000-0002-3271-349X,54.0,185.0,421.0,9299.0,"University of Campania ""Luigi Vanvitelli"""
Ordinario,ROMBO Simona Ester,ROMBO Simona Ester,ROMBO,Rombo,Simona Ester,F,PALERMO,,01/INFO-01,INFO-01/A,INF/01,01/B1,Matematica e Informatica,,,https://openalex.org/A5047319643,Simona E. Rombo,0000-0003-3833-835X,17.0,23.0,99.0,822.0,University of Palermo
Associato,RONGO Rocco,RONGO Rocco,RONGO,Rongo,Rocco,M,della CALABRIA,,01/INFO-01,INFO-01/A,INF/01,01/B1,Matematica e Informatica - DeMaCS,,,https://openalex.org/A5089245215,Rocco Rongo,0000-0003-4158-4375,21.0,37.0,107.0,1304.0,University of Calabria
Ricercatore a t.d. - t.pieno (art. 24 c.3-a L. 240/10),ROSANI Andrea,ROSANI Andrea,ROSANI,Rosani,Andrea,M,Libera Università di BOLZANO,Ingegneria,01/INFO-01,INFO-01/A,INF/01,01/B1,Non disponibile,,,https://openalex.org/A5109036666,Andrea Rosani,0009-0008-2622-6776,5.0,3.0,24.0,120.0,University of Trento
Ordinario,ROSASCO Lorenzo,ROSASCO Lorenzo,ROSASCO,Rosasco,Lorenzo,M,GENOVA,,01/INFO-01,INFO-01/A,INF/01,01/B1,"Informatica, bioingegneria,robotica e ingegneria dei sistemi (DIBRIS)",,,https://openalex.org/A5061220999,Lorenzo Rosasco,0000-0003-3098-383X,44.0,152.0,405.0,10534.0,University of Genoa
Ordinario,ROSEN Alon,ROSEN Alon,ROSEN,Rosen,Alon,M,Bocconi MILANO,Economia,01/INFO-01,INFO-01/A,INF/01,01/B1,SCIENZE DELLA COMPUTAZIONE - DEPARTMENT OF COMPUTING SCIENCES (DCS),,,https://openalex.org/A5051186002,Alon Rosen,0000-0002-3021-7150,42.0,109.0,252.0,5779.0,Bocconi University
Associato,ROSONE Giovanna,ROSONE Giovanna,ROSONE,Rosone,Giovanna,F,PISA,,01/INFO-01,INFO-01/A,INF/01,01/B1,INFORMATICA,,,https://openalex.org/A5003859151,Giovanna Rosone,0000-0001-5075-1214,17.0,27.0,85.0,1063.0,University of Pisa
Associato,ROSPOCHER Marco,ROSPOCHER Marco,ROSPOCHER,Rospocher,Marco,M,VERONA,,01/INFO-01,INFO-01/A,INF/01,01/B1,Lingue e letterature straniere,,,https://openalex.org/A5043305308,Marco Rospocher,0000-0001-9391-3201,21.0,46.0,139.0,1658.0,University of Verona
Associato,ROSSANO Veronica,ROSSANO Veronica,ROSSANO,Rossano,Veronica,F,BARI,,01/INFO-01,INFO-01/A,INF/01,01/B1,Informatica,,,https://openalex.org/A5062791221,Veronica Rossano,0000-0002-4079-9641,16.0,28.0,118.0,1416.0,University of Bari Aldo Moro
Ricercatore a t.d. - t.pieno (art. 24 c.3-a L. 240/10),ROSSI Alessandra,ROSSI Alessandra,ROSSI,Rossi,Alessandra,F,Napoli Federico II,,01/INFO-01,INFO-01/A,INF/01,01/B1,INGEGNERIA ELETTRICA E DELLE TECNOLOGIE DELL'INFORMAZIONE,,,https://openalex.org/A5090974373,Anita De Rossi,0000-0001-6435-7509,54.0,197.0,397.0,9403.0,University of Padua
Associato,ROSSI Davide,ROSSI Davide,ROSSI,Rossi,Davide,M,BOLOGNA,,01/INFO-01,INFO-01/A,INF/01,01/B1,Informatica - Scienza e Ingegneria,,,https://openalex.org/A5015790909,Davide Rossi,0000-0002-2837-1597,82.0,348.0,1093.0,27952.0,Institute of Oncology Research
Ricercatore,ROSSI Gianluca,ROSSI Gianluca,ROSSI,Rossi,Gianluca,M,"ROMA ""Tor Vergata""",,01/INFO-01,INFO-01/A,INF/01,01/B1,"Ingegneria dell'Impresa ""Mario Lucertini""",,,https://openalex.org/A5062564113,Gianluca Del Rossi,0000-0002-6440-8203,23.0,43.0,105.0,1710.0,Creighton University
Ricercatore a t.d. - t.pieno (art. 24 c.3-a L. 240/10),ROSSI Lorenzo,ROSSI Lorenzo,ROSSI,Rossi,Lorenzo,M,CAMERINO,,01/INFO-01,INFO-01/A,INF/01,01/B1,SCUOLA DI SCIENZE E TECNOLOGIE,,,https://openalex.org/A5060140595,Marco Rossi,0000-0002-7258-475X,45.0,107.0,236.0,6863.0,Istituto Clinico Sant'Ambrogio
Ordinario,ROSSI Sabina,ROSSI Sabina,ROSSI,Rossi,Sabina,F,"""Ca' Foscari"" VENEZIA",,01/INFO-01,INFO-01/A,INF/01,01/B1,"Scienze Ambientali, Informatica e Statistica",,,https://openalex.org/A5015760641,Sabina Rossi,0000-0002-1189-4439,19.0,38.0,154.0,1161.0,Ca' Foscari University of Venice
Ordinario,ROSSI Silvia,ROSSI Silvia,ROSSI,Rossi,Silvia,F,Napoli Federico II,,01/INFO-01,INFO-01/A,INF/01,01/B1,Ingegneria Elettrica e delle Tecnologie dell'Informazione,,,https://openalex.org/A5038221114,Silvia Rossi,0000-0001-9511-3857,54.0,171.0,319.0,8709.0,University of Pavia
Associato confermato,ROVERSI Luca,ROVERSI Luca,ROVERSI,Roversi,Luca,M,TORINO,,01/INFO-01,INFO-01/A,INF/01,01/B1,Informatica,,,https://openalex.org/A5070875628,Luca Roversi,0000-0002-1871-6109,12.0,14.0,71.0,537.0,University of Turin
Associato,ROVETTA Stefano,ROVETTA Stefano,ROVETTA,Rovetta,Stefano,M,GENOVA,,01/INFO-01,INFO-01/A,INF/01,01/B1,"Informatica, bioingegneria,robotica e ingegneria dei sistemi (DIBRIS)",,,https://openalex.org/A5042789365,Stefano Rovetta,0000-0003-3865-2613,23.0,57.0,193.0,2766.0,University of Genoa
Ordinario,RUFFO Giancarlo,RUFFO Giancarlo,RUFFO,Ruffo,Giancarlo,M,PIEMONTE ORIENTALE,,01/INFO-01,INFO-01/A,INF/01,01/B1,Scienze e Innovazione Tecnologica (DISIT),,,https://openalex.org/A5001467582,Giancarlo Ruffo,0000-0002-3407-9234,25.0,48.0,138.0,2073.0,Università degli Studi del Piemonte Orientale “Amedeo Avogadro”
Ricercatore a t.d. - t.pieno (art. 24 c.3-a L. 240/10),RUGGERI Armando,RUGGERI Armando,RUGGERI,Ruggeri,Armando,M,MESSINA,,01/INFO-01,INFO-01/A,INF/01,01/B1,"SCIENZE MATEMATICHE ED INFORMATICHE, SCIENZE FISICHE E SCIENZE DELLA TERRA",,,https://openalex.org/A5019853808,Armando Ruggeri,0000-0001-9300-2731,7.0,5.0,23.0,207.0,University of Messina
Ordinario,RUGGIERI Salvatore,RUGGIERI Salvatore,RUGGIERI,Ruggieri,Salvatore,M,PISA,,01/INFO-01,INFO-01/A,INF/01,01/B1,INFORMATICA,,,https://openalex.org/A5071524745,Salvatore Ruggieri,0000-0002-1917-6087,31.0,76.0,220.0,9747.0,University of Pisa
Ricercatore a t.d. - t.pieno (art. 24 c.3-b L. 240/10),RUNDO Francesco,RUNDO Francesco,RUNDO,Rundo,Francesco,M,CATANIA,,01/INFO-01,INFO-01/A,,,MATEMATICA E INFORMATICA,,,https://openalex.org/A5036892535,Francesco Rundo,0000-0003-1766-3065,25.0,39.0,141.0,1881.0,STMicroelectronics (Italy)
Ordinario,RUSSO Barbara,RUSSO Barbara,RUSSO,Russo,Barbara,F,Libera Università di BOLZANO,Ingegneria,01/INFO-01,INFO-01/A,INF/01,01/B1,FACOLTA' DI INGEGNERIA,,,https://openalex.org/A5014354355,Barbara Russo,0000-0003-3737-9264,28.0,55.0,235.0,2574.0,Free University of Bozen-Bolzano
Ricercatore a t.d. - t.pieno (art. 24 c.3-b L. 240/10),RUSSO Giulia,RUSSO Giulia,RUSSO,Russo,Giulia,F,CATANIA,,01/INFO-01,INFO-01/A,,,SCIENZE DEL FARMACO E DELLA SALUTE,,,https://openalex.org/A5004880055,Giulia Russo,0000-0001-6616-7856,28.0,60.0,239.0,2667.0,University of Catania
Ordinario,RUSSO Marco,RUSSO Marco,RUSSO,Russo,Marco,M,CATANIA,,01/INFO-01,INFO-01/A,INF/01,01/B1,"Fisica ed Astronomia ""Ettore Majorana""",,,https://openalex.org/A5016465387,Marco Russo,0000-0001-5151-9417,27.0,42.0,82.0,2035.0,Ospedale Garibaldi
Ordinario,SABADINI Nicoletta,SABADINI Nicoletta,SABADINI,Sabadini,Nicoletta,F,INSUBRIA,,01/INFO-01,INFO-01/A,INF/01,01/B1,Scienze Umane e dell'Innovazione per il Territorio,,,https://openalex.org/A5087795537,N. Sabadini,0000-0003-2846-4475,16.0,23.0,80.0,782.0,University of Insubria
Associato,SACERDOTI COEN Claudio,SACERDOTI COEN Claudio,SACERDOTI COEN,Sacerdoti Coen,Claudio,M,BOLOGNA,,01/INFO-01,INFO-01/A,INF/01,01/B1,Informatica - Scienza e Ingegneria,,,https://openalex.org/A5081097346,Claudio Sacerdoti Coen,0000-0002-4360-6016,18.0,30.0,116.0,1018.0,University of Bologna
Ricercatore a t.d. - t.pieno (art. 24 c.3-a L. 240/10),SAEED Zafar,SAEED Zafar,SAEED,Saeed,Zafar,M,BARI,,01/INFO-01,INFO-01/A,INF/01,01/B1,INFORMATICA,,,https://openalex.org/A5014314248,Zafar Saied Saify,0000-0002-9828-9281,18.0,28.0,107.0,1126.0,University of Karachi
Ricercatore a t.d. - t.pieno (art. 24 c.3-a L. 240/10),SAIA Roberto,SAIA Roberto,SAIA,Saia,Roberto,M,CAGLIARI,,01/INFO-01,INFO-01/A,INF/01,01/B1,MATEMATICA E INFORMATICA,,,https://openalex.org/A5076632223,Roberto Saia,0000-0002-1734-0437,20.0,31.0,73.0,1226.0,University of Cagliari
Associato,SALA Pietro,SALA Pietro,SALA,Sala,Pietro,M,VERONA,,01/INFO-01,INFO-01/A,INF/01,01/B1,Informatica,,,https://openalex.org/A5050753589,Pietro Sala,0000-0002-2612-1519,16.0,29.0,97.0,835.0,University of Verona
Ricercatore a t.d. - t.pieno (art. 24 c.3-a L. 240/10),SALETTA Martina,SALETTA Martina,SALETTA,Saletta,Martina,F,BERGAMO,,01/INFO-01,INFO-01/A,INF/01,01/B1,SCIENZE UMANE E SOCIALI,,,https://openalex.org/A5081081559,Martina Saletta,0000-0001-7250-8987,4.0,1.0,19.0,46.0,University of Bergamo
Ordinario,SALOMONI Paola,SALOMONI Paola,SALOMONI,Salomoni,Paola,F,BOLOGNA,,01/INFO-01,INFO-01/A,INF/01,01/B1,Informatica - Scienza e Ingegneria,,,https://openalex.org/A5021701472,Paola Salomoni,0000-0002-1717-1901,30.0,76.0,186.0,2594.0,University of Bologna
Ricercatore,SALVI Giuseppe,SALVI Giuseppe,SALVI,Salvi,Giuseppe,M,"""Parthenope"" di NAPOLI",,01/INFO-01,INFO-01/A,INF/01,01/B1,SCIENZE ECONOMICHE GIURIDICHE INFORMATICHE E MOTORIE,,,https://openalex.org/A5038568636,Diana Di Luccio,0000-0002-0810-2250,18.0,27.0,77.0,829.0,Parthenope University of Naples
Associato,SALVO Ivano,SALVO Ivano,SALVO,Salvo,Ivano,M,"ROMA ""La Sapienza""",,01/INFO-01,INFO-01/A,INF/01,01/B1,Informatica,,,https://openalex.org/A5028335233,Ivano Salvo,0000-0003-3111-701X,14.0,21.0,63.0,486.0,Sapienza University of Rome
Ordinario,SAMARATI Pierangela,SAMARATI Pierangela,SAMARATI,Samarati,Pierangela,F,MILANO,,01/INFO-01,INFO-01/A,INF/01,01/B1,Informatica 'Giovanni Degli Antoni',,,https://openalex.org/A5091211008,Pierangela Samarati,0000-0001-7395-4620,64.0,201.0,465.0,21142.0,University of Milan
Associato,SAMORY Mattia,SAMORY Mattia,SAMORY,Samory,Mattia,M,"ROMA ""La Sapienza""",,01/INFO-01,INFO-01/A,INF/01,01/B1,Informatica,,,https://openalex.org/A5010879920,Mattia Samory,0000-0002-4916-8352,13.0,14.0,60.0,800.0,Sapienza University of Rome
Ordinario,SANGIORGI Davide,SANGIORGI Davide,SANGIORGI,Sangiorgi,Davide,M,BOLOGNA,,01/INFO-01,INFO-01/A,INF/01,01/B1,Informatica - Scienza e Ingegneria,,,https://openalex.org/A5077030456,Davide Sangiorgi,0000-0001-5823-3235,46.0,113.0,336.0,8910.0,University of Bologna
Ricercatore a t.d. - t.pieno (art. 24 c.3-a L. 240/10),SANGIOVANNI Mara,SANGIOVANNI Mara,SANGIOVANNI,Sangiovanni,Mara,F,Napoli Federico II,,01/INFO-01,INFO-01/A,INF/01,01/B1,INGEGNERIA ELETTRICA E DELLE TECNOLOGIE DELL'INFORMAZIONE,,,https://openalex.org/A5069419408,Mara Sangiovanni,0000-0003-4511-5031,8.0,4.0,37.0,289.0,Institute for High Performance Computing and Networking
Associato confermato,SANGNIER Arnaud Henri Paul,SANGNIER Arnaud Henri Paul,SANGNIER,Sangnier,Arnaud Henri Paul,M,GENOVA,,01/INFO-01,INFO-01/A,INF/01,01/B1,"Informatica, bioingegneria,robotica e ingegneria dei sistemi (DIBRIS)",,,,,,,,,,
Ricercatore a t.d. - t.pieno (art. 24 c.3-a L. 240/10),SANGUINETTI Manuela,SANGUINETTI Manuela,SANGUINETTI,Sanguinetti,Manuela,F,CAGLIARI,,01/INFO-01,INFO-01/A,INF/01,01/B1,MATEMATICA E INFORMATICA,,,https://openalex.org/A5081333735,Manuela Sanguinetti,0000-0002-0147-2208,15.0,25.0,60.0,2448.0,University of Cagliari
Associato confermato,SANITA' Laura,SANITÀ Laura,SANITÀ,Sanità,Laura,F,Bocconi MILANO,Economia,01/INFO-01,INFO-01/A,INF/01,01/B1,SCIENZE DELLA COMPUTAZIONE - DEPARTMENT OF COMPUTING SCIENCES (DCS),,,https://openalex.org/A5051955401,Laura Sanità,0000-0002-6384-1857,12.0,14.0,108.0,970.0,Bocconi University
Ricercatore a t.d. - t.pieno (art. 24 c.3-b L. 240/10),SANTAMARIA Daniele Francesco,SANTAMARIA Daniele Francesco,SANTAMARIA,Santamaria,Daniele Francesco,M,CATANIA,,01/INFO-01,INFO-01/A,INF/01,01/B1,MATEMATICA E INFORMATICA,,,https://openalex.org/A5012973308,Daniele Francesco Santamaria,0000-0002-4273-6521,7.0,3.0,61.0,135.0,University of Catania
Ricercatore a t.d. - t.pieno (art. 24 c.3-a L. 240/10),SANTAMATO Vito,SANTAMATO Vito,SANTAMATO,Santamato,Vito,M,FOGGIA,,01/INFO-01,INFO-01/A,INF/01,01/B1,"SCIENZE AGRARIE, ALIMENTI, RISORSE NATURALI E INGEGNERIA",,,https://openalex.org/A5060806709,Vito Roberto Santamato,0000-0001-6370-7773,1.0,1.0,5.0,115.0,University of Bari Aldo Moro
Ricercatore a t.d. - t.pieno (art. 24 c.3-a L. 240/10),SANTANIELLO Domenico,SANTANIELLO Domenico,SANTANIELLO,Santaniello,Domenico,M,SALERNO,,01/INFO-01,INFO-01/A,INF/01,01/B1,SCIENZE DEL PATRIMONIO CULTURALE,,,https://openalex.org/A5066570823,Domenico Santaniello,0000-0002-5783-1847,22.0,46.0,123.0,1623.0,University of Salerno
Associato,SANTINI Francesco,SANTINI Francesco,SANTINI,Santini,Francesco,M,PERUGIA,,01/INFO-01,INFO-01/A,INF/01,01/B1,MATEMATICA E INFORMATICA,,,https://openalex.org/A5034573269,Francesco Santini,0000-0001-6984-4816,35.0,97.0,307.0,4131.0,University of Basel
Ricercatore,SANTINI Massimo,SANTINI Massimo,SANTINI,Santini,Massimo,M,MILANO,,01/INFO-01,INFO-01/A,INF/01,01/B1,Informatica 'Giovanni Degli Antoni',,,https://openalex.org/A5109045357,Massimo Santini,,66.0,208.0,551.0,19947.0,Azienda Ospedaliera Universitaria Pisana
Ordinario,SANTONE Antonella,SANTONE Antonella,SANTONE,Santone,Antonella,F,MOLISE,,01/INFO-01,INFO-01/A,INF/01,01/B1,"Dipartimento di Medicina e di Scienze della Salute ""Vincenzo Tiberio""",,,https://openalex.org/A5004599844,Antonella Santone,0000-0002-2634-4456,34.0,99.0,360.0,4546.0,University of Molise
Associato,SANTORO Corrado,SANTORO Corrado,SANTORO,Santoro,Corrado,M,CATANIA,,01/INFO-01,INFO-01/A,INF/01,01/B1,Matematica e Informatica,,,https://openalex.org/A5040929138,Corrado Santoro,0000-0003-1780-5406,19.0,48.0,158.0,1314.0,University of Catania
Ricercatore a t.d. - t.pieno (art. 24 c.3-a L. 240/10),SANTORO Federico Fausto,SANTORO Federico Fausto,SANTORO,Santoro,Federico Fausto,M,CATANIA,,01/INFO-01,INFO-01/A,INF/01,01/B1,MATEMATICA E INFORMATICA,,,https://openalex.org/A5036053271,Federico Fausto Santoro,0000-0003-1430-5676,6.0,5.0,27.0,184.0,University of Catania
Ricercatore a t.d. - t.pieno (art. 24 c.3-b L. 240/10),SAPIENZA Anna,SAPIENZA Anna,SAPIENZA,Sapienza,Anna,F,PIEMONTE ORIENTALE,,01/INFO-01,INFO-01/A,INF/01,01/B1,SCIENZE E INNOVAZIONE TECNOLOGICA (DISIT),,,https://openalex.org/A5091783761,Anna Sapienza,0000-0002-0842-7987,13.0,16.0,42.0,509.0,Institute for Scientific Interchange
Ordinario,SAPINO Maria Luisa,SAPINO Maria Luisa,SAPINO,Sapino,Maria Luisa,F,TORINO,,01/INFO-01,INFO-01/A,INF/01,01/B1,Informatica,,,https://openalex.org/A5043892415,Maria Luisa Sapino,0000-0002-7621-3753,20.0,42.0,179.0,2002.0,University of Turin
Ricercatore,SARINI Marcello,SARINI Marcello,SARINI,Sarini,Marcello,M,MILANO-BICOCCA,,01/INFO-01,INFO-01/A,INF/01,01/B1,PSICOLOGIA,,,https://openalex.org/A5023632311,Marcello Sarini,0000-0002-6128-0064,16.0,19.0,76.0,887.0,University of Milano-Bicocca
Associato,SARTIANI Carlo,SARTIANI Carlo,SARTIANI,Sartiani,Carlo,M,BASILICATA,,01/INFO-01,INFO-01/A,INF/01,01/B1,Ingegneria,,,https://openalex.org/A5026300883,Carlo Sartiani,0000-0002-6514-3569,16.0,21.0,92.0,774.0,University of Basilicata
Associato,SARTORI Fabio,SARTORI Fabio,SARTORI,Sartori,Fabio,M,MILANO-BICOCCA,,01/INFO-01,INFO-01/A,INF/01,01/B1,"INFORMATICA, SISTEMISTICA E COMUNICAZIONE",,,https://openalex.org/A5053982410,Fábio Sartori,0000-0002-5038-9785,14.0,24.0,131.0,1126.0,University of Milano-Bicocca
Ordinario,SASSI Roberto,SASSI Roberto,SASSI,Sassi,Roberto,M,MILANO,,01/INFO-01,INFO-01/A,INF/01,01/B1,Informatica 'Giovanni Degli Antoni',,,https://openalex.org/A5020523131,Roberto B. Sassi,0000-0001-8862-0930,41.0,70.0,149.0,5623.0,University of British Columbia
Associato,SAURO Luigi,SAURO Luigi,SAURO,Sauro,Luigi,M,Napoli Federico II,,01/INFO-01,INFO-01/A,INF/01,01/B1,Ingegneria Elettrica e delle Tecnologie dell'Informazione,,,https://openalex.org/A5041558036,Luigi Sauro,0000-0001-6056-0868,17.0,29.0,88.0,954.0,University of Naples Federico II
Ricercatore a t.d. - t.pieno (art. 24 c.3-a L. 240/10),SAVKOVIC Ognjen,SAVKOVIC Ognjen,SAVKOVIC,Savkovic,Ognjen,M,Libera Università di BOLZANO,Ingegneria,01/INFO-01,INFO-01/A,INF/01,01/B1,Non disponibile,,,https://openalex.org/A5009122904,Ognjen Savković,0000-0002-9141-3008,9.0,9.0,41.0,363.0,Free University of Bozen-Bolzano
Ricercatore,SCAGNETTO Ivan,SCAGNETTO Ivan,SCAGNETTO,Scagnetto,Ivan,M,UDINE,,01/INFO-01,INFO-01/A,INF/01,01/B1,"Scienze Matematiche, Informatiche e Fisiche",,,https://openalex.org/A5107561079,Ivan Scagnetto,,9.0,8.0,46.0,352.0,University of Udine
Associato,SCANNIELLO Giuseppe,SCANNIELLO Giuseppe,SCANNIELLO,Scanniello,Giuseppe,M,SALERNO,,01/INFO-01,INFO-01/A,INF/01,01/B1,Informatica,,,https://openalex.org/A5082957347,Giuseppe Scanniello,0000-0003-0024-7508,29.0,102.0,304.0,3117.0,University of Salerno
Ordinario,SCARABOTTOLO Nello,SCARABOTTOLO Nello,SCARABOTTOLO,Scarabottolo,Nello,M,MILANO,,01/INFO-01,INFO-01/A,INF/01,01/B1,Informatica 'Giovanni Degli Antoni',,,https://openalex.org/A5050008400,Nello Scarabottolo,,10.0,10.0,86.0,380.0,University of Milan
Ordinario,SCARANO Vittorio,SCARANO Vittorio,SCARANO,Scarano,Vittorio,M,SALERNO,,01/INFO-01,INFO-01/A,INF/01,01/B1,Informatica,,,https://openalex.org/A5036057602,Vittorio Scarano,0000-0001-8437-5253,28.0,69.0,233.0,5518.0,University of Salerno
Ordinario,SCATENI Riccardo,SCATENI Riccardo,SCATENI,Scateni,Riccardo,M,CAGLIARI,,01/INFO-01,INFO-01/A,INF/01,01/B1,Matematica e Informatica,,,https://openalex.org/A5003406070,Riccardo Scateni,0000-0002-0950-7372,20.0,29.0,118.0,1998.0,University of Cagliari
Ordinario,SCHETTINI Raimondo,SCHETTINI Raimondo,SCHETTINI,Schettini,Raimondo,M,MILANO-BICOCCA,,01/INFO-01,INFO-01/A,INF/01,01/B1,"INFORMATICA, SISTEMISTICA E COMUNICAZIONE",,,https://openalex.org/A5028039581,Raimondo Schettini,0000-0001-7461-1451,44.0,164.0,445.0,8980.0,University of Milano-Bicocca
Ricercatore a t.d. - t.pieno (art. 24 c.3-a L. 240/10),SCHIATTARELLA Roberto,SCHIATTARELLA Roberto,SCHIATTARELLA,Schiattarella,Roberto,M,Napoli Federico II,,01/INFO-01,INFO-01/A,INF/01,01/B1,"FISICA ""ETTORE PANCINI""",,,https://openalex.org/A5057337775,Roberto Schiattarella,0000-0002-1819-2288,7.0,6.0,55.0,207.0,University of Naples Federico II
Associato,SCHIFANELLA Claudio,SCHIFANELLA Claudio,SCHIFANELLA,Schifanella,Claudio,M,TORINO,,01/INFO-01,INFO-01/A,INF/01,01/B1,Informatica,,,https://openalex.org/A5084371661,Claudio Schifanella,0000-0001-7449-6529,14.0,21.0,119.0,1153.0,University of Turin
Associato,SCHIFANELLA Rossano,SCHIFANELLA Rossano,SCHIFANELLA,Schifanella,Rossano,M,TORINO,,01/INFO-01,INFO-01/A,INF/01,01/B1,Informatica,,,https://openalex.org/A5036258938,Rossano Schifanella,0000-0002-3745-5792,27.0,56.0,140.0,3152.0,University of Turin
Associato,SCHIFANO Sebastiano Fabio,SCHIFANO Sebastiano Fabio,SCHIFANO,Schifano,Sebastiano Fabio,M,FERRARA,,01/INFO-01,INFO-01/A,INF/01,01/B1,Scienze dell’Ambiente e della Prevenzione,,,https://openalex.org/A5071220084,Sebastiano Fabio Schifano,0000-0002-0132-9196,28.0,73.0,207.0,2570.0,"Istituto Nazionale di Fisica Nucleare, Sezione di Ferrara"
Associato,SCIAVICCO Guido,SCIAVICCO Guido,SCIAVICCO,Sciavicco,Guido,M,FERRARA,,01/INFO-01,INFO-01/A,INF/01,01/B1,Matematica e informatica,,,https://openalex.org/A5003911860,Guido Sciavicco,0000-0002-9221-879X,23.0,49.0,165.0,1788.0,University of Ferrara
Ordinario,SCIORTINO Marinella,SCIORTINO Marinella,SCIORTINO,Sciortino,Marinella,F,PALERMO,,01/INFO-01,INFO-01/A,INF/01,01/B1,Matematica e Informatica,,,https://openalex.org/A5017003045,Marinella Sciortino,0000-0001-6928-0168,20.0,34.0,107.0,1355.0,University of Palermo
Ricercatore a t.d. - t.pieno (art. 24 c.3-a L. 240/10),SCIULLO Luca,SCIULLO Luca,SCIULLO,Sciullo,Luca,M,BOLOGNA,,01/INFO-01,INFO-01/A,INF/01,01/B1,INFORMATICA - SCIENZA E INGEGNERIA,,,https://openalex.org/A5023503670,Luca Sciullo,0000-0002-8973-4486,13.0,16.0,52.0,396.0,University of Bologna
Ricercatore a t.d. - t.pieno (art. 24 c.3-a L. 240/10),SCOCCIA Gian Luca,SCOCCIA Gian Luca,SCOCCIA,Scoccia,Gian Luca,M,Gran Sasso Science Institute,,01/INFO-01,INFO-01/A,INF/01,01/B1,Non disponibile,,,https://openalex.org/A5060820537,Gian Luca Scoccia,0000-0003-3588-2659,9.0,6.0,44.0,216.0,Gran Sasso Science Institute
Ordinario,SCOTTI Fabio,SCOTTI Fabio,SCOTTI,Scotti,Fabio,M,MILANO,,01/INFO-01,INFO-01/A,INF/01,01/B1,Informatica 'Giovanni Degli Antoni',,,https://openalex.org/A5004969615,Fabio Scotti,0000-0002-4277-3701,35.0,98.0,274.0,5019.0,University of Milan
Associato,SCOZZARI Francesca,SCOZZARI Francesca,SCOZZARI,Scozzari,Francesca,F,CHIETI-PESCARA,,01/INFO-01,INFO-01/A,INF/01,01/B1,Economia,,,https://openalex.org/A5080102700,Francesca Scozzari,0000-0002-2105-4855,13.0,19.0,56.0,702.0,University of Chieti-Pescara
Associato,SCQUIZZATO Michele,SCQUIZZATO Michele,SCQUIZZATO,Scquizzato,Michele,M,PADOVA,,01/INFO-01,INFO-01/A,INF/01,01/B1,"MATEMATICA ""TULLIO LEVI-CIVITA"" - DM",,,https://openalex.org/A5072734392,Michele Scquizzato,0000-0002-9108-2448,12.0,14.0,50.0,524.0,University of Padua
Ordinario,SEGALA Roberto,SEGALA Roberto,SEGALA,Segala,Roberto,M,VERONA,,01/INFO-01,INFO-01/A,INF/01,01/B1,Informatica,,,https://openalex.org/A5006624231,Roberto Segala,0000-0001-5586-3362,37.0,62.0,110.0,5311.0,University of Verona
Ricercatore,SEGNAN Marino,SEGNAN Marino,SEGNAN,Segnan,Marino,M,TORINO,,01/INFO-01,INFO-01/A,INF/01,01/B1,Informatica,,,https://openalex.org/A5069558697,Marino Segnan,,16.0,22.0,68.0,1220.0,University of Turin
Ordinario,SEMERARO Giovanni,SEMERARO Giovanni,SEMERARO,Semeraro,Giovanni,M,BARI,,01/INFO-01,INFO-01/A,INF/01,01/B1,Informatica,,,https://openalex.org/A5059814300,Giovanni Semeraro,0000-0001-6883-1853,42.0,174.0,568.0,9220.0,University of Bari Aldo Moro
Ricercatore,SEMINI Laura,SEMINI Laura,SEMINI,Semini,Laura,F,PISA,,01/INFO-01,INFO-01/A,INF/01,01/B1,INFORMATICA,,,https://openalex.org/A5030881314,Laura Semini,0000-0001-8774-2346,12.0,15.0,69.0,417.0,"Istituto di Scienza e Tecnologie dell'Informazione ""Alessandro Faedo"""
Ordinario,SENATORE Sabrina,SENATORE Sabrina,SENATORE,Senatore,Sabrina,F,SALERNO,,01/INFO-01,INFO-01/A,INF/01,01/B1,Ingegneria dell'Informazione ed Elettrica e Matematica applicata,,,https://openalex.org/A5088651272,Sabrina Senatore,0000-0002-7127-4290,21.0,42.0,133.0,1491.0,University of Salerno
Ordinario,SERENO Matteo,SERENO Matteo,SERENO,Sereno,Matteo,M,TORINO,,01/INFO-01,INFO-01/A,INF/01,01/B1,Informatica,,,https://openalex.org/A5057340594,Matteo Sereno,0000-0002-5339-3456,24.0,54.0,144.0,1657.0,University of Turin
Associato,SERINA Ivan,SERINA Ivan,SERINA,Serina,Ivan,M,BRESCIA,,01/INFO-01,INFO-01/A,INF/01,01/B1,INGEGNERIA DELL'INFORMAZIONE,,,https://openalex.org/A5068039203,Ivan Serina,0000-0002-7785-9492,19.0,35.0,129.0,1952.0,University of Brescia
Ricercatore a t.d. - t.pieno (art. 24 c.3-a L. 240/10),SETZU Mattia,SETZU Mattia,SETZU,Setzu,Mattia,M,PISA,,01/INFO-01,INFO-01/A,INF/01,01/B1,INFORMATICA,,,https://openalex.org/A5042459975,Mattia Setzu,0000-0001-8351-9999,4.0,1.0,22.0,144.0,University of Pisa
Ricercatore a t.d. - t.pieno (art. 24 c.3-a L. 240/10),SICILIANI Lucia,SICILIANI Lucia,SICILIANI,Siciliani,Lucia,F,BARI,,01/INFO-01,INFO-01/A,INF/01,01/B1,INFORMATICA,,,https://openalex.org/A5010854767,Lucia Siciliani,0000-0002-1438-280X,5.0,3.0,31.0,86.0,University of Bari Aldo Moro
Associato,SILVESTRI Claudio,SILVESTRI Claudio,SILVESTRI,Silvestri,Claudio,M,"""Ca' Foscari"" VENEZIA",,01/INFO-01,INFO-01/A,INF/01,01/B1,"Scienze Ambientali, Informatica e Statistica",,,https://openalex.org/A5033387685,Claudio Silvestri,0000-0002-9909-1808,23.0,35.0,90.0,1319.0,Ca' Foscari University of Venice
Ricercatore,SIMEONI Marta,SIMEONI Marta,SIMEONI,Simeoni,Marta,F,"""Ca' Foscari"" VENEZIA",,01/INFO-01,INFO-01/A,INF/01,01/B1,"Scienze Ambientali, Informatica e Statistica",,,https://openalex.org/A5058107550,Marta Simeoni,0000-0003-2702-3504,15.0,21.0,53.0,1323.0,Ca' Foscari University of Venice
Associato,SIRBU Alina,SIRBU Alina,SIRBU,Sirbu,Alina,F,BOLOGNA,,01/INFO-01,INFO-01/A,INF/01,01/B1,Informatica - Scienza e Ingegneria,,,https://openalex.org/A5008115861,Alina Sîrbu,0000-0002-3947-7143,16.0,27.0,105.0,1147.0,University of Pisa
Associato,SNIDARO Lauro,SNIDARO Lauro,SNIDARO,Snidaro,Lauro,M,UDINE,,01/INFO-01,INFO-01/A,INF/01,01/B1,"Scienze Matematiche, Informatiche e Fisiche",,,https://openalex.org/A5046926620,Lauro Snidaro,0000-0003-3828-9017,22.0,42.0,110.0,1740.0,University of Udine
Ricercatore a t.d. - t.pieno (art. 24 c.3-a L. 240/10),SOCCINI Agata Marta,SOCCINI Agata Marta,SOCCINI,Soccini,Agata Marta,F,TORINO,,01/INFO-01,INFO-01/A,INF/01,01/B1,INFORMATICA,,,https://openalex.org/A5058577314,Agata Marta Soccini,0000-0002-7571-8637,8.0,5.0,30.0,114.0,University of Turin
Associato,SOLARI Fabio,SOLARI Fabio,SOLARI,Solari,Fabio,M,GENOVA,,01/INFO-01,INFO-01/A,INF/01,01/B1,"Informatica, bioingegneria,robotica e ingegneria dei sistemi (DIBRIS)",,,https://openalex.org/A5085589239,Fabio Solari,0000-0002-8111-0409,20.0,35.0,152.0,1143.0,University of Genoa
Associato,SOLDANI Jacopo,SOLDANI Jacopo,SOLDANI,Soldani,Jacopo,M,PISA,,01/INFO-01,INFO-01/A,INF/01,01/B1,INFORMATICA,,,https://openalex.org/A5014430977,Jacopo Soldani,0000-0002-2435-3543,19.0,36.0,161.0,1907.0,University of Pisa
Ricercatore,SOLITRO Ugo,SOLITRO Ugo,SOLITRO,Solitro,Ugo,M,VERONA,,01/INFO-01,INFO-01/A,INF/01,01/B1,Informatica,,,https://openalex.org/A5024978364,Ugo Solitro,,3.0,0.0,10.0,26.0,University of Verona
Ricercatore a t.d. - t.pieno (art. 24 c.3-a L. 240/10),SOTO GOMEZ Mauricio Abel,SOTO GOMEZ Mauricio Abel,SOTO GOMEZ,Soto Gomez,Mauricio Abel,M,MILANO,,01/INFO-01,INFO-01/A,INF/01,01/B1,INFORMATICA 'GIOVANNI DEGLI ANTONI',,,https://openalex.org/A5044649325,Mauricio Soto,0000-0001-5977-9467,15.0,18.0,65.0,683.0,University of Milan
Associato,SPAGNOL Simone,SPAGNOL Simone,SPAGNOL,Spagnol,Simone,M,Università IUAV di VENEZIA,,01/INFO-01,INFO-01/A,INF/01,01/B1,Culture del progetto,,,https://openalex.org/A5061557581,Simone Spagnol,0000-0002-9309-0871,16.0,24.0,82.0,775.0,Università Iuav di Venezia
Ricercatore a t.d. - t.pieno (art. 24 c.3-b L. 240/10),SPAGNUOLO Carmine,SPAGNUOLO Carmine,SPAGNUOLO,Spagnuolo,Carmine,M,SALERNO,,01/INFO-01,INFO-01/A,INF/01,01/B1,INFORMATICA,,,https://openalex.org/A5014031647,Carmine Spagnuolo,0000-0002-8267-9808,13.0,19.0,62.0,678.0,University of Salerno
Ricercatore a t.d. - t.pieno (art. 24 c.3-a L. 240/10),SPAHIU Blerina,SPAHIU Blerina,SPAHIU,Spahiu,Blerina,F,MILANO-BICOCCA,,01/INFO-01,INFO-01/A,INF/01,01/B1,"INFORMATICA, SISTEMISTICA E COMUNICAZIONE",,,https://openalex.org/A5088767562,Blerina Spahiu,0000-0002-6958-8215,9.0,8.0,39.0,236.0,University of Milano-Bicocca
Associato,SPANO Lucio Davide,SPANO Lucio Davide,SPANO,Spano,Lucio Davide,M,CAGLIARI,,01/INFO-01,INFO-01/A,INF/01,01/B1,Matematica e Informatica,,,https://openalex.org/A5082366736,Lucio Davide Spano,0000-0001-7106-0463,18.0,31.0,130.0,1348.0,University of Cagliari
Ricercatore a t.d. - t.pieno (art. 24 c.3-a L. 240/10),SPANÒ Alvise,SPANÒ Alvise,SPANÒ,Spanò,Alvise,M,"""Ca' Foscari"" VENEZIA",,01/INFO-01,INFO-01/A,INF/01,01/B1,"SCIENZE AMBIENTALI, INFORMATICA E STATISTICA",,,https://openalex.org/A5075714363,Alvise Spanò,0000-0002-6905-2736,7.0,5.0,42.0,164.0,Ca' Foscari University of Venice
Ricercatore a t.d. - t.pieno (art. 24 c.3-a L. 240/10),SPATA Massimo Orazio,SPATA Massimo Orazio,SPATA,Spata,Massimo Orazio,M,CATANIA,,01/INFO-01,INFO-01/A,INF/01,01/B1,MATEMATICA E INFORMATICA,,,https://openalex.org/A5086037119,Massimo Orazio Spata,0000-0001-6704-7485,4.0,1.0,24.0,60.0,University of Catania
Associato,SPATARO William,SPATARO William,SPATARO,Spataro,William,M,della CALABRIA,,01/INFO-01,INFO-01/A,INF/01,01/B1,Matematica e Informatica - DeMaCS,,,https://openalex.org/A5077855107,William Spataro,0000-0001-5776-9572,24.0,49.0,141.0,1754.0,University of Calabria
Ordinario,SPERDUTI Alessandro,SPERDUTI Alessandro,SPERDUTI,Sperduti,Alessandro,M,PADOVA,,01/INFO-01,INFO-01/A,INF/01,01/B1,"MATEMATICA ""TULLIO LEVI-CIVITA"" - DM",,,https://openalex.org/A5064873591,Alessandro Sperduti,0000-0002-8686-850X,40.0,117.0,327.0,8207.0,University of Trento
Ricercatore a t.d. - t.pieno (art. 24 c.3-a L. 240/10),SPINELLI Indro,SPINELLI Indro,SPINELLI,Spinelli,Indro,M,"ROMA ""La Sapienza""",,01/INFO-01,INFO-01/A,INF/01,01/B1,INFORMATICA,,,https://openalex.org/A5019615617,Indro Spinelli,0000-0003-1963-3548,6.0,6.0,37.0,1037.0,Sapienza University of Rome
Ricercatore a t.d. - t.pieno (art. 24 c.3-a L. 240/10),SPINNATO Francesco,SPINNATO Francesco,SPINNATO,Spinnato,Francesco,M,PISA,,01/INFO-01,INFO-01/A,,,INFORMATICA,,,https://openalex.org/A5085997364,Francesco Spinnato,0000-0002-3203-6716,4.0,2.0,16.0,150.0,University of Pisa
Associato,SPOGNARDI Angelo,SPOGNARDI Angelo,SPOGNARDI,Spognardi,Angelo,M,"ROMA ""La Sapienza""",,01/INFO-01,INFO-01/A,INF/01,01/B1,Informatica,,,https://openalex.org/A5066856623,Angelo Spognardi,0000-0001-6935-0701,27.0,39.0,102.0,3176.0,Institute of Informatics and Telematics
Associato confermato,SPOTO Nicola Fausto,SPOTO Nicola Fausto,SPOTO,Spoto,Nicola Fausto,M,VERONA,,01/INFO-01,INFO-01/A,INF/01,01/B1,Informatica,,,https://openalex.org/A5051480560,Fausto Spoto,0000-0003-2973-0384,21.0,42.0,113.0,1605.0,University of Verona
Ricercatore,SPROSTON Jeremy James,SPROSTON Jeremy James,SPROSTON,Sproston,Jeremy James,M,TORINO,,01/INFO-01,INFO-01/A,INF/01,01/B1,Informatica,,,https://openalex.org/A5044285570,Jeremy Sproston,0000-0003-2101-6821,21.0,29.0,69.0,1960.0,University of Turin
Associato,STAFFA Mariacarla,STAFFA Mariacarla,STAFFA,Staffa,Mariacarla,F,"""Parthenope"" di NAPOLI",,01/INFO-01,INFO-01/A,INF/01,01/B1,SCIENZE E TECNOLOGIE,,,https://openalex.org/A5082403995,Mariacarla Staffa,0000-0001-7656-8370,16.0,29.0,91.0,865.0,Parthenope University of Naples
Associato,STAIANO Antonino,STAIANO Antonino,STAIANO,Staiano,Antonino,M,"""Parthenope"" di NAPOLI",,01/INFO-01,INFO-01/A,INF/01,01/B1,SCIENZE E TECNOLOGIE,,,https://openalex.org/A5026753803,Antonino Staiano,0000-0002-4708-5860,18.0,26.0,111.0,1158.0,Parthenope University of Naples
Ricercatore a t.d. - t.pieno (art. 24 c.3-a L. 240/10),STAN Ionel Eduard,STAN Ionel Eduard,STAN,Stan,Ionel Eduard,M,MILANO-BICOCCA,,01/INFO-01,INFO-01/A,INF/01,01/B1,"INFORMATICA, SISTEMISTICA E COMUNICAZIONE",,,https://openalex.org/A5033477969,Ionel Eduard Stan,0000-0001-9260-102X,4.0,2.0,24.0,77.0,University of Milano-Bicocca
Ordinario,STANCO Filippo,STANCO Filippo,STANCO,Stanco,Filippo,M,CATANIA,,01/INFO-01,INFO-01/A,INF/01,01/B1,Matematica e Informatica,,,https://openalex.org/A5014656063,Filippo Stanco,0000-0003-3865-9911,18.0,39.0,132.0,1449.0,University of Catania
Ricercatore a t.d. - t.pieno (art. 24 c.3-a L. 240/10),STARACE Luigi Libero Lucio,STARACE Luigi Libero Lucio,STARACE,Starace,Luigi Libero Lucio,M,Napoli Federico II,,01/INFO-01,INFO-01/A,INF/01,01/B1,INGEGNERIA ELETTRICA E DELLE TECNOLOGIE DELL'INFORMAZIONE,,,https://openalex.org/A5011917008,Luigi Libero Lucio Starace,0000-0001-7945-9014,7.0,5.0,49.0,140.0,University of Naples Federico II
Ordinario,STELLA Fabio Antonio,STELLA Fabio Antonio,STELLA,Stella,Fabio Antonio,M,MILANO-BICOCCA,,01/INFO-01,INFO-01/A,MAT/09,01/A6,"INFORMATICA, SISTEMISTICA E COMUNICAZIONE",,,https://openalex.org/A5020281960,Fabio Stella,0000-0002-1394-0507,19.0,38.0,144.0,1582.0,University of Milan
Associato,STELLATO Armando,STELLATO Armando,STELLATO,Stellato,Armando,M,"ROMA ""Tor Vergata""",,01/INFO-01,INFO-01/A,INF/01,01/B1,"Ingegneria dell'Impresa ""Mario Lucertini""",,,https://openalex.org/A5064329721,Armando Stellato,0000-0001-5374-2807,15.0,25.0,106.0,898.0,University of Rome Tor Vergata
Ricercatore,STERBINI Andrea,STERBINI Andrea,STERBINI,Sterbini,Andrea,M,"ROMA ""La Sapienza""",,01/INFO-01,INFO-01/A,INF/01,01/B1,Informatica,,,https://openalex.org/A5024394882,Andrea Sterbini,0000-0002-5361-2786,15.0,21.0,81.0,644.0,Sapienza University of Rome
Ricercatore a t.d. - t.pieno (art. 24 c.3-a L. 240/10),STRIANI Manuel,STRIANI Manuel,STRIANI,Striani,Manuel,M,PIEMONTE ORIENTALE,,01/INFO-01,INFO-01/A,INF/01,01/B1,SCIENZE E INNOVAZIONE TECNOLOGICA (DISIT),,,https://openalex.org/A5088441881,Manuel Striani,0000-0002-7600-576X,9.0,9.0,52.0,268.0,Università degli Studi del Piemonte Orientale “Amedeo Avogadro”
Ricercatore a t.d. - t.pieno (art. 24 c.3-a L. 240/10),SUAREZ FERNANDEZ Lisandra,SUAREZ FERNANDEZ Lisandra,SUAREZ FERNANDEZ,Suarez Fernandez,Lisandra,F,L'AQUILA,,01/INFO-01,INFO-01/A,INF/01,01/B1,INGEGNERIA E SCIENZE DELL'INFORMAZIONE E MATEMATICA,,,https://openalex.org/A5045145446,Lisandra Suárez Fernández,0000-0002-3772-9749,0.0,0.0,12.0,0.0,University of Matanzas
Ordinario,SUCCI Giancarlo,SUCCI Giancarlo,SUCCI,Succi,Giancarlo,M,BOLOGNA,,01/INFO-01,INFO-01/A,INF/01,01/B1,Informatica - Scienza e Ingegneria,,,https://openalex.org/A5039583821,Giancarlo Succi,0000-0001-8847-0186,53.0,141.0,593.0,8385.0,University of Bologna
Ricercatore a t.d. - t.pieno (art. 24 c.3-a L. 240/10),SULIS Emilio,SULIS Emilio,SULIS,Sulis,Emilio,M,TORINO,,01/INFO-01,INFO-01/A,INF/01,01/B1,INFORMATICA,,,https://openalex.org/A5014402622,Emilio Sulis,0000-0003-1746-3733,14.0,23.0,90.0,912.0,University of Turin
Associato confermato,SZYMANIK Jakub Krzysztof,SZYMANIK Jakub Krzysztof,SZYMANIK,Szymanik,Jakub Krzysztof,M,TRENTO,,01/INFO-01,INFO-01/A,INF/01,01/B1,Centro Interdipartimentale Mente/Cervello,,,,,,,,,,
Ordinario,TAGLIAFERRI Roberto,TAGLIAFERRI Roberto,TAGLIAFERRI,Tagliaferri,Roberto,M,SALERNO,,01/INFO-01,INFO-01/A,INF/01,01/B1,Scienze Aziendali - Management & Innovation Systems,,,https://openalex.org/A5030668200,Roberto Tagliaferri,0000-0001-8134-9025,32.0,73.0,296.0,4688.0,University of Salerno
Ordinario,TALAMO Maurizio,TALAMO Maurizio,TALAMO,Talamo,Maurizio,M,"ROMA ""Tor Vergata""",,01/INFO-01,INFO-01/A,INF/01,01/B1,"Ingegneria dell'Impresa ""Mario Lucertini""",,,https://openalex.org/A5077567390,Maurizio Talamo,0000-0002-3888-0889,16.0,34.0,153.0,2325.0,University of Rome Tor Vergata
Ordinario,TALLINI Luca,TALLINI Luca,TALLINI,Tallini,Luca,M,TERAMO,,01/INFO-01,INFO-01/A,INF/01,01/B1,DIPARTIMENTO DI SCIENZE DELLA COMUNICAZIONE,,,https://openalex.org/A5002622368,Luca G. Tallini,0000-0003-4238-173X,18.0,27.0,75.0,894.0,University of Teramo
Ricercatore a t.d. - t.pieno (art. 24 c.3-a L. 240/10),TANGHERLONI Andrea,TANGHERLONI Andrea,TANGHERLONI,Tangherloni,Andrea,M,Bocconi MILANO,Economia,01/INFO-01,INFO-01/A,INF/01,01/B1,SCIENZE DELLA COMPUTAZIONE - DEPARTMENT OF COMPUTING SCIENCES (DCS),,,https://openalex.org/A5056055676,Andrea Tangherloni,0000-0002-5856-4453,17.0,21.0,80.0,1476.0,Bocconi University
Ordinario,TARINI Marco,TARINI Marco,TARINI,Tarini,Marco,M,MILANO,,01/INFO-01,INFO-01/A,INF/01,01/B1,Informatica 'Giovanni Degli Antoni',,,https://openalex.org/A5088977284,Marco Tarini,0000-0003-2301-3173,29.0,47.0,90.0,3364.0,University of Milan
Ricercatore,TASSO Sergio,TASSO Sergio,TASSO,Tasso,Sergio,M,PERUGIA,,01/INFO-01,INFO-01/A,INF/01,01/B1,MATEMATICA E INFORMATICA,,,https://openalex.org/A5088282898,Sergio Tasso,0000-0001-9174-9065,13.0,15.0,42.0,329.0,University of Perugia
Ricercatore a t.d. - t.pieno (art. 24 c.3-a L. 240/10),TATICCHI Carlo,TATICCHI Carlo,TATICCHI,Taticchi,Carlo,M,PERUGIA,,01/INFO-01,INFO-01/A,,,MATEMATICA E INFORMATICA,,,https://openalex.org/A5039218843,Carlo Taticchi,0000-0003-1260-4672,5.0,1.0,53.0,83.0,University of Perugia
Ricercatore a t.d. - t.pieno (art. 24 c.3-a L. 240/10),TEDESCHI Stefano,TEDESCHI Stefano,TEDESCHI,Tedeschi,Stefano,M,VALLE D'AOSTA,,01/INFO-01,INFO-01/A,INF/01,01/B1,SCIENZE ECONOMICHE E POLITICHE,,,https://openalex.org/A5010982417,Sara Tedeschi,0000-0001-9546-2811,35.0,65.0,115.0,6058.0,University of Bologna
Associato confermato,TEGOLO Domenico,TEGOLO Domenico,TEGOLO,Tegolo,Domenico,M,PALERMO,,01/INFO-01,INFO-01/A,INF/01,01/B1,Matematica e Informatica,,,https://openalex.org/A5015382861,Domenico Tegolo,0000-0001-5417-5584,27.0,55.0,169.0,3943.0,University of Palermo
Ordinario,TERENZIANI Paolo,TERENZIANI Paolo,TERENZIANI,Terenziani,Paolo,M,PIEMONTE ORIENTALE,,01/INFO-01,INFO-01/A,INF/01,01/B1,Scienze e Innovazione Tecnologica (DISIT),,,https://openalex.org/A5007745000,Paolo Terenziani,0000-0002-9014-7537,25.0,72.0,226.0,2421.0,Università degli Studi del Piemonte Orientale “Amedeo Avogadro”
Ordinario,TERRACINA Giorgio,TERRACINA Giorgio,TERRACINA,Terracina,Giorgio,M,della CALABRIA,,01/INFO-01,INFO-01/A,INF/01,01/B1,Matematica e Informatica - DeMaCS,,,https://openalex.org/A5084620092,Giorgio Terracina,0000-0002-3090-7223,27.0,59.0,200.0,2508.0,University of Calabria
Associato,TESEI Luca,TESEI Luca,TESEI,Tesei,Luca,M,CAMERINO,,01/INFO-01,INFO-01/A,INF/01,01/B1,SCUOLA DI SCIENZE E TECNOLOGIE,,,https://openalex.org/A5076735277,Luca Tesei,0000-0002-7536-8796,15.0,21.0,102.0,622.0,Università di Camerino
Ricercatore,TESSARIS Sergio,TESSARIS Sergio,TESSARIS,Tessaris,Sergio,M,Libera Università di BOLZANO,Ingegneria,01/INFO-01,INFO-01/A,INF/01,01/B1,FACOLTA' DI INGEGNERIA,,,https://openalex.org/A5010134911,Sergio Tessaris,0000-0002-3156-2669,20.0,29.0,80.0,1355.0,Free University of Bozen-Bolzano
Associato,TESTOLIN Alberto,TESTOLIN Alberto,TESTOLIN,Testolin,Alberto,M,PADOVA,,01/INFO-01,INFO-01/A,INF/01,01/B1,PSICOLOGIA GENERALE - DPG,,,https://openalex.org/A5027874987,Alberto Testolin,0000-0001-7062-4861,18.0,32.0,93.0,1073.0,University of Padua
Associato confermato,THESEIDER DUPRE' Daniele,THESEIDER DUPRÈ Daniele,THESEIDER DUPRÈ,Theseider Duprè,Daniele,M,PIEMONTE ORIENTALE,,01/INFO-01,INFO-01/A,INF/01,01/B1,Scienze e Innovazione Tecnologica (DISIT),,,https://openalex.org/A5032469069,Daniele Theseider Dupré,0000-0001-6798-4380,20.0,35.0,134.0,1519.0,Università degli Studi del Piemonte Orientale “Amedeo Avogadro”
Associato,TIBALDI Alberto,TIBALDI Alberto,TIBALDI,Tibaldi,Alberto,M,Politecnico di TORINO,,01/INFO-01,INFO-01/A,ING-INF/01,09/E3,ELETTRONICA E TELECOMUNICAZIONI,,,https://openalex.org/A5062716390,Alberto Tibaldi,0000-0002-0157-8512,15.0,29.0,143.0,801.0,Polytechnic University of Turin
Associato confermato,TIEZZI Elisa Benedetta Primavera,TIEZZI Elisa Benedetta Primavera,TIEZZI,Tiezzi,Elisa Benedetta Primavera,F,SIENA,,01/INFO-01,INFO-01/A,INF/01,01/B1,Ingegneria dell’Informazione e Scienze Matematiche,,,https://openalex.org/A5050542682,E. Tiezzi,0000-0001-5515-0987,20.0,33.0,169.0,1490.0,University of Siena
Associato,TIEZZI Francesco,TIEZZI Francesco,TIEZZI,Tiezzi,Francesco,M,FIRENZE,,01/INFO-01,INFO-01/A,INF/01,01/B1,"Statistica, Informatica e Applicazioni 'G.Parenti' (DISIA)",,,https://openalex.org/A5062053859,Francesco Tiezzi,0000-0002-4358-9236,30.0,61.0,198.0,2536.0,North Carolina State University
Associato confermato,TINI Simone,TINI Simone,TINI,Tini,Simone,M,INSUBRIA,,01/INFO-01,INFO-01/A,INF/01,01/B1,Scienze Umane e dell'Innovazione per il Territorio,,,https://openalex.org/A5060188970,Simone Tini,0000-0002-3991-5123,17.0,31.0,115.0,826.0,University of Insubria
Ordinario,TIVOLI Massimo,TIVOLI Massimo,TIVOLI,Tivoli,Massimo,M,L'AQUILA,,01/INFO-01,INFO-01/A,INF/01,01/B1,Ingegneria e scienze dell'informazione e matematica,,,https://openalex.org/A5082849720,Massimo Tivoli,0000-0001-9290-1997,27.0,54.0,126.0,2889.0,University of L'Aquila
Associato,TOLOMEI Gabriele,TOLOMEI Gabriele,TOLOMEI,Tolomei,Gabriele,M,"ROMA ""La Sapienza""",,01/INFO-01,INFO-01/A,INF/01,01/B1,Informatica,,,https://openalex.org/A5011299100,Gabriele Tolomei,0000-0001-7471-6659,17.0,28.0,79.0,1093.0,Sapienza University of Rome
Ricercatore a t.d. - t.pieno (art. 24 c.3-a L. 240/10),TOMA Andrea,TOMA Andrea,TOMA,Toma,Andrea,M,UDINE,,01/INFO-01,INFO-01/A,INF/01,01/B1,"SCIENZE MATEMATICHE, INFORMATICHE E FISICHE",,,https://openalex.org/A5078864453,Andréa Toma,0000-0003-2877-9805,51.0,141.0,477.0,8319.0,Italian Institute of Technology
Associato,TOMASIELLO Stefania,TOMASIELLO Stefania,TOMASIELLO,Tomasiello,Stefania,F,SALERNO,,01/INFO-01,INFO-01/A,INF/01,01/B1,Ingegneria Industriale,,,https://openalex.org/A5039950678,Stefania Tomasiello,0000-0003-2830-7525,22.0,47.0,118.0,1337.0,University of Tartu
Ricercatore a t.d. - t.defin. (L. 79/2022),TOMAZZOLI Claudio,TOMAZZOLI Claudio,TOMAZZOLI,Tomazzoli,Claudio,M,Univ. Telematica PEGASO,Ingegneria e informatica,01/INFO-01,INFO-01/A,INF/01,01/B1,SCIENZE E TECNOLOGIE DELL'INFORMAZIONE,,,https://openalex.org/A5054093778,Claudio Tomazzoli,0000-0003-2744-013X,10.0,11.0,65.0,513.0,University of Verona
Ordinario,TONELLI Roberto,TONELLI Roberto,TONELLI,Tonelli,Roberto,M,CAGLIARI,,01/INFO-01,INFO-01/A,INF/01,01/B1,Matematica e Informatica,,,https://openalex.org/A5059849543,Roberto Tonelli,0000-0002-6202-0758,34.0,55.0,193.0,4716.0,Azienda Ospedaliero-Universitaria di Modena
Ricercatore a t.d. - t.pieno (art. 24 c.3-a L. 240/10),TORCINOVICH Alessandro,TORCINOVICH Alessandro,TORCINOVICH,Torcinovich,Alessandro,M,Libera Università di BOLZANO,Ingegneria,01/INFO-01,INFO-01/A,INF/01,01/B1,Non disponibile,,,https://openalex.org/A5054839433,Alessandro Torcinovich,0000-0001-8110-1791,7.0,6.0,25.0,159.0,Ca' Foscari University of Venice
Associato,TORQUATI Massimo,TORQUATI Massimo,TORQUATI,Torquati,Massimo,M,PISA,,01/INFO-01,INFO-01/A,INF/01,01/B1,INFORMATICA,,,https://openalex.org/A5053667707,Massimo Torquati,0000-0001-6323-3459,24.0,64.0,202.0,2135.0,University of Pisa
Associato,TORRE Ilaria,TORRE Ilaria,TORRE,Torre,Ilaria,F,GENOVA,,01/INFO-01,INFO-01/A,INF/01,01/B1,"Informatica, bioingegneria,robotica e ingegneria dei sistemi (DIBRIS)",,,https://openalex.org/A5031872492,Ilaria Torre,0000-0003-1159-2833,17.0,28.0,110.0,1086.0,University of Genoa
Ricercatore,TORTA Gianluca,TORTA Gianluca,TORTA,Torta,Gianluca,M,TORINO,,01/INFO-01,INFO-01/A,INF/01,01/B1,Informatica,,,https://openalex.org/A5067843040,Gianluca Torta,0000-0002-4276-7213,9.0,9.0,85.0,388.0,University of Turin
Ordinario,TORTORA Genoveffa,TORTORA Genoveffa,TORTORA,Tortora,Genoveffa,F,SALERNO,,01/INFO-01,INFO-01/A,INF/01,01/B1,Informatica,,,https://openalex.org/A5074856207,Genoveffa Tortora,0000-0003-4765-8371,32.0,125.0,393.0,4980.0,University of Salerno
Ricercatore a t.d. - t.pieno (art. 24 c.3-a L. 240/10),TORTORELLA Domenico,TORTORELLA Domenico,TORTORELLA,Tortorella,Domenico,M,PISA,,01/INFO-01,INFO-01/A,INF/01,01/B1,INFORMATICA,,,https://openalex.org/A5058183468,Domenico Tortorella,0000-0003-0961-3535,36.0,61.0,113.0,6484.0,Icahn School of Medicine at Mount Sinai
Ricercatore a t.d. - t.pieno (art. 24 c.3-a L. 240/10),TRAINI Luca,TRAINI Luca,TRAINI,Traini,Luca,M,L'AQUILA,,01/INFO-01,INFO-01/A,INF/01,01/B1,INGEGNERIA E SCIENZE DELL'INFORMAZIONE E MATEMATICA,,,https://openalex.org/A5058307054,Luca Traini,0000-0003-3676-0645,5.0,3.0,30.0,90.0,University of L'Aquila
Ordinario,TRAMONTANA Emiliano Alessio,TRAMONTANA Emiliano Alessio,TRAMONTANA,Tramontana,Emiliano Alessio,M,CATANIA,,01/INFO-01,INFO-01/A,INF/01,01/B1,Matematica e Informatica,,,,,,,,,,
Associato,TRAMONTANA Porfirio,TRAMONTANA Porfirio,TRAMONTANA,Tramontana,Porfirio,M,Napoli Federico II,,01/INFO-01,INFO-01/A,INF/01,01/B1,Ingegneria Elettrica e delle Tecnologie dell'Informazione,,,https://openalex.org/A5042889388,Porfirio Tramontana,0000-0003-3264-185X,23.0,44.0,100.0,2582.0,University of Naples Federico II
Ricercatore,TRENTINI Andrea Mario,TRENTINI Andrea Mario,TRENTINI,Trentini,Andrea Mario,M,MILANO,,01/INFO-01,INFO-01/A,INF/01,01/B1,Informatica 'Giovanni Degli Antoni',,,,,,,,,,
Ordinario,TRIBASTONE Mirco,TRIBASTONE Mirco,TRIBASTONE,Tribastone,Mirco,M,Scuola IMT Alti Studi LUCCA,Altre Strutture,01/INFO-01,INFO-01/A,INF/01,01/B1,COMPUTER SCIENCE AND APPLICATIONS,,,https://openalex.org/A5037431084,Mirco Tribastone,0000-0002-6018-5989,28.0,63.0,201.0,2493.0,IMT School for Advanced Studies Lucca
Ricercatore a t.d. - t.pieno (art. 24 c.3-b L. 240/10),TRIPODI Rocco,TRIPODI Rocco,TRIPODI,Tripodi,Rocco,M,"""Ca' Foscari"" VENEZIA",,01/INFO-01,INFO-01/A,INF/01,01/B1,"SCIENZE AMBIENTALI, INFORMATICA E STATISTICA",,,https://openalex.org/A5013191092,Rocco Tripodi,0000-0003-2483-8564,12.0,12.0,162.0,368.0,University of Bologna
Associato,TROMBETTA Alberto,TROMBETTA Alberto,TROMBETTA,Trombetta,Alberto,M,INSUBRIA,,01/INFO-01,INFO-01/A,INF/01,01/B1,Scienze Teoriche e Applicate,,,https://openalex.org/A5001327918,Alberto Trombetta,0000-0002-2567-9297,18.0,29.0,102.0,2209.0,University of Insubria
Ordinario,TRONCI Enrico,TRONCI Enrico,TRONCI,Tronci,Enrico,M,"ROMA ""La Sapienza""",,01/INFO-01,INFO-01/A,INF/01,01/B1,Informatica,,,https://openalex.org/A5010524910,Enrico Tronci,0000-0002-0377-3119,23.0,59.0,163.0,1656.0,Sapienza University of Rome
Ricercatore a t.d. - t.pieno (art. 24 c.3-b L. 240/10),TROQUARD Nicolas,TROQUARD Nicolas,TROQUARD,Troquard,Nicolas,M,Gran Sasso Science Institute,,01/INFO-01,INFO-01/A,INF/01,01/B1,Non disponibile,,,https://openalex.org/A5011445220,Nicolas Troquard,0000-0002-5763-6080,15.0,22.0,96.0,976.0,Gran Sasso Science Institute
Ricercatore a t.d. - t.pieno (L. 79/2022),TROTTA Angelo,TROTTA Angelo,TROTTA,Trotta,Angelo,M,BOLOGNA,,01/INFO-01,INFO-01/A,INF/01,01/B1,INFORMATICA - SCIENZA E INGEGNERIA,,,https://openalex.org/A5020553985,Angelo Trotta,0000-0002-0552-2444,23.0,53.0,125.0,2022.0,University of Bologna
Associato,TRUBIANI Catia,TRUBIANI Catia,TRUBIANI,Trubiani,Catia,F,Gran Sasso Science Institute,,01/INFO-01,INFO-01/A,INF/01,01/B1,Area di Informatica,,,https://openalex.org/A5070308552,Catia Trubiani,0000-0002-7675-6942,18.0,37.0,132.0,1031.0,Gran Sasso Science Institute
Ricercatore,TRUCCO Gabriella,TRUCCO Gabriella,TRUCCO,Trucco,Gabriella,F,MILANO,,01/INFO-01,INFO-01/A,INF/01,01/B1,Informatica 'Giovanni Degli Antoni',,,https://openalex.org/A5047355764,Gabriella Trucco,0000-0002-5904-0969,11.0,12.0,66.0,465.0,University of Milan
Ordinario,TUCCI Maurizio,TUCCI Maurizio,TUCCI,Tucci,Maurizio,M,SALERNO,,01/INFO-01,INFO-01/A,INF/01,01/B1,Informatica,,,https://openalex.org/A5069802656,Maurizio Tucci,,17.0,30.0,91.0,937.0,University of Salerno
Ricercatore a t.d. - t.pieno (art. 24 c.3-a L. 240/10),TUCCI Michele,TUCCI Michele,TUCCI,Tucci,Michele,M,L'AQUILA,,01/INFO-01,INFO-01/A,INF/01,01/B1,INGEGNERIA E SCIENZE DELL'INFORMAZIONE E MATEMATICA,,,https://openalex.org/A5103170092,Michele Tucci,0000-0002-3933-3959,13.0,16.0,42.0,877.0,Fincons Group (Italy)
Ordinario,TUOSTO Emilio,TUOSTO Emilio,TUOSTO,Tuosto,Emilio,M,Gran Sasso Science Institute,,01/INFO-01,INFO-01/A,INF/01,01/B1,Area di Informatica,,,https://openalex.org/A5056498850,Emilio Tuosto,0000-0002-7032-3281,23.0,43.0,181.0,1928.0,Gran Sasso Science Institute
Ricercatore a t.d. - t.pieno (art. 24 c.3-a L. 240/10),TURCHI Tommaso,TURCHI Tommaso,TURCHI,Turchi,Tommaso,M,PISA,,01/INFO-01,INFO-01/A,INF/01,01/B1,INFORMATICA,,,https://openalex.org/A5020097732,Tommaso Turchi,0000-0001-6826-9688,9.0,9.0,46.0,282.0,University of Pisa
Ricercatore,URSINO Pietro,URSINO Pietro,URSINO,Ursino,Pietro,M,CATANIA,,01/INFO-01,INFO-01/A,INF/01,01/B1,Matematica e Informatica,,,https://openalex.org/A5058492032,Pietro Ursino,0000-0003-1477-2514,5.0,3.0,40.0,88.0,University of Catania
Ordinario,VACCARO Ugo,VACCARO Ugo,VACCARO,Vaccaro,Ugo,M,SALERNO,,01/INFO-01,INFO-01/A,INF/01,01/B1,Informatica,,,https://openalex.org/A5012067736,Ugo Vaccaro,0000-0003-4085-7300,38.0,88.0,186.0,5291.0,University of Salerno
Ricercatore,VALENTE Paolo,VALENTE Paolo,VALENTE,Valente,Paolo,M,MODENA e REGGIO EMILIA,,01/INFO-01,INFO-01/A,INF/01,01/B1,"Scienze fisiche, informatiche e matematiche",,,https://openalex.org/A5030678462,P. Valente,0000-0002-5413-0068,84.0,316.0,701.0,28787.0,"Istituto Nazionale di Fisica Nucleare, Sezione di Roma I"
Ordinario,VALENTINI Giorgio,VALENTINI Giorgio,VALENTINI,Valentini,Giorgio,M,MILANO,,01/INFO-01,INFO-01/A,INF/01,01/B1,Informatica 'Giovanni Degli Antoni',,,https://openalex.org/A5071444502,Giorgio Valentini,0000-0002-5694-3919,38.0,102.0,256.0,5655.0,University of Milan
Associato,VALTOLINA Stefano,VALTOLINA Stefano,VALTOLINA,Valtolina,Stefano,M,MILANO,,01/INFO-01,INFO-01/A,INF/01,01/B1,Informatica 'Giovanni Degli Antoni',,,https://openalex.org/A5101898581,Stefano Valtolina,0000-0003-1949-2992,15.0,27.0,96.0,1398.0,University of Milan
Associato,VANDIN Andrea,VANDIN Andrea,VANDIN,Vandin,Andrea,M,Scuola Superiore Sant'Anna,,01/INFO-01,INFO-01/A,INF/01,01/B1,Classe Accademica di Scienze Sociali,,,https://openalex.org/A5023123658,Andrea Vandin,0000-0002-2606-7241,22.0,37.0,136.0,1390.0,Scuola Superiore Sant'Anna
Associato confermato,VARDANEGA Tullio,VARDANEGA Tullio,VARDANEGA,Vardanega,Tullio,M,PADOVA,,01/INFO-01,INFO-01/A,INF/01,01/B1,"MATEMATICA ""TULLIO LEVI-CIVITA"" - DM",,,https://openalex.org/A5014873867,Tullio Vardanega,0000-0002-0089-0889,25.0,68.0,237.0,2709.0,University of Padua
Ricercatore a t.d. - t.pieno (art. 24 c.3-a L. 240/10),VARRIANO Giulia,VARRIANO Giulia,VARRIANO,Varriano,Giulia,F,MOLISE,,01/INFO-01,INFO-01/A,INF/01,01/B1,"DIPARTIMENTO DI MEDICINA E DI SCIENZE DELLA SALUTE ""VINCENZO TIBERIO""",,,https://openalex.org/A5069416406,Giulia Varriano,0000-0003-2489-6158,5.0,3.0,16.0,84.0,University of Molise
Ricercatore a t.d. - t.pieno (art. 24 c.3-a L. 240/10),VARRICCHIO Giovanna,VARRICCHIO Giovanna,VARRICCHIO,Varricchio,Giovanna,F,della CALABRIA,,01/INFO-01,INFO-01/A,INF/01,01/B1,MATEMATICA E INFORMATICA - DEMACS,,,https://openalex.org/A5052078773,Giovanna Varricchio,,2.0,2.0,3.0,89.0,University of Naples Federico II
Associato,VASCON Sebastiano,VASCON Sebastiano,VASCON,Vascon,Sebastiano,M,"""Ca' Foscari"" VENEZIA",,01/INFO-01,INFO-01/A,INF/01,01/B1,"Scienze Ambientali, Informatica e Statistica",,,https://openalex.org/A5055143299,Sebastiano Vascon,0000-0002-7855-1641,14.0,16.0,106.0,661.0,Ca' Foscari University of Venice
Associato,VELLA Flavio,VELLA Flavio,VELLA,Vella,Flavio,M,TRENTO,,01/INFO-01,INFO-01/A,INF/01,01/B1,Ingegneria e Scienza dell'Informazione,,,https://openalex.org/A5042274107,F Vella,,10.0,10.0,36.0,1087.0,University of Palermo
Ordinario,VENTURI Daniele,VENTURI Daniele,VENTURI,Venturi,Daniele,M,"ROMA ""La Sapienza""",,01/INFO-01,INFO-01/A,INF/01,01/B1,Informatica,,,https://openalex.org/A5028263902,Daniele Venturi,0000-0003-2379-8564,24.0,55.0,170.0,2893.0,Sapienza University of Rome
Associato,VENTURINI Rossano,VENTURINI Rossano,VENTURINI,Venturini,Rossano,M,PISA,,01/INFO-01,INFO-01/A,INF/01,01/B1,INFORMATICA,,,https://openalex.org/A5084138015,Rossano Venturini,0000-0002-9830-3936,21.0,39.0,136.0,1682.0,University of Pisa
Ordinario,VERCELLIS Carlo,VERCELLIS Carlo,VERCELLIS,Vercellis,Carlo,M,Politecnico di MILANO,,01/INFO-01,INFO-01/A,INF/01,01/B1,Ingegneria Gestionale,,,https://openalex.org/A5064621729,Carlo Vercellis,0000-0002-5020-3688,21.0,34.0,103.0,2371.0,Politecnico di Milano
Ricercatore a t.d. - t.pieno (art. 24 c.3-a L. 240/10),VERDE Laura,VERDE Laura,VERDE,Verde,Laura,F,"CAMPANIA - ""L. VANVITELLI""",,01/INFO-01,INFO-01/A,INF/01,01/B1,MATEMATICA E FISICA (DMF),,,https://openalex.org/A5004681303,Laura Verde,0000-0003-2422-1732,14.0,18.0,61.0,669.0,"University of Campania ""Luigi Vanvitelli"""
Associato,VERNERO Fabiana,VERNERO Fabiana,VERNERO,Vernero,Fabiana,F,TORINO,,01/INFO-01,INFO-01/A,INF/01,01/B1,Informatica,,,https://openalex.org/A5007356450,Fabiana Vernero,0000-0002-8093-5943,15.0,17.0,81.0,612.0,University of Turin
Ordinario,VERRI Alessandro,VERRI Alessandro,VERRI,Verri,Alessandro,M,GENOVA,,01/INFO-01,INFO-01/A,INF/01,01/B1,"Informatica, bioingegneria,robotica e ingegneria dei sistemi (DIBRIS)",,,https://openalex.org/A5036620304,Alessandro Verri,0000-0001-9777-9986,41.0,101.0,233.0,10494.0,University of Genoa
Associato confermato,VERRI Maria Cecilia,VERRI Maria Cecilia,VERRI,Verri,Maria Cecilia,F,FIRENZE,,01/INFO-01,INFO-01/A,INF/01,01/B1,"Statistica, Informatica e Applicazioni 'G.Parenti' (DISIA)",,,https://openalex.org/A5024245553,M. Cecilia Verri,0000-0003-0444-0778,14.0,20.0,47.0,891.0,University of Florence
Ricercatore a t.d. - t.pieno (art. 24 c.3-a L. 240/10),VERZOTTO Davide,VERZOTTO Davide,VERZOTTO,Verzotto,Davide,M,CASD - Scuola Superiore,,01/INFO-01,INFO-01/A,INF/01,01/B1,ISTITUTO DI RICERCA E ANALISI DELLA DIFESA,,,https://openalex.org/A5063269847,Davide Verzotto,0000-0001-5152-4662,7.0,7.0,20.0,251.0,University of Pisa
Ordinario,VIGNA Sebastiano,VIGNA Sebastiano,VIGNA,Vigna,Sebastiano,M,MILANO,,01/INFO-01,INFO-01/A,INF/01,01/B1,Informatica 'Giovanni Degli Antoni',,,https://openalex.org/A5027824085,Sebastiano Vigna,0000-0002-3257-651X,40.0,85.0,231.0,19096.0,University of Milan
Associato,VILLANI Marco,VILLANI Marco,VILLANI,Villani,Marco,M,MODENA e REGGIO EMILIA,,01/INFO-01,INFO-01/A,INF/01,01/B1,"Scienze fisiche, informatiche e matematiche",,,https://openalex.org/A5007379202,Marco Villani,0000-0002-5991-5470,26.0,58.0,238.0,2926.0,European Centre for Living Technology
Ordinario,VILLARI Massimo,VILLARI Massimo,VILLARI,Villari,Massimo,M,MESSINA,,01/INFO-01,INFO-01/A,INF/01,01/B1,"Scienze Matematiche ed Informatiche, Scienze Fisiche e Scienze della Terra",,,https://openalex.org/A5040374733,Massimo Villari,0000-0001-9457-0677,39.0,138.0,396.0,6182.0,University of Messina
Ricercatore a t.d. - t.pieno (art. 24 c.3-b L. 240/10),VINCI Cosimo,VINCI Cosimo,VINCI,Vinci,Cosimo,M,SALENTO,,01/INFO-01,INFO-01/A,INF/01,01/B1,MATEMATICA E FISICA ENNIO DE GIORGI,,,https://openalex.org/A5030860500,Cosimo Vinci,0000-0001-7741-9342,11.0,12.0,56.0,649.0,University of Salento
Ricercatore a t.d. - t.pieno (art. 24 c.3-a L. 240/10),VINCIGUERRA Giorgio,VINCIGUERRA Giorgio,VINCIGUERRA,Vinciguerra,Giorgio,M,PISA,,01/INFO-01,INFO-01/A,INF/01,01/B1,INFORMATICA,,,https://openalex.org/A5063461652,Giorgio Vinciguerra,0000-0003-0328-7791,7.0,5.0,23.0,317.0,University of Pisa
Ricercatore a t.d. - t.pieno (art. 24 c.3-a L. 240/10),VIOLA Caterina,VIOLA Caterina,VIOLA,Viola,Caterina,F,CATANIA,,01/INFO-01,INFO-01/A,INF/01,01/B1,MATEMATICA E INFORMATICA,,,https://openalex.org/A5008940410,Caterina Viola,0000-0002-7312-5002,2.0,1.0,20.0,27.0,University of Catania
Associato,VISCONTI Andrea,VISCONTI Andrea,VISCONTI,Visconti,Andrea,M,MILANO,,01/INFO-01,INFO-01/A,INF/01,01/B1,Informatica 'Giovanni Degli Antoni',,,https://openalex.org/A5020033482,Andrea Visconti,0000-0001-5689-8575,22.0,42.0,138.0,1991.0,University of Milan
Ordinario,VISCONTI Ivan,VISCONTI Ivan,VISCONTI,Visconti,Ivan,M,"ROMA ""La Sapienza""",,01/INFO-01,INFO-01/A,INF/01,01/B1,"Ingegneria Informatica, Automatica e Gestionale “Antonio Ruberti“",,,https://openalex.org/A5011010448,Ivan Visconti,0000-0003-2381-5846,27.0,60.0,153.0,2509.0,Sapienza University of Rome
Ricercatore,VITACOLONNA Nicola,VITACOLONNA Nicola,VITACOLONNA,Vitacolonna,Nicola,M,UDINE,,01/INFO-01,INFO-01/A,INF/01,01/B1,"Scienze Matematiche, Informatiche e Fisiche",,,https://openalex.org/A5036727014,Nicola Vitacolonna,0000-0002-7505-5124,8.0,7.0,22.0,357.0,University of Udine
Ordinario,VITALI Fabio,VITALI Fabio,VITALI,Vitali,Fabio,M,BOLOGNA,,01/INFO-01,INFO-01/A,INF/01,01/B1,Informatica - Scienza e Ingegneria,,,https://openalex.org/A5029129300,Fabio Vitali,0000-0002-7562-5203,27.0,95.0,304.0,3224.0,University of Bologna
Associato,VITIELLO Autilia,VITIELLO Autilia,VITIELLO,Vitiello,Autilia,F,Napoli Federico II,,01/INFO-01,INFO-01/A,INF/01,01/B1,"Fisica ""Ettore Pancini""",,,https://openalex.org/A5082199687,Autilia Vitiello,0000-0001-5562-9226,19.0,34.0,122.0,1181.0,University of Naples Federico II
Ordinario,VITIELLO Giuliana,VITIELLO Giuliana,VITIELLO,Vitiello,Giuliana,F,SALERNO,,01/INFO-01,INFO-01/A,INF/01,01/B1,Informatica,,,https://openalex.org/A5062389131,Giuliana Vitiello,0000-0001-7130-996X,21.0,57.0,246.0,1708.0,University of Salerno
Ricercatore,VITTORINI Pierpaolo,VITTORINI Pierpaolo,VITTORINI,Vittorini,Pierpaolo,M,L'AQUILA,,01/INFO-01,INFO-01/A,INF/01,01/B1,"Medicina clinica, sanità pubblica, scienze della vita e dell'ambiente",,,https://openalex.org/A5091618398,Pierpaolo Vittorini,0000-0002-6975-8958,15.0,29.0,121.0,810.0,University of L'Aquila
Associato,VIVIANI Marco,VIVIANI Marco,VIVIANI,Viviani,Marco,M,MILANO-BICOCCA,,01/INFO-01,INFO-01/A,INF/01,01/B1,"INFORMATICA, SISTEMISTICA E COMUNICAZIONE",,,https://openalex.org/A5074645479,Marco Viviani,0000-0002-2274-9050,25.0,41.0,147.0,2181.0,University of Milano-Bicocca
Ordinario,VIZZARI Giuseppe,VIZZARI Giuseppe,VIZZARI,Vizzari,Giuseppe,M,MILANO-BICOCCA,,01/INFO-01,INFO-01/A,INF/01,01/B1,"INFORMATICA, SISTEMISTICA E COMUNICAZIONE",,,https://openalex.org/A5029626385,Giuseppe Vizzari,0000-0002-7916-6438,28.0,78.0,281.0,2861.0,University of Milano-Bicocca
Associato confermato,VOCCA Paola,VOCCA Paola,VOCCA,Vocca,Paola,F,"ROMA ""Tor Vergata""",,01/INFO-01,INFO-01/A,INF/01,01/B1,"Ingegneria dell'Impresa ""Mario Lucertini""",,,https://openalex.org/A5039580089,Paola Vocca,0000-0002-8018-0309,11.0,11.0,41.0,444.0,University of Rome Tor Vergata
Associato,WANG Xiaofeng,WANG Xiaofeng,WANG,Wang,Xiaofeng,F,Libera Università di BOLZANO,Ingegneria,01/INFO-01,INFO-01/A,INF/01,01/B1,FACOLTA' DI INGEGNERIA,,,https://openalex.org/A5100333252,Xiaofeng Wang,0000-0002-8388-7019,56.0,206.0,401.0,10254.0,Jilin University
Ricercatore a t.d. - t.pieno (L. 79/2022),WINKLER Sarah Maria,WINKLER Sarah Maria,WINKLER,Winkler,Sarah Maria,F,Libera Università di BOLZANO,Ingegneria,01/INFO-01,INFO-01/A,INF/01,01/B1,Non disponibile,,omonimia,,,,,,,,
Ricercatore a t.d. - t.pieno (art. 24 c.3-a L. 240/10),WINKLER Sarah Maria,WINKLER Sarah Maria,WINKLER,Winkler,Sarah Maria,F,Libera Università di BOLZANO,Ingegneria,01/INFO-01,INFO-01/A,INF/01,01/B1,Non disponibile,,omonimia,,,,,,,,
Ordinario,WOLLAN Paul Joseph,WOLLAN Paul Joseph,WOLLAN,Wollan,Paul Joseph,M,"ROMA ""La Sapienza""",,01/INFO-01,INFO-01/A,INF/01,01/B1,Informatica,,,,,,,,,,
Associato,ZACCAGNINO Rocco,ZACCAGNINO Rocco,ZACCAGNINO,Zaccagnino,Rocco,M,SALERNO,,01/INFO-01,INFO-01/A,INF/01,01/B1,Informatica,,,https://openalex.org/A5009847199,Rocco Zaccagnino,0000-0002-9089-5957,19.0,29.0,97.0,850.0,University of Salerno
Associato confermato,ZAFFANELLA Enea,ZAFFANELLA Enea,ZAFFANELLA,Zaffanella,Enea,M,PARMA,,01/INFO-01,INFO-01/A,INF/01,01/B1,"Scienze Matematiche, Fisiche e Informatiche",,,https://openalex.org/A5065794938,Enea Zaffanella,0000-0001-6388-2053,21.0,33.0,85.0,1689.0,University of Parma
Ricercatore,ZANABONI Anna Maria,ZANABONI Anna Maria,ZANABONI,Zanaboni,Anna Maria,F,MILANO,,01/INFO-01,INFO-01/A,INF/01,01/B1,Informatica 'Giovanni Degli Antoni',,,https://openalex.org/A5017577905,Anna Maria Zanaboni,0000-0003-0362-5527,22.0,39.0,121.0,1628.0,University of Pavia
Ordinario,ZANCANARO Massimo,ZANCANARO Massimo,ZANCANARO,Zancanaro,Massimo,M,TRENTO,,01/INFO-01,INFO-01/A,INF/01,01/B1,Psicologia e Scienze Cognitive,,,https://openalex.org/A5007138994,Massimo Zancanaro,0000-0002-1554-5703,38.0,95.0,256.0,4724.0,Fondazione Bruno Kessler
Associato confermato,ZANDRON Claudio,ZANDRON Claudio,ZANDRON,Zandron,Claudio,M,MILANO-BICOCCA,,01/INFO-01,INFO-01/A,INF/01,01/B1,"INFORMATICA, SISTEMISTICA E COMUNICAZIONE",,,https://openalex.org/A5063683092,Claudio Zandron,0000-0002-2163-7639,24.0,58.0,170.0,1799.0,University of Milano-Bicocca
Ordinario,ZANKER Markus,ZANKER Markus,ZANKER,Zanker,Markus,M,Libera Università di BOLZANO,Ingegneria,01/INFO-01,INFO-01/A,INF/01,01/B1,FACOLTA' DI INGEGNERIA,,,https://openalex.org/A5039093142,Markus Zanker,0000-0002-4805-5516,34.0,89.0,287.0,6497.0,University of Klagenfurt
Ordinario,ZAVATTARO Gianluigi,ZAVATTARO Gianluigi,ZAVATTARO,Zavattaro,Gianluigi,M,BOLOGNA,,01/INFO-01,INFO-01/A,INF/01,01/B1,Informatica - Scienza e Ingegneria,,,https://openalex.org/A5058853876,Gianluigi Zavattaro,0000-0003-3313-6409,23.0,61.0,159.0,1809.0,University of Bologna
Ricercatore a t.d. - t.pieno (art. 24 c.3-a L. 240/10),ZAVATTERI Matteo,ZAVATTERI Matteo,ZAVATTERI,Zavatteri,Matteo,M,PADOVA,,01/INFO-01,INFO-01/A,INF/01,01/B1,"MATEMATICA ""TULLIO LEVI-CIVITA"" - DM",,,https://openalex.org/A5087621059,Matteo Zavatteri,0000-0001-6696-2972,8.0,8.0,37.0,209.0,University of Padua
Ricercatore a t.d. - t.pieno (art. 24 c.3-a L. 240/10),ZAZA Gianluca,ZAZA Gianluca,ZAZA,Zaza,Gianluca,M,BARI,,01/INFO-01,INFO-01/A,INF/01,01/B1,INFORMATICA,,,https://openalex.org/A5005007355,Gianluca Zaza,0000-0003-3272-9739,7.0,7.0,24.0,230.0,University of Bari Aldo Moro
Associato,ZESE Riccardo,ZESE Riccardo,ZESE,Zese,Riccardo,M,FERRARA,,01/INFO-01,INFO-01/A,INF/01,01/B1,"Scienze chimiche, farmaceutiche ed agrarie",,,https://openalex.org/A5013157998,Riccardo Zese,0000-0001-8352-6304,14.0,23.0,89.0,640.0,University of Ferrara
Associato,ZIGNANI Matteo,ZIGNANI Matteo,ZIGNANI,Zignani,Matteo,M,MILANO,,01/INFO-01,INFO-01/A,INF/01,01/B1,Informatica 'Giovanni Degli Antoni',,,https://openalex.org/A5035471624,Matteo Zignani,0000-0002-4808-4106,16.0,27.0,97.0,815.0,University of Milan
Ricercatore a t.d. - t.pieno (art. 24 c.3-a L. 240/10),ZINGARO Stefano Pio,ZINGARO Stefano Pio,ZINGARO,Zingaro,Stefano Pio,M,BOLOGNA,,01/INFO-01,INFO-01/A,INF/01,01/B1,INFORMATICA - SCIENZA E INGEGNERIA,,,https://openalex.org/A5088115591,Stefano Pio Zingaro,0000-0002-8462-5651,5.0,2.0,20.0,157.0,University of Bologna
Ricercatore a t.d. - t.pieno (art. 24 c.3-a L. 240/10),ZINI Floriano Luca,ZINI Floriano Luca,ZINI,Zini,Floriano Luca,M,Libera Università di BOLZANO,Ingegneria,01/INFO-01,INFO-01/A,INF/01,01/B1,Non disponibile,,,https://openalex.org/A5027712364,Floriano Zini,0000-0003-1412-2589,15.0,22.0,67.0,1521.0,Free University of Bozen-Bolzano
Ricercatore a t.d. - t.pieno (art. 24 c.3-a L. 240/10),ZINI Simone,ZINI Simone,ZINI,Zini,Simone,M,MILANO-BICOCCA,,01/INFO-01,INFO-01/A,INF/01,01/B1,"INFORMATICA, SISTEMISTICA E COMUNICAZIONE",,,https://openalex.org/A5006567602,Simone Zini,0000-0002-8505-1581,6.0,6.0,22.0,214.0,University of Milano-Bicocca
Associato,ZIZZA Rosalba,ZIZZA Rosalba,ZIZZA,Zizza,Rosalba,F,SALERNO,,01/INFO-01,INFO-01/A,INF/01,01/B1,Informatica,,,https://openalex.org/A5085208855,Rosalba Zizza,0000-0001-9144-3074,11.0,14.0,43.0,315.0,University of Salerno
Associato,ZOLLO Fabiana,ZOLLO Fabiana,ZOLLO,Zollo,Fabiana,F,"""Ca' Foscari"" VENEZIA",,01/INFO-01,INFO-01/A,INF/01,01/B1,"Scienze Ambientali, Informatica e Statistica",,,https://openalex.org/A5038940357,Fabiana Zollo,0000-0002-0833-5388,27.0,38.0,110.0,8297.0,Ca' Foscari University of Venice
Ricercatore a t.d. - t.pieno (art. 24 c.3-b L. 240/10),ZOPPI Tommaso,ZOPPI Tommaso,ZOPPI,Zoppi,Tommaso,M,FIRENZE,,01/INFO-01,INFO-01/A,INF/01,01/B1,MATEMATICA E INFORMATICA “ULISSE DINI”(DIMAI),,,https://openalex.org/A5027443752,Tommaso Zoppi,0000-0001-9820-6047,13.0,17.0,69.0,520.0,University of Florence
Associato,ZOPPIS Italo Francesco Luigi,ZOPPIS Italo Francesco Luigi,ZOPPIS,Zoppis,Italo Francesco Luigi,M,MILANO-BICOCCA,,01/INFO-01,INFO-01/A,INF/01,01/B1,"INFORMATICA, SISTEMISTICA E COMUNICAZIONE",,,,,,,,,,
Associato confermato,ZUCCA Elena,ZUCCA Elena,ZUCCA,Zucca,Elena,F,GENOVA,,01/INFO-01,INFO-01/A,INF/01,01/B1,"Informatica, bioingegneria,robotica e ingegneria dei sistemi (DIBRIS)",,,https://openalex.org/A5028548201,E. Zucca,0000-0002-5845-8132,86.0,285.0,592.0,31200.0,Osservatorio di Astrofisica e Scienza dello Spazio
Associato,ZULIANI Paolo,ZULIANI Paolo,ZULIANI,Zuliani,Paolo,M,"ROMA ""La Sapienza""",,01/INFO-01,INFO-01/A,INF/01,01/B1,Informatica,,,https://openalex.org/A5054022139,Paolo Zuliani,0000-0001-6033-5919,24.0,51.0,132.0,2679.0,Sapienza University of Rome
Associato,ZUNINO Roberto,ZUNINO Roberto,ZUNINO,Zunino,Roberto,M,TRENTO,,01/INFO-01,INFO-01/A,INF/01,01/B1,Matematica,,,https://openalex.org/A5003560156,Roberto Zunino,0000-0002-9630-429X,20.0,37.0,112.0,1149.0,University of Trento
